Frame,WallSeconds,DeltaMs,CpuInputAndUiMs,CpuCelestialTickMs,CpuEditorAndPanelsMs,CpuSimulationAndInterfaceMs,CpuScenePushMs,CpuRecordAndPresentMs,CpuFrameCapWaitMs,GpuValid,GpuCullMs,GpuRasterMs,GpuHiZMs,GpuResolveMs,GpuKernelMs,GpuShadowMs,GpuRestirMs,GpuPostMs,GpuSkyMs,GpuVolumeMs,ClusterTotal,ClustersVisible,TrianglesDrawn,Fps,ResidentMiB
0,7.5090,0.0582,12.9978,0.0245,47.9002,0.1340,0.0446,16.6462,0.0040,0,0.0000,0.0000,0.0000,0.0000,0.0000,0.0000,0.0000,0.0000,0.0000,0.0000,0,0,0,17182.13,0.0
1,7.5869,77.8913,0.7480,0.0163,2.7512,0.0610,0.0310,278.7449,0.0017,0,0.0000,0.0000,0.0000,0.0000,0.0000,0.0000,0.0000,0.0000,0.0000,0.0000,0,0,0,25.66,431.2
2,7.8692,100.0000,1.1660,0.0199,3.8530,0.0475,0.0161,4.2668,0.0012,1,0.0895,11.4862,1.1837,2.8926,210.9666,0.0000,210.9666,5.8082,0.0000,0.0000,791,717,85224,16.86,431.2
3,7.8786,9.3769,0.1840,0.0136,10.2994,0.0679,0.0218,121.9832,0.0015,1,0.0534,3.7480,0.0957,1.0783,127.3749,0.0000,127.3749,4.5337,0.0000,0.0000,791,717,85224,21.35,431.2
4,8.0112,100.0000,0.0414,0.0102,1.3906,0.0476,0.0149,145.6557,0.0011,1,0.0469,3.0063,0.0840,0.8929,135.5574,0.0000,135.5574,4.2491,0.0000,0.0000,791,717,85224,17.40,431.2
5,8.1584,100.0000,0.3227,0.0124,2.4576,0.0555,0.0183,286.4567,0.0013,1,0.0639,4.1696,0.0840,0.8473,138.0113,0.0000,138.0113,4.0959,0.0000,0.0000,791,717,85224,15.49,431.2
6,8.4477,100.0000,0.1251,0.0173,8.9075,0.0751,0.0241,5.1380,0.0014,1,0.0463,3.6908,0.0840,1.1713,136.9869,0.0000,136.9869,4.1062,0.0000,0.0000,791,717,85224,14.36,431.2
7,8.4620,14.2941,0.1994,0.0143,1.6465,0.0495,0.0159,183.4978,0.0015,1,0.0477,3.7055,0.0840,0.9441,139.3475,0.0000,139.3475,4.0863,0.0000,0.0000,791,717,85224,15.95,431.2
8,8.6474,100.0000,0.0591,0.0168,10.6689,0.1037,0.0252,238.2335,0.0020,1,0.0455,3.4293,0.0836,0.7803,137.9916,0.0000,137.9916,4.5471,0.0000,0.0000,791,717,85224,14.96,442.9
9,8.8965,100.0000,0.1883,0.0169,2.7126,0.0538,0.0171,11.8502,0.0013,1,0.0475,3.4094,0.0823,0.8419,139.0043,0.0000,139.0043,4.4011,0.0000,0.0000,791,717,85224,14.25,442.9
10,8.9114,14.8473,0.2176,0.0146,2.3305,0.0583,0.0174,164.9281,0.0012,1,0.0532,3.1733,0.0840,1.0826,137.6737,0.0000,137.6737,4.3868,0.0000,0.0000,791,717,85224,15.35,442.9
11,9.0789,100.0000,0.5231,0.0134,2.6562,0.0808,0.0240,184.0879,0.0012,1,0.0543,3.3035,0.0819,0.7917,141.7474,0.0000,141.7474,4.7081,0.0000,0.0000,791,717,85224,14.70,442.9
12,9.2663,100.0000,1.0915,0.0169,47.2206,0.0710,0.0283,211.7874,0.0019,1,0.0452,3.1475,0.0820,0.8112,137.2410,0.0000,137.2410,4.0272,0.0000,0.0000,791,717,85224,14.18,442.9
13,9.5266,100.0000,2.4429,0.0221,36.9880,0.0767,0.0256,156.7820,0.0015,1,0.0477,4.0126,0.0838,0.8004,138.3225,0.0000,138.3225,4.3784,0.0000,0.0000,791,717,85224,13.77,442.9
14,9.7229,100.0000,0.0625,0.0141,6.8453,0.0793,0.0250,9.4382,0.0013,1,0.0426,3.0705,0.0836,0.7568,130.4278,0.0000,130.4278,4.0117,0.0000,0.0000,791,717,85224,13.44,450.1
15,9.7394,16.4727,0.0556,0.0140,5.5719,0.0731,0.0249,252.7912,0.0016,1,0.0435,3.0516,0.0823,0.7692,131.2230,0.0000,131.2230,3.9927,0.0000,0.0000,791,717,85224,14.12,450.1
16,9.9979,100.0000,0.7014,0.0189,3.0567,0.0805,0.0269,7.4781,0.0018,1,0.0412,2.9708,0.0823,0.7434,135.4318,0.0000,135.4318,4.2884,0.0000,0.0000,791,717,85224,13.79,450.1
17,10.0093,11.3720,0.0551,0.0167,2.6467,0.0704,0.0226,138.1642,0.0015,1,0.0442,3.1272,0.0840,0.7695,133.2862,0.0000,133.2862,4.1167,0.0000,0.0000,791,717,85224,14.47,450.1
18,10.1503,100.0000,0.4537,0.0138,3.0301,0.8414,0.0417,171.7248,0.0015,1,0.0452,3.9116,0.0836,0.9460,135.5975,0.0000,135.5975,3.9654,0.0000,0.0000,791,717,85224,14.13,450.1
19,10.3264,100.0000,0.0473,0.0132,2.5219,0.0667,0.0202,118.1773,0.0011,1,0.0492,3.1943,0.0820,1.0935,138.3254,0.0000,138.3254,3.9800,0.0000,0.0000,791,717,85224,13.85,450.1
20,10.4472,100.0000,0.4703,0.0137,5.9760,0.0646,0.0207,188.4235,0.0013,1,0.0452,3.0811,0.0830,0.8587,134.2508,0.0000,134.2508,4.2843,0.0000,0.0000,791,717,85224,13.60,450.1
21,10.6422,100.0000,0.2876,0.0149,3.3546,0.0805,0.0244,98.1072,0.0014,1,0.0438,3.1577,0.0819,0.7559,131.9033,0.0000,131.9033,3.9601,0.0000,0.0000,791,717,85224,13.38,455.9
22,10.7441,100.0000,0.1014,0.0136,9.7142,0.0713,0.0226,262.4249,0.0019,1,0.0420,3.2085,0.0833,0.8206,134.5689,0.0000,134.5689,4.1224,0.0000,0.0000,791,717,85224,13.19,455.9
23,11.0165,100.0000,0.2448,0.0203,3.7724,0.0765,0.0240,11.4330,0.0014,1,0.0433,3.5145,0.0820,0.9220,133.0799,0.0000,133.0799,3.9333,0.0000,0.0000,791,717,85224,13.01,455.9
24,11.0320,15.5788,0.2245,0.0143,2.8503,0.1661,0.0254,131.8805,0.0012,1,0.0444,3.1874,0.0839,0.7967,133.3260,0.0000,133.3260,3.9366,0.0000,0.0000,791,717,85224,13.44,455.9
25,11.1672,100.0000,0.0609,0.0132,3.2652,0.0703,0.0255,136.9616,0.0015,1,0.0439,3.0993,0.0828,0.7786,133.1835,0.0000,133.1835,3.9321,0.0000,0.0000,791,717,85224,13.27,455.9
26,11.3076,100.0000,0.0589,0.0154,3.6711,0.0747,0.0248,139.3785,0.0012,1,0.0442,3.2811,0.0821,0.8161,134.5262,0.0000,134.5262,4.1725,0.0000,0.0000,791,717,85224,13.11,455.9
27,11.4508,100.0000,0.1577,0.0147,2.5320,0.0685,0.0200,137.9961,0.0011,1,0.0463,3.1933,0.0837,0.8427,133.1095,0.0000,133.1095,3.9180,0.0000,0.0000,791,717,85224,12.96,471.9
28,11.5916,100.0000,0.0513,0.0141,2.6434,0.0699,0.0210,140.9247,0.0012,1,0.0464,3.2973,0.0819,0.8659,133.3216,0.0000,133.3216,4.1531,0.0000,0.0000,791,717,85224,12.83,471.9
29,11.7354,100.0000,0.0509,0.0135,2.0889,0.0618,0.0194,281.6965,0.0021,1,0.0468,3.2559,0.0820,0.9011,132.4487,0.0000,132.4487,3.9104,0.0000,0.0000,791,717,85224,12.71,471.9
30,12.0193,100.0000,0.2704,0.0190,4.6632,0.0754,0.0232,7.8281,0.0010,1,0.0486,3.5340,0.0821,0.8899,134.1580,0.0000,134.1580,4.2429,0.0000,0.0000,791,717,85224,12.60,471.9
31,12.0322,12.8871,0.9064,0.0147,4.1280,0.0993,0.0474,133.4207,0.0013,1,0.0451,3.2305,0.0819,0.8693,136.2164,0.0000,136.2164,4.0797,0.0000,0.0000,791,717,85224,12.94,471.9
32,12.1708,100.0000,0.6867,0.0146,4.8231,0.0862,0.0265,136.4028,0.0015,1,0.0452,3.3744,0.0824,0.7970,133.6593,0.0000,133.6593,3.8950,0.0000,0.0000,791,717,85224,12.83,471.9
33,12.3129,100.0000,0.0719,0.0174,4.7880,0.0649,0.0205,135.0815,0.0011,1,0.0441,3.0745,0.0821,0.8128,132.2110,0.0000,132.2110,4.4160,0.0000,0.0000,791,717,85224,12.72,487.3
34,12.4529,100.0000,0.0496,0.0129,2.3484,0.0706,0.0213,312.1754,0.0013,1,0.0431,3.2069,0.0838,0.8730,133.5521,0.0000,133.5521,3.8790,0.0000,0.0000,791,717,85224,12.62,487.3
35,12.7676,100.0000,0.1217,0.0144,20.2612,0.0878,0.0298,6.2531,0.0015,1,0.0411,3.1564,0.0833,0.8410,137.3299,0.0000,137.3299,4.1650,0.0000,0.0000,791,717,85224,12.53,487.3
36,12.7944,26.7758,0.0631,0.0153,7.1715,0.0729,0.0236,110.3084,0.0012,1,0.0455,3.5696,0.0826,1.1735,132.3062,0.0000,132.3062,4.4817,0.0000,0.0000,791,717,85224,12.76,487.3
37,12.9120,100.0000,0.0579,0.0146,3.2478,0.0707,0.0236,151.0840,0.0010,1,0.0460,3.1277,0.0820,0.8898,132.1904,0.0000,132.1904,3.8658,0.0000,0.0000,791,717,85224,12.67,487.3
38,13.0665,100.0000,0.7371,0.0137,3.5129,0.1022,0.0370,127.9300,0.0014,1,0.0529,4.1976,0.0819,0.8671,136.4910,0.0000,136.4910,3.8556,0.0000,0.0000,791,717,85224,12.58,487.3
39,13.1989,100.0000,0.0704,0.0134,2.9212,0.1113,0.0310,277.9020,0.0027,1,0.0498,4.0361,0.0831,1.2233,132.2125,0.0000,132.2125,4.2683,0.0000,0.0000,791,717,85224,12.50,516.6
40,13.4800,100.0000,0.0760,0.0219,2.9320,0.1008,0.0305,4.9865,0.0011,1,0.0432,3.0178,0.0828,0.7382,131.3813,0.0000,131.3813,3.8522,0.0000,0.0000,791,717,85224,12.43,516.6
41,13.4881,8.1546,0.0562,0.0139,2.3457,0.0691,0.0217,147.7193,0.0015,1,0.0499,3.5416,0.0832,1.0396,130.7286,0.0000,130.7286,4.0204,0.0000,0.0000,791,717,85224,12.70,516.6
42,13.6384,100.0000,4.6877,0.0175,4.8912,0.0822,0.0237,267.8186,0.0021,1,0.0442,3.1183,0.0829,0.8344,131.5844,0.0000,131.5844,3.8580,0.0000,0.0000,791,717,85224,12.62,516.6
43,13.9159,100.0000,0.0773,0.0209,9.3117,0.0788,0.0226,190.6013,0.0017,1,0.0428,2.9995,0.0926,0.7819,132.8979,0.0000,132.8979,3.9765,0.0000,0.0000,791,717,85224,12.54,516.6
44,14.1160,100.0000,3.4179,0.0214,12.3226,0.0676,0.0210,10.8201,0.0012,1,0.0436,3.3994,0.0797,0.9298,135.3825,0.0000,135.3825,3.8398,0.0000,0.0000,791,717,85224,12.47,516.6
45,14.1427,26.6787,0.0485,0.0155,2.9150,0.0661,0.0214,171.7861,0.0014,1,0.0407,3.3372,0.0833,1.0671,134.6943,0.0000,134.6943,3.8334,0.0000,0.0000,791,717,85224,12.66,516.6
46,14.3175,100.0000,0.0658,0.0149,4.5927,0.0664,0.0208,127.9932,0.0014,1,0.0425,3.0269,0.0820,0.8008,133.1341,0.0000,133.1341,3.8292,0.0000,0.0000,791,717,85224,12.59,535.7
47,14.4503,100.0000,0.0692,0.0149,3.9225,0.1219,0.0566,104.1035,0.0013,1,0.0436,3.3524,0.0825,1.1504,134.1177,0.0000,134.1177,3.8151,0.0000,0.0000,791,717,85224,12.52,535.7
48,14.5586,100.0000,0.0555,0.0141,3.0131,0.0777,0.0241,149.8470,0.0014,1,0.0436,3.0995,0.0811,0.7823,133.6911,0.0000,133.6911,3.8153,0.0000,0.0000,791,717,85224,12.45,535.7
49,14.7116,100.0000,0.0589,0.0149,3.0006,0.0718,0.0228,152.3607,0.0019,1,0.0441,3.7839,0.0840,0.7687,134.0802,0.0000,134.0802,3.8095,0.0000,0.0000,791,717,85224,12.39,535.7
50,14.8672,100.0000,0.0623,0.0182,4.1112,0.0827,0.0255,140.8682,0.0014,1,0.0445,3.0279,0.0817,0.7701,134.2778,0.0000,134.2778,3.8069,0.0000,0.0000,791,717,85224,12.34,535.7
51,15.0124,100.0000,0.0615,0.0145,2.5299,0.0704,0.0234,122.4330,0.0014,1,0.0425,3.9428,0.0819,0.7700,134.9344,0.0000,134.9344,3.7991,0.0000,0.0000,791,717,85224,12.28,535.7
52,15.1375,100.0000,0.2021,0.0139,2.9079,0.0799,0.2244,139.4900,0.0012,1,0.0455,3.1638,0.0823,0.8684,133.7418,0.0000,133.7418,4.3989,0.0000,0.0000,791,717,85224,12.23,535.7
53,15.2804,100.0000,0.0563,0.0135,2.7528,0.0807,0.0223,140.7268,0.0018,1,0.0423,3.0758,0.0822,0.7871,136.0098,0.0000,136.0098,3.7949,0.0000,0.0000,791,717,85224,12.18,535.7
54,15.4241,100.0000,0.2885,0.0150,3.6278,0.0663,0.0216,125.1753,0.0015,1,0.0443,3.4739,0.0820,1.2036,131.9080,0.0000,131.9080,4.3231,0.0000,0.0000,791,717,85224,12.13,535.7
55,15.5533,100.0000,0.0676,0.0168,10.7064,0.0946,0.0273,139.1617,0.0012,1,0.0425,3.0930,0.0820,0.9804,135.4024,0.0000,135.4024,3.8086,0.0000,0.0000,791,717,85224,12.08,535.7
56,15.7034,100.0000,0.0640,0.0146,2.7919,0.0733,0.0231,133.4595,0.0050,1,0.0451,3.9238,0.0828,0.8623,133.2876,0.0000,133.2876,3.8008,0.0000,0.0000,791,717,85224,12.04,527.0
57,15.8398,100.0000,0.0601,0.0142,7.7765,0.0757,0.0229,136.0018,0.0012,1,0.0437,3.3550,0.0822,0.8209,134.9227,0.0000,134.9227,4.0564,0.0000,0.0000,791,717,85224,12.00,527.0
58,15.9838,100.0000,0.0653,0.4565,2.4801,0.0764,0.0215,143.9888,0.0014,1,0.0455,3.3123,0.0823,0.7860,133.7885,0.0000,133.7885,3.7744,0.0000,0.0000,791,717,85224,11.96,527.0
59,16.1309,100.0000,0.2594,0.0156,3.1018,0.0881,0.0295,163.5128,0.0014,1,0.0430,3.0125,0.0820,0.7605,135.6611,0.0000,135.6611,4.2982,0.0000,0.0000,791,717,85224,11.92,527.0
60,16.8762,100.0000,0.0804,0.0148,6.0386,0.0794,0.0255,5.4900,0.0015,1,0.0417,3.0097,0.0821,0.7999,135.6402,0.0000,135.6402,3.9662,0.0000,0.0000,791,717,85224,11.88,527.0
61,16.8880,11.7397,0.0766,0.0203,3.1403,0.1012,0.0306,149.7608,0.0016,1,0.0452,3.3828,0.0821,1.0052,140.5376,0.0000,140.5376,3.7767,0.0000,0.0000,791,717,85224,12.05,527.0
62,17.0411,100.0000,0.0883,0.0209,3.4081,0.0923,0.0284,6.7964,0.0014,1,0.0446,3.0257,0.0823,0.8253,131.9913,0.0000,131.9913,3.7561,0.0000,0.0000,791,717,85224,12.01,483.2
63,17.0516,10.4425,0.7233,0.4088,2.7042,0.0694,0.0230,301.4725,0.0016,1,0.0461,3.3205,0.0835,0.8541,130.9202,0.0000,130.9202,3.9016,0.0000,0.0000,791,717,85224,12.18,483.2
64,17.3570,100.0000,2.5553,0.0172,19.7789,2.0422,0.0232,278.7472,0.0014,1,0.0422,3.4005,0.0835,0.7844,132.7803,0.0000,132.7803,3.7615,0.0000,0.0000,791,717,85224,12.13,483.2
65,17.6602,100.0000,0.0687,0.0200,10.9934,0.2165,0.0819,6.2116,0.0013,1,0.0477,3.2221,0.0835,0.8468,137.2042,0.0000,137.2042,3.9368,0.0000,0.0000,791,717,85224,12.10,483.2
66,17.6778,17.6008,0.0638,0.0159,7.2139,0.0737,0.0240,254.1037,0.0012,1,0.0462,3.0745,0.0836,0.8069,136.8694,0.0000,136.8694,3.9245,0.0000,0.0000,791,717,85224,12.24,483.2
67,17.9393,100.0000,0.0589,0.0162,5.5577,0.0748,0.0244,24.8925,0.0011,1,0.0467,3.2721,0.0823,0.7632,135.8690,0.0000,135.8690,3.7388,0.0000,0.0000,791,717,85224,12.20,483.2
68,17.9699,30.6313,0.0563,0.0146,2.6763,0.0778,0.0222,273.0761,0.0016,1,0.0440,3.3848,0.0833,1.0560,136.8744,0.0000,136.8744,3.7414,0.0000,0.0000,791,717,85224,12.31,483.2
69,18.2458,100.0000,0.5483,0.0151,4.2274,0.0704,0.0206,8.3829,0.0013,1,0.0495,3.1643,0.0840,1.0745,134.0314,0.0000,134.0314,3.9349,0.0000,0.0000,791,717,85224,12.27,483.2
70,18.2591,13.2721,0.0515,0.0133,2.6523,0.0729,0.0218,176.6711,0.0016,1,0.0453,3.0707,0.0825,0.8289,135.3862,0.0000,135.3862,3.7424,0.0000,0.0000,791,717,85224,12.42,483.2
71,18.4386,100.0000,0.0626,0.0170,4.1031,0.0749,0.0227,215.9287,0.0013,1,0.0465,3.6291,0.0824,0.8025,137.8749,0.0000,137.8749,3.7508,0.0000,0.0000,791,717,85224,12.38,483.4
72,18.6588,100.0000,0.0501,0.0131,2.6787,0.1296,0.0230,169.1022,0.0015,1,0.0448,3.0572,0.0826,0.7703,137.7860,0.0000,137.7860,3.7405,0.0000,0.0000,791,717,85224,12.34,483.4
73,18.8308,100.0000,0.0639,0.0183,3.0342,0.0961,0.0292,7.7566,0.0014,1,0.0448,3.0948,0.0869,0.9136,134.8042,0.0000,134.8042,4.2165,0.0000,0.0000,791,717,85224,12.30,483.4
74,18.8418,11.0071,0.0640,0.0149,2.9572,0.0726,0.0295,146.6818,0.0012,1,0.0508,3.1419,0.0836,0.8212,132.9274,0.0000,132.9274,3.7432,0.0000,0.0000,791,717,85224,12.44,483.4
75,18.9916,100.0000,0.0527,0.0138,4.2693,0.2162,0.0227,129.4584,0.0014,1,0.0452,4.0487,0.0830,0.7760,134.2573,0.0000,134.2573,3.7245,0.0000,0.0000,791,717,85224,12.40,483.4
76,19.1257,100.0000,0.2197,0.0163,1.9733,0.0559,0.0196,136.8116,0.0011,1,0.0429,2.9905,0.0821,0.8443,132.7302,0.0000,132.7302,3.9533,0.0000,0.0000,791,717,85224,12.36,483.4
77,19.2648,100.0000,0.0684,0.0151,2.7738,0.0736,0.0242,279.4599,0.0016,1,0.0440,3.3213,0.0832,0.7516,132.9988,0.0000,132.9988,3.7298,0.0000,0.0000,791,717,85224,12.32,485.1
78,19.5472,100.0000,0.0790,0.0180,2.5054,0.0806,0.0212,4.7060,0.0012,1,0.0449,3.0802,0.0833,0.8164,134.0672,0.0000,134.0672,4.1258,0.0000,0.0000,791,717,85224,12.29,485.1
79,19.5547,7.4187,0.0539,0.0138,5.1580,0.1060,0.0278,142.4406,0.0013,1,0.0454,3.1580,0.0827,0.7953,134.9539,0.0000,134.9539,3.8780,0.0000,0.0000,791,717,85224,12.43,485.1
80,19.7025,100.0000,0.0495,0.0154,35.0008,0.0785,0.0262,108.5896,0.0014,1,0.0442,3.9526,0.0835,0.8102,135.0664,0.0000,135.0664,3.7294,0.0000,0.0000,791,717,85224,12.39,485.1
81,19.8462,100.0000,0.0594,0.0168,2.8642,0.0881,0.0281,136.4284,0.0015,1,0.0447,2.9902,0.0836,0.7659,135.3138,0.0000,135.3138,4.0158,0.0000,0.0000,791,717,85224,12.36,485.1
82,19.9857,100.0000,0.0445,0.0127,7.1425,0.0942,0.0218,184.8634,0.0016,1,0.0454,3.1478,0.0837,0.7660,133.9526,0.0000,133.9526,3.7262,0.0000,0.0000,791,717,85224,12.32,485.1
83,20.1779,100.0000,0.2796,0.0159,25.7998,0.3631,0.0281,145.5878,0.0011,1,0.0441,3.2092,0.0836,0.7854,141.4315,0.0000,141.4315,3.7052,0.0000,0.0000,791,717,85224,12.29,486.3
84,20.3500,100.0000,0.0618,0.0143,3.5915,0.9038,0.0279,76.4042,0.0016,1,0.0428,3.4931,0.0840,0.8622,138.6519,0.0000,138.6519,3.7332,0.0000,0.0000,791,717,85224,12.25,486.3
85,20.4310,81.0127,0.0528,0.0155,3.0395,0.0876,0.0301,138.0603,0.0011,1,0.0465,3.4076,0.0829,0.7996,137.2731,0.0000,137.2731,4.3768,0.0000,0.0000,791,717,85224,12.26,486.3
86,20.5723,100.0000,0.0512,0.0143,7.0859,0.0799,0.0251,169.0400,0.0013,1,0.0439,3.0252,0.0832,0.8455,139.1356,0.0000,139.1356,4.3804,0.0000,0.0000,791,717,85224,12.22,486.3
87,20.7486,100.0000,0.0512,0.0125,3.0895,0.0802,0.0243,121.2322,0.0013,1,0.0455,3.9547,0.0838,0.9002,140.7314,0.0000,140.7314,4.2639,0.0000,0.0000,791,717,85224,12.19,486.3
88,20.8731,100.0000,0.0484,0.0139,5.9141,0.0730,0.0223,313.6051,0.0012,1,0.0436,3.1779,0.0837,0.8540,139.5044,0.0000,139.5044,3.8473,0.0000,0.0000,791,717,85224,12.16,486.3
89,21.1928,100.0000,18.4010,0.1171,8.0129,0.0736,0.0249,6.0382,0.0014,1,0.0433,4.1331,0.0830,0.8541,140.7560,0.0000,140.7560,4.1064,0.0000,0.0000,791,717,85224,12.13,485.9
90,21.2255,32.6759,2.6366,0.0215,3.0611,0.0815,0.0778,97.5134,0.0012,1,0.0470,3.4662,0.0827,0.8287,138.0156,0.0000,138.0156,3.6985,0.0000,0.0000,791,717,85224,12.21,485.9
91,21.3289,100.0000,2.5765,0.0172,2.7384,0.0725,0.0217,136.8261,0.0015,1,0.0472,3.1892,0.0824,1.1510,133.4480,0.0000,133.4480,4.0029,0.0000,0.0000,791,717,85224,12.19,485.9
92,21.4711,100.0000,0.3814,0.0150,7.1875,0.0762,0.0242,138.4166,0.0013,1,0.0473,3.7163,0.0820,1.0275,134.9620,0.0000,134.9620,3.6878,0.0000,0.0000,791,717,85224,12.16,485.9
93,21.6172,100.0000,1.8561,0.0177,2.9150,0.0815,0.0245,131.9265,0.0013,1,0.0451,3.0192,0.0826,0.8074,130.5956,0.0000,130.5956,4.0009,0.0000,0.0000,791,717,85224,12.13,485.9
94,21.7541,100.0000,1.1041,0.0172,3.2786,0.0864,0.0274,277.8131,0.0021,1,0.0444,3.1210,0.0819,0.7879,130.6930,0.0000,130.6930,3.6909,0.0000,0.0000,791,717,85224,12.10,485.9
95,22.0364,100.0000,7.0838,0.0327,3.2118,0.1226,0.0889,6.4471,0.0013,1,0.0449,3.1664,0.0833,0.7638,134.6156,0.0000,134.6156,3.7165,0.0000,0.0000,791,717,85224,12.08,484.7
96,22.0534,17.0032,1.0600,0.0154,3.7911,0.0708,0.0232,127.7565,0.0014,1,0.0461,3.1457,0.0826,0.8602,134.8382,0.0000,134.8382,3.8606,0.0000,0.0000,791,717,85224,12.17,484.7
97,22.1861,100.0000,0.5424,0.0150,2.6796,0.0751,0.0230,132.4766,0.0014,1,0.0490,3.2547,0.0821,0.8828,125.7619,0.0000,125.7619,4.9746,0.0000,0.0000,791,719,85248,12.15,484.7
98,22.3220,100.0000,1.0955,0.0175,2.8254,0.0781,0.0258,132.5673,0.0012,1,0.0446,3.5572,0.0827,0.7833,127.7642,0.0000,127.7642,5.0896,0.0000,0.0000,791,719,85248,12.12,484.7
99,22.4586,100.0000,0.4212,0.0149,2.7323,0.1034,0.0248,129.9429,0.0011,1,0.0474,3.3628,0.0837,0.9236,122.9823,0.0000,122.9823,4.8907,0.0000,0.0000,791,728,86632,12.10,484.7
100,22.5918,100.0000,0.4400,0.0135,2.4527,0.0618,0.0206,123.1948,0.0015,1,0.0460,3.1764,0.0840,0.9218,115.6071,0.0000,115.6071,4.4815,0.0000,0.0000,791,733,87024,12.07,484.7
101,22.7180,100.0000,0.5688,0.0182,3.2901,0.0797,0.0254,120.0388,0.0013,1,0.0446,3.1074,0.0840,0.8352,115.8481,0.0000,115.8481,4.3740,0.0000,0.0000,791,733,87024,12.05,479.3
102,22.8421,100.0000,2.0126,0.0173,2.5375,0.0676,0.0225,120.6119,0.0010,1,0.0452,3.1437,0.0828,0.8172,116.2551,0.0000,116.2551,4.2668,0.0000,0.0000,791,732,87012,12.02,479.3
103,22.9674,100.0000,0.8647,0.0156,2.7687,0.0747,0.0243,247.6084,0.0017,1,0.0441,3.2020,0.0826,0.8376,116.9873,0.0000,116.9873,4.3936,0.0000,0.0000,791,728,86556,12.00,479.3
104,23.2188,100.0000,0.7213,0.0190,4.2379,0.0664,0.0222,5.2209,0.0029,1,0.0496,3.5002,0.0834,0.8491,115.8753,0.0000,115.8753,4.2609,0.0000,0.0000,791,725,86172,11.98,479.3
105,23.2291,10.3147,0.3517,0.0204,2.5057,0.0634,0.0209,114.0801,0.0014,1,0.0512,3.4349,0.0840,1.1735,112.3555,0.0000,112.3555,4.2020,0.0000,0.0000,791,728,86556,12.08,479.3
106,23.3462,100.0000,1.3018,0.0165,3.7649,0.0760,0.0236,228.7640,0.0017,1,0.0439,3.0619,0.0834,0.7777,109.1402,0.0000,109.1402,3.8506,0.0000,0.0000,791,733,87024,12.05,479.3
107,23.5801,100.0000,1.8668,0.0220,2.7448,0.0699,0.4067,5.6960,0.0014,1,0.0449,3.4409,0.0829,0.8040,107.6541,0.0000,107.6541,4.0345,0.0000,0.0000,791,733,87024,12.03,481.2
108,23.5909,10.8217,0.2495,0.0195,3.2860,0.0664,0.0229,211.9752,0.0023,1,0.0455,3.2876,0.0819,0.7644,103.6494,0.0000,103.6494,3.6843,0.0000,0.0000,791,732,86952,12.13,481.2
109,23.8066,100.0000,0.7531,0.0182,2.7483,0.0763,0.0279,5.0905,0.0011,1,0.0458,3.0694,0.0837,0.8053,103.0578,0.0000,103.0578,3.6001,0.0000,0.0000,791,722,85448,12.10,481.2
110,23.8153,8.7314,0.4679,0.0151,2.5507,0.0792,0.0219,104.4356,0.0014,1,0.0506,3.7092,0.0881,0.9600,102.8168,0.0000,102.8168,3.5892,0.0000,0.0000,791,722,85448,12.20,481.2
111,23.9229,100.0000,0.9675,0.0155,2.3267,0.0691,0.0236,218.4999,0.0019,1,0.0479,3.2117,0.0830,0.9831,102.5784,0.0000,102.5784,3.5257,0.0000,0.0000,791,721,85340,12.18,481.2
112,24.1448,100.0000,1.7276,0.0173,5.6374,0.0763,0.0256,5.6961,0.0013,1,0.0448,3.4780,0.0822,0.8976,102.9756,0.0000,102.9756,3.8215,0.0000,0.0000,791,721,85340,12.15,481.2
113,24.1580,13.1956,0.4286,0.0152,3.4377,0.0730,0.0235,104.5951,0.0014,1,0.0640,3.6817,0.0839,1.3468,107.4926,0.0000,107.4926,3.8554,0.0000,0.0000,791,719,85152,12.24,481.2
114,24.2666,100.0000,1.1175,0.0163,2.5933,0.0698,0.0222,237.1177,0.0023,1,0.0452,3.0968,0.0840,1.0052,111.8063,0.0000,111.8063,3.5927,0.0000,0.0000,791,726,86182,12.22,481.2
115,24.5076,100.0000,0.9195,0.0215,2.4460,0.0637,0.0317,5.0583,0.0013,1,0.0449,3.0582,0.0841,0.7659,113.2186,0.0000,113.2186,3.5971,0.0000,0.0000,791,726,86182,12.20,476.0
116,24.5161,8.5569,0.0562,0.0141,2.4258,0.0722,0.0205,118.0819,0.0022,1,0.0494,3.6420,0.0879,1.0114,115.8193,0.0000,115.8193,3.6572,0.0000,0.0000,791,726,86070,12.29,476.0
117,24.6368,100.0000,2.4448,0.0166,2.7438,0.0681,0.0217,120.4556,0.0012,1,0.0458,3.1018,0.0839,0.9054,116.0085,0.0000,116.0085,3.6690,0.0000,0.0000,791,719,85318,12.27,476.0
118,24.7626,100.0000,2.6905,0.0129,2.3816,0.0679,0.0225,119.8392,0.0012,1,0.0466,3.7375,0.0839,0.8131,116.7962,0.0000,116.7962,3.6725,0.0000,0.0000,791,718,85190,12.24,476.0
119,24.8876,100.0000,0.3149,0.0136,2.4613,0.0915,0.0238,121.1974,0.0016,1,0.0498,3.0826,0.0843,0.9740,115.2279,0.0000,115.2279,3.6736,0.0000,0.0000,791,716,84934,12.22,476.0
120,25.0118,100.0000,1.6576,0.0153,1.5770,0.0633,0.0225,279.7123,0.0014,1,0.0443,3.1008,0.0833,0.7873,111.7691,0.0000,111.7691,3.6821,0.0000,0.0000,791,717,85062,12.10,476.0
121,25.2948,100.0000,59.1211,0.0173,13.6860,0.0663,0.0210,5.9244,0.0018,1,0.0445,3.2260,0.0860,0.8313,123.8143,0.0000,123.8143,3.7982,0.0000,0.0000,791,717,85062,12.07,475.7
122,25.3737,78.8535,0.3632,0.0340,4.8091,0.0720,0.0226,101.1765,0.0012,1,0.0453,3.5672,0.0851,0.7778,122.4776,0.0000,122.4776,3.9767,0.0000,0.0000,791,717,85062,12.10,475.7
123,25.9835,100.0000,0.8136,0.0130,2.5052,0.0688,0.0202,5.5920,0.0019,1,0.0444,3.8505,0.0840,0.9892,119.0749,0.0000,119.0749,3.6574,0.0000,0.0000,791,717,85062,11.99,475.7
124,25.9925,9.0391,0.0295,0.0258,7.6767,0.0730,0.0229,126.0038,0.0021,1,0.0453,3.0954,0.0837,0.8253,116.5069,0.0000,116.5069,4.3984,0.0000,0.0000,791,717,85062,12.10,475.7
125,26.1264,100.0000,0.2323,0.0193,9.1022,0.0773,0.0242,6.1272,0.0014,1,0.0490,3.6809,0.0837,0.9503,119.6614,0.0000,119.6614,3.6671,0.0000,0.0000,791,717,85062,12.10,475.7
126,26.1420,15.6005,0.2085,0.0148,10.9357,0.0770,0.0277,106.0064,0.0013,1,0.0454,3.1267,0.0840,0.9173,117.8685,0.0000,117.8685,3.6641,0.0000,0.0000,791,717,85062,12.20,475.7
127,26.2592,100.0000,0.0204,0.0142,5.1140,0.0797,0.0225,407.8321,0.0017,1,0.0450,3.0548,0.0834,0.8335,117.0283,0.0000,117.0283,3.6788,0.0000,0.0000,791,717,85062,12.10,475.7
128,26.6723,100.0000,0.1754,0.0719,4.7316,0.0809,0.0256,244.2812,0.0014,1,0.0450,3.0025,0.0836,0.7613,123.5316,0.0000,123.5316,3.6682,0.0000,0.0000,791,717,85062,12.10,477.8
129,26.9217,100.0000,0.1752,0.0172,2.5708,0.0708,0.0228,12.2186,0.0013,1,0.0446,2.9675,0.0844,0.7392,123.7884,0.0000,123.7884,4.3865,0.0000,0.0000,791,717,85062,12.10,477.8
130,26.9368,15.0835,0.1411,0.0137,2.5135,0.1085,0.0224,167.8756,0.0014,1,0.0445,3.6164,0.0840,0.7441,120.2964,0.0000,120.2964,3.6648,0.0000,0.0000,791,717,85062,12.10,477.8
131,27.1075,100.0000,1.4888,0.0140,2.3184,0.0657,0.0203,210.5300,0.0012,1,0.0454,3.7552,0.2349,1.1396,139.7702,0.0000,139.7702,3.6042,0.0000,0.0000,791,717,85062,12.10,477.8
132,27.3219,100.0000,0.0383,0.0139,3.7900,0.0737,0.0223,70.0705,0.0016,1,0.0452,3.4617,0.0852,1.2889,143.8027,0.0000,143.8027,3.6512,0.0000,0.0000,791,717,85062,12.10,477.8
133,27.3959,74.0173,0.0223,0.0134,6.1673,0.0748,0.0221,125.0826,0.0015,1,0.0443,3.7688,0.0843,0.7717,138.1037,0.0000,138.1037,3.6270,0.0000,0.0000,791,717,85062,12.13,477.8
134,27.5273,100.0000,0.0235,0.0139,2.6198,0.1346,0.0221,202.5268,0.0015,1,0.0449,3.2572,0.2233,1.0628,137.7199,0.0000,137.7199,3.6245,0.0000,0.0000,791,717,85062,12.13,477.8
135,27.7327,100.0000,0.0320,0.0128,7.2483,0.0700,0.0228,193.0593,0.0012,1,0.0444,3.0132,0.0840,0.7858,140.4138,0.0000,140.4138,4.1061,0.0000,0.0000,791,717,85062,12.03,477.8
136,27.9331,100.0000,0.5017,0.0152,6.0024,0.0704,0.0239,6.1691,0.0011,1,0.0443,2.9940,0.0840,0.7892,138.2747,0.0000,138.2747,3.8727,0.0000,0.0000,791,717,85062,12.03,477.8
137,27.9459,12.7899,0.0213,0.0139,4.6937,0.0714,0.0230,172.1397,0.0013,1,0.0441,3.0841,0.0835,0.7516,134.5397,0.0000,134.5397,3.6121,0.0000,0.0000,791,717,85062,12.02,477.8
138,28.1229,100.0000,0.1955,0.0193,3.0250,0.0802,0.0242,121.4088,0.0013,1,0.0482,3.4624,0.0841,0.8069,134.0152,0.0000,134.0152,3.5940,0.0000,0.0000,791,717,85062,12.02,477.8
139,28.2477,100.0000,0.0404,0.0152,2.6426,0.0664,0.0212,256.0435,0.0014,1,0.0419,2.9448,0.0827,0.7422,128.2500,0.0000,128.2500,3.5859,0.0000,0.0000,791,717,85062,12.02,477.8
140,28.5065,100.0000,0.0282,0.0173,2.9481,0.1031,0.0324,5.2126,0.0013,1,0.0468,3.3668,0.0833,0.8310,130.4893,0.0000,130.4893,3.5817,0.0000,0.0000,791,717,85062,12.02,477.8
141,28.5148,8.3502,0.0257,0.0173,2.8527,0.0817,0.0259,146.0456,0.0013,1,0.0488,3.2217,0.0845,1.1428,135.2603,0.0000,135.2603,3.5819,0.0000,0.0000,791,717,85062,12.14,477.8
142,28.6639,100.0000,0.0249,0.0145,3.4629,0.0772,0.0227,129.6366,0.0014,1,0.0446,3.1879,0.0842,1.0010,133.0737,0.0000,133.0737,3.9158,0.0000,0.0000,791,717,85062,12.14,476.9
143,28.7972,100.0000,0.0215,0.0140,2.6354,0.0764,0.0246,140.3826,0.0016,1,0.0428,3.0712,0.0840,0.7442,132.6597,0.0000,132.6597,3.5527,0.0000,0.0000,791,717,85062,12.14,476.9
144,28.9403,100.0000,0.0210,0.0141,3.2732,0.0723,0.0421,136.5230,0.0014,1,0.0427,2.9976,0.0840,0.7582,131.7094,0.0000,131.7094,3.5645,0.0000,0.0000,791,717,85062,12.03,476.9
145,29.0803,100.0000,0.2261,0.0160,3.2274,0.1200,0.0236,143.5279,0.0014,1,0.0430,2.9925,0.0836,0.7844,131.6924,0.0000,131.6924,3.9036,0.0000,0.0000,791,717,85062,12.03,476.9
146,29.2274,100.0000,0.0412,0.0166,3.5469,0.0795,0.0254,269.7615,0.0021,1,0.0437,2.9473,0.0841,0.8951,131.8004,0.0000,131.8004,3.5425,0.0000,0.0000,791,717,85062,12.03,476.9
147,29.5009,100.0000,0.0366,0.0198,3.0234,0.1023,0.0317,5.3065,0.0013,1,0.0424,3.1039,0.0824,0.8195,131.3824,0.0000,131.3824,3.7017,0.0000,0.0000,791,717,85062,12.03,480.3
148,29.5094,8.5286,0.0236,0.0157,2.8750,0.0975,0.0258,141.3094,0.0714,1,0.0419,2.9818,0.0828,0.7644,131.2388,0.0000,131.2388,3.5363,0.0000,0.0000,791,717,85062,12.14,480.3
149,29.6541,100.0000,0.2522,0.0153,10.1791,0.0666,0.0208,142.3337,0.0015,1,0.0444,2.9906,0.0836,0.8049,129.7402,0.0000,129.7402,3.5389,0.0000,0.0000,791,717,85062,12.14,480.3
150,29.8070,100.0000,0.0202,0.0140,3.2797,0.0675,0.0230,113.2012,0.0013,1,0.0431,2.9772,0.0840,0.7475,131.6479,0.0000,131.6479,3.5378,0.0000,0.0000,791,717,85062,12.14,480.3
151,29.9236,100.0000,0.0526,0.0162,7.8759,0.0833,0.0254,136.4507,0.0013,1,0.0439,2.9956,0.0836,0.7679,134.6868,0.0000,134.6868,3.5606,0.0000,0.0000,791,717,85062,12.04,480.3
152,30.0681,100.0000,0.2724,0.0234,3.9257,0.0935,0.0264,160.8156,0.0015,1,0.0423,3.4508,0.0843,0.7417,137.0478,0.0000,137.0478,3.5258,0.0000,0.0000,791,717,85062,12.04,480.3
153,30.2333,100.0000,0.1878,0.0146,2.9021,0.0698,0.0225,123.3011,0.0014,1,0.0415,2.9807,0.0840,0.7583,133.2136,0.0000,133.2136,3.8478,0.0000,0.0000,791,717,85062,12.04,479.1
154,30.3598,100.0000,0.0210,0.0155,2.7313,0.0716,0.0233,136.4080,0.0010,1,0.0464,3.0822,0.0839,0.7701,135.0689,0.0000,135.0689,3.5131,0.0000,0.0000,791,717,85062,12.04,479.1
155,30.4990,100.0000,0.0174,0.0135,2.5273,0.0692,0.0217,285.4899,0.0028,1,0.0463,3.3997,0.0840,1.1685,136.8587,0.0000,136.8587,3.5218,0.0000,0.0000,791,717,85062,12.04,479.1
156,30.7872,100.0000,0.0393,0.0255,2.9870,0.0858,0.0237,5.6332,0.0014,1,0.0433,3.2282,0.0851,0.9270,135.8423,0.0000,135.8423,3.8382,0.0000,0.0000,791,717,85062,11.95,479.1
157,30.7960,8.8169,0.0239,0.0146,2.5242,0.0862,0.0294,136.3410,0.0014,1,0.0483,3.6607,0.0840,0.9163,134.3320,0.0000,134.3320,3.5189,0.0000,0.0000,791,717,85062,12.06,479.1
158,30.9350,100.0000,0.0247,0.0149,2.5823,0.0740,0.0242,269.7582,0.0021,1,0.0448,2.9380,0.0840,0.7342,128.4153,0.0000,128.4153,3.5296,0.0000,0.0000,791,717,85062,12.06,479.1
159,31.2075,100.0000,0.2194,0.0195,3.3637,0.1104,0.0254,6.6172,0.0015,1,0.0464,3.2782,0.0840,0.8752,127.4816,0.0000,127.4816,3.4982,0.0000,0.0000,791,717,85062,12.06,477.5
160,31.2179,10.3646,0.0218,0.0160,3.2834,0.0791,0.0264,128.9438,0.0014,1,0.0439,3.0223,0.0840,0.7888,128.8008,0.0000,128.8008,3.4939,0.0000,0.0000,791,717,85062,12.17,477.5
161,31.3503,100.0000,0.0238,0.0163,3.4002,0.0893,0.0259,132.0435,0.0013,1,0.0442,3.0804,0.0829,0.8230,127.6500,0.0000,127.6500,3.4981,0.0000,0.0000,791,717,85062,12.06,477.5
162,31.4859,100.0000,0.0224,0.0145,2.3407,0.0683,0.0221,134.2951,0.0011,1,0.0439,3.1196,0.0840,0.7682,128.9202,0.0000,128.9202,3.9726,0.0000,0.0000,791,717,85062,12.06,477.5
163,31.6227,100.0000,0.0227,0.0138,2.7087,0.0705,0.0226,276.3988,0.0024,1,0.0432,2.9729,0.0828,0.8391,130.1085,0.0000,130.1085,3.4856,0.0000,0.0000,791,717,85062,12.06,477.5
164,31.9019,100.0000,0.0320,0.0197,3.5617,0.1028,0.0313,6.1698,0.0016,1,0.0442,2.9606,0.0838,0.7680,131.4787,0.0000,131.4787,3.4860,0.0000,0.0000,791,717,85062,12.06,477.5
165,31.9118,9.9268,0.0254,0.0170,2.8907,0.0864,0.0261,126.5221,0.0017,1,0.0446,3.5094,0.0840,0.7760,125.8726,0.0000,125.8726,3.4943,0.0000,0.0000,791,717,85062,12.08,477.5
166,32.0414,100.0000,0.1992,0.0187,2.8505,0.1124,0.0263,135.4274,0.0013,1,0.0447,3.1818,0.0836,0.7700,130.7406,0.0000,130.7406,3.4810,0.0000,0.0000,791,717,85062,12.08,475.3
167,32.1800,100.0000,0.1657,0.0147,3.6173,0.0742,0.0232,134.1692,0.0014,1,0.0443,2.9684,0.0840,0.7356,130.0453,0.0000,130.0453,3.4761,0.0000,0.0000,791,717,85062,12.08,475.3
168,32.3181,100.0000,0.0196,0.0139,3.3638,0.0769,0.0247,158.3924,0.0022,1,0.0432,2.9864,0.0834,0.7949,131.5836,0.0000,131.5836,3.6039,0.0000,0.0000,791,717,85062,12.08,475.3
169,32.4801,100.0000,0.0201,0.0149,4.8412,0.1424,0.3480,227.2552,0.0016,1,0.0440,3.0220,0.0840,0.7280,131.7532,0.0000,131.7532,3.4776,0.0000,0.0000,791,717,85062,12.08,475.3
170,32.7127,100.0000,0.1317,0.0142,3.1473,0.0672,0.0211,163.4740,0.0011,1,0.0433,2.9669,0.0834,0.7550,133.8519,0.0000,133.8519,3.4693,0.0000,0.0000,791,717,85062,12.08,475.3
171,32.8796,100.0000,0.2278,0.0138,3.5957,0.0716,0.0236,283.6038,0.0014,1,0.0450,3.1011,0.0840,0.7621,135.8069,0.0000,135.8069,3.4901,0.0000,0.0000,791,717,85062,12.08,479.2
172,33.1671,100.0000,0.4168,0.0138,17.6040,0.0739,0.0231,62.9150,0.0013,1,0.0425,3.6386,0.0851,0.7640,139.9743,0.0000,139.9743,3.7763,0.0000,0.0000,791,717,85062,12.08,479.2
173,33.2481,81.0542,0.0222,0.0153,3.4080,0.0721,0.0228,275.1769,0.0026,1,0.0450,3.5608,0.0833,0.7434,138.0122,0.0000,138.0122,3.4739,0.0000,0.0000,791,717,85062,12.10,479.2
174,33.5269,100.0000,0.0316,0.0213,3.7604,0.0801,0.0250,333.7726,0.0022,1,0.0450,3.7855,0.0841,0.8532,133.9150,0.0000,133.9150,4.0349,0.0000,0.0000,791,717,85062,12.10,479.2
175,33.8646,100.0000,0.0355,0.0201,2.7009,0.0778,0.0292,8.7662,0.0014,1,0.0463,3.0603,0.0830,1.2126,136.0150,0.0000,136.0150,3.4574,0.0000,0.0000,791,717,85062,12.10,479.2
176,33.8762,11.6382,0.0293,0.0153,2.7531,0.0784,0.0239,275.7188,0.0016,1,0.0462,3.0988,0.0840,0.8009,135.5122,0.0000,135.5122,3.5982,0.0000,0.0000,791,717,85062,12.21,479.2
177,34.1549,100.0000,0.2847,0.0157,4.9534,0.1207,0.0297,228.3125,0.0021,1,0.0460,3.5785,0.0840,0.8602,132.7263,0.0000,132.7263,3.4493,0.0000,0.0000,791,717,85062,12.21,479.2
178,34.3886,100.0000,0.0636,0.0206,8.9425,0.0753,0.0256,450.9313,0.0016,1,0.0444,3.5135,0.0840,0.7782,135.6283,0.0000,135.6283,3.6398,0.0000,0.0000,791,717,85062,12.21,479.2
179,34.8486,100.0000,0.1295,0.0149,3.0776,0.2370,0.0254,11.9417,0.0015,1,0.0468,3.2538,0.0841,0.9216,143.7037,0.0000,143.7037,3.7500,0.0000,0.0000,791,717,85062,12.21,479.2
180,34.8641,15.4343,0.0215,0.0131,6.5634,0.0739,0.0232,351.1451,0.0018,1,0.0452,3.2166,0.0855,1.0676,145.1951,0.0000,145.1951,3.4265,0.0000,0.0000,791,717,85062,12.32,479.2
181,35.2219,100.0000,1.7441,0.0210,10.9531,0.0809,0.0263,19.7872,0.0014,1,0.0448,3.4664,0.0840,0.7691,141.6759,0.0000,141.6759,4.0091,0.0000,0.0000,791,717,85062,12.20,479.2
182,35.2546,32.6213,0.0220,0.0135,2.9135,0.0872,0.0265,319.7986,0.0019,1,0.0446,2.9885,0.0844,0.7776,133.1267,0.0000,133.1267,3.4387,0.0000,0.0000,791,717,85062,12.29,479.2
183,35.5774,100.0000,5.3470,0.0161,4.9261,0.0801,0.0254,133.4333,0.0021,1,0.0450,3.8200,0.0841,0.7720,139.9852,0.0000,139.9852,3.4335,0.0000,0.0000,791,717,85062,12.18,479.2
184,37.0307,100.0000,14.8584,0.0178,3.4411,0.0892,0.0281,8.0373,0.0019,1,0.0447,3.0125,0.0839,0.8149,136.7929,0.0000,136.7929,3.7377,0.0000,0.0000,791,717,85062,12.18,479.2
185,37.0572,26.4986,0.6019,0.0228,3.5301,0.0916,0.0284,146.9861,0.0021,1,0.0458,3.0523,0.0838,0.7403,133.2075,0.0000,133.2075,3.4288,0.0000,0.0000,791,717,85062,12.27,479.2
186,37.2085,100.0000,0.5668,0.0201,2.9840,0.1050,0.0308,5.5046,0.0011,1,0.0440,3.0228,0.0823,0.8079,136.6545,0.0000,136.6545,5.0609,0.0000,0.0000,791,719,85248,12.17,478.7
187,37.2178,9.2281,0.2059,0.0143,3.1424,0.0770,0.0232,138.9998,0.0016,1,0.0448,3.1027,0.0840,0.8220,136.6634,0.0000,136.6634,4.8823,0.0000,0.0000,791,719,85248,12.28,478.7
188,37.3602,100.0000,0.4491,0.0154,2.3798,0.0699,0.0211,290.5945,0.0023,1,0.0447,3.1126,0.0835,0.8459,136.1546,0.0000,136.1546,4.9444,0.0000,0.0000,791,719,85248,12.19,478.7
189,37.6538,100.0000,0.3642,0.0208,3.6473,0.0769,0.0242,5.3580,0.0012,1,0.0470,3.1356,0.0840,0.9155,136.9966,0.0000,136.9966,4.7879,0.0000,0.0000,791,719,85248,12.19,478.7
190,37.6633,9.5094,0.0673,0.0156,2.9116,0.0749,0.0247,141.8650,0.0015,1,0.0457,3.2197,0.0840,0.9456,138.8251,0.0000,138.8251,4.8298,0.0000,0.0000,791,719,85248,12.20,478.7
191,37.8083,100.0000,1.4040,0.0157,2.7421,0.0753,0.0225,292.1489,0.0019,1,0.0464,3.2655,0.0840,0.9194,137.5744,0.0000,137.5744,4.9358,0.0000,0.0000,791,719,85248,12.20,478.7
192,38.1047,100.0000,0.8682,0.0217,3.8651,0.0731,0.0244,4.9547,0.0012,1,0.0465,3.1232,0.0836,1.0399,138.6379,0.0000,138.6379,4.9005,0.0000,0.0000,791,719,85248,12.20,478.7
193,38.1145,9.8232,0.2408,0.0145,2.6755,0.0689,0.0220,143.9179,0.0012,1,0.0465,3.4364,0.0854,0.9055,140.1738,0.0000,140.1738,4.9234,0.0000,0.0000,791,719,85248,12.31,478.7
194,38.2615,100.0000,0.2134,0.0172,2.6642,0.0753,0.0223,297.1532,0.0022,1,0.0449,3.2232,0.0838,0.9344,139.0939,0.0000,139.0939,4.9051,0.0000,0.0000,791,719,85248,12.20,485.7
195,38.5616,100.0000,1.4910,0.0196,2.7759,0.0773,0.0244,4.8130,0.0014,1,0.0446,3.0971,0.0837,0.7983,141.3621,0.0000,141.3621,4.9063,0.0000,0.0000,791,718,85236,12.20,485.7
196,38.5709,9.2187,0.6613,0.0159,3.2007,0.0710,0.0223,141.0938,0.0013,1,0.0451,3.0822,0.0845,0.8090,139.2385,0.0000,139.2385,5.2208,0.0000,0.0000,791,717,85224,12.31,485.7
197,38.7160,100.0000,1.4239,0.0147,2.4163,0.0706,0.0216,278.3928,0.0022,1,0.0459,3.0408,0.0828,0.9370,131.9600,0.0000,131.9600,4.5878,0.0000,0.0000,791,719,85248,12.31,485.7
198,38.9983,100.0000,1.5787,0.0186,2.7038,0.0677,0.0217,5.3576,0.0022,1,0.0431,2.9870,0.0840,0.8770,131.3581,0.0000,131.3581,5.1379,0.0000,0.0000,791,719,85248,12.31,485.7
199,39.0081,9.7658,1.3765,0.1026,3.9841,0.0763,0.0215,129.9307,0.0015,1,0.0455,3.0816,0.0840,0.7910,127.9700,0.0000,127.9700,4.4576,0.0000,0.0000,791,719,85248,12.31,485.7
200,39.1436,100.0000,7.6476,0.0181,3.0543,0.0751,0.0297,122.9347,0.0011,1,0.0437,2.9629,0.0844,0.7583,124.9896,0.0000,124.9896,4.3211,0.0000,0.0000,791,718,85208,12.31,485.7
201,39.2774,100.0000,1.3245,0.0154,2.7447,0.0822,0.0285,126.0948,0.0017,1,0.0474,3.5882,0.0839,1.0009,123.0686,0.0000,123.0686,4.2991,0.0000,0.0000,791,718,85208,12.31,492.7
202,39.4077,100.0000,2.2552,0.0159,3.8699,0.0699,0.0218,257.8682,0.0021,1,0.0460,3.0370,0.0840,0.8828,121.6701,0.0000,121.6701,4.5663,0.0000,0.0000,791,719,85260,12.31,492.7
203,39.6718,100.0000,1.4648,0.0197,3.2487,0.0711,0.0247,5.6745,0.0015,1,0.0449,3.0199,0.0842,0.7951,122.5769,0.0000,122.5769,4.3831,0.0000,0.0000,791,720,85340,12.31,492.7
204,39.6823,10.5205,0.6795,0.0202,2.6538,0.0712,0.0225,121.0942,0.0014,1,0.0429,3.1052,0.0825,0.8422,120.9074,0.0000,120.9074,4.3809,0.0000,0.0000,791,719,85260,12.42,492.7
205,39.8069,100.0000,1.3515,0.0168,3.1140,0.0852,0.0279,254.9162,0.0015,1,0.0458,3.2132,0.0840,0.9476,121.1299,0.0000,121.1299,4.1694,0.0000,0.0000,791,719,85260,12.40,492.7
206,40.0664,100.0000,5.5698,0.0148,2.5074,0.0693,0.0217,4.7206,0.0011,1,0.0430,3.0170,0.0839,0.9273,119.5243,0.0000,119.5243,4.1854,0.0000,0.0000,791,719,85260,12.40,492.7
207,40.0793,12.9195,0.4466,0.0144,3.9224,0.0637,0.0196,117.3708,0.0014,1,0.0443,3.1537,0.0837,1.1103,119.5244,0.0000,119.5244,4.1677,0.0000,0.0000,791,719,85288,12.51,492.7
208,40.2012,100.0000,1.6798,0.0147,2.7247,0.0751,0.0242,249.1755,0.0018,1,0.0439,3.5592,0.0837,0.7905,116.5756,0.0000,116.5756,4.2086,0.0000,0.0000,791,719,85260,12.51,494.8
209,40.4549,100.0000,1.4816,0.0213,2.5379,0.0524,0.0173,4.2932,0.0011,1,0.0466,3.4766,0.0840,0.9847,118.5705,0.0000,118.5705,4.6806,0.0000,0.0000,791,719,85260,12.51,494.8
210,40.4633,8.4204,1.0241,0.0154,3.2867,0.0715,0.0273,121.0197,0.0012,1,0.0435,3.1744,0.0833,0.7917,119.8790,0.0000,119.8790,4.1815,0.0000,0.0000,791,732,86392,12.54,494.8
211,40.5888,100.0000,1.5260,0.0172,2.6148,0.0663,0.0217,125.0138,0.0011,1,0.0426,3.0565,0.0820,0.8354,119.1529,0.0000,119.1529,4.1861,0.0000,0.0000,791,739,87192,12.54,494.8
212,40.7181,100.0000,1.7339,0.0141,2.0000,0.0698,0.0191,125.6008,0.0018,1,0.0460,3.5824,0.0834,0.9423,120.7580,0.0000,120.7580,4.1976,0.0000,0.0000,791,739,87192,12.54,494.8
213,40.8475,100.0000,1.0236,0.0160,3.4981,0.0754,0.0229,252.4677,0.0015,1,0.0441,3.0519,0.0825,0.9114,117.9112,0.0000,117.9112,4.4874,0.0000,0.0000,791,738,87180,12.54,494.8
214,41.1046,100.0000,5.3525,0.0171,2.7933,0.0689,0.0223,5.2897,0.0013,1,0.0424,3.0091,0.0829,0.7332,121.1609,0.0000,121.1609,4.3582,0.0000,0.0000,791,737,87140,12.54,523.2
215,41.1182,13.5607,0.5213,0.0146,4.2596,0.0697,0.0226,122.9436,0.0023,1,0.0507,3.1618,0.0840,1.0256,128.2112,0.0000,128.2112,4.2660,0.0000,0.0000,791,740,87524,12.66,523.2
216,41.2461,100.0000,0.0693,0.0135,2.8756,0.0679,0.0226,140.4409,0.0014,1,0.0444,3.1040,0.0845,0.8364,131.6636,0.0000,131.6636,4.4301,0.0000,0.0000,791,736,87060,12.55,523.2
217,41.3896,100.0000,1.8863,0.0148,2.6761,0.0700,0.0223,137.5566,0.0011,1,0.0451,3.4611,0.0852,0.7427,132.1730,0.0000,132.1730,4.5312,0.0000,0.0000,791,736,87060,12.55,523.2
218,41.5318,100.0000,1.2984,0.0152,2.6907,0.0670,0.0227,138.7257,0.0015,1,0.0440,3.2295,0.0835,0.8170,132.0819,0.0000,132.0819,4.4392,0.0000,0.0000,791,736,87060,12.55,523.2
219,41.6746,100.0000,0.6257,0.0151,2.4210,0.0701,0.0234,139.5736,0.0012,1,0.0571,3.7369,0.0842,1.4282,132.6753,0.0000,132.6753,4.8268,0.0000,0.0000,791,736,87060,12.55,523.2
220,41.8174,100.0000,0.0598,0.0130,3.6655,0.0677,0.0237,306.3755,0.0015,1,0.0459,3.6039,0.0840,1.1802,133.9388,0.0000,133.9388,4.5202,0.0000,0.0000,791,736,87060,12.55,483.6
221,42.1276,100.0000,84.1510,0.0221,4.2440,0.0754,0.0232,67.9539,0.0017,1,0.0436,3.0745,0.0840,0.7575,141.9064,0.0000,141.9064,4.6120,0.0000,0.0000,791,736,87060,12.55,483.6
222,42.2841,100.0000,0.6630,0.0193,8.6365,0.0888,0.0233,5.2264,0.0015,1,0.0577,4.4309,0.0854,1.4316,144.1419,0.0000,144.1419,4.4236,0.0000,0.0000,791,736,87060,12.55,483.6
223,42.2988,14.6741,0.0910,0.0137,2.7491,0.1040,0.0258,180.5063,0.0013,1,0.0470,3.1510,0.0840,0.8709,139.1308,0.0000,139.1308,4.2928,0.0000,0.0000,791,736,87060,12.66,483.6
224,42.4823,100.0000,0.0399,0.0163,3.0134,0.0801,0.0276,259.1116,0.0019,1,0.0440,2.9985,0.0842,0.8773,137.3374,0.0000,137.3374,5.0704,0.0000,0.0000,791,736,87060,12.66,483.6
225,42.7446,100.0000,0.1039,0.0182,2.6928,0.0892,0.0286,8.4511,0.0011,1,0.0438,3.0342,0.0842,0.8294,137.6001,0.0000,137.6001,4.7134,0.0000,0.0000,791,736,87060,12.54,483.6
226,42.7560,11.3926,0.0266,0.0137,2.5349,0.0704,0.0222,131.5044,0.0013,1,0.0458,3.2801,0.0827,0.8203,129.6945,0.0000,129.6945,4.5982,0.0000,0.0000,791,736,87060,12.66,483.6
227,42.8902,100.0000,0.0316,0.0155,3.1295,0.0770,0.0319,150.0375,0.0014,1,0.0430,3.2017,0.0840,0.8176,133.5215,0.0000,133.5215,4.6257,0.0000,0.0000,791,736,87060,12.66,483.8
228,43.0435,100.0000,0.2155,0.0169,2.8209,0.0724,0.0243,152.1137,0.0013,1,0.0442,3.5961,0.0842,1.0729,154.0725,0.0000,154.0725,4.5760,0.0000,0.0000,791,736,87060,12.54,483.8
229,43.1988,100.0000,0.0383,0.0156,3.4188,0.1239,0.0287,165.8061,0.0012,1,0.0436,3.6345,0.0846,0.7629,153.9372,0.0000,153.9372,4.2226,0.0000,0.0000,791,736,87060,12.54,483.8
230,43.3682,100.0000,0.0240,0.0160,5.2517,0.1209,0.0243,562.7504,0.0017,1,0.0445,3.1835,0.0854,0.8119,154.0712,0.0000,154.0712,4.4010,0.0000,0.0000,791,736,87060,12.42,483.8
231,43.9364,100.0000,0.1768,0.0167,2.5999,0.0952,0.0286,172.3807,0.0019,1,0.0483,3.1990,0.0841,1.2352,161.5319,0.0000,161.5319,4.5507,0.0000,0.0000,791,736,87060,12.42,483.8
232,44.1117,100.0000,5.1539,0.0160,5.4397,0.0716,0.0234,7.6593,0.0014,1,0.0484,3.1724,0.0844,1.1424,158.3499,0.0000,158.3499,4.6016,0.0000,0.0000,791,736,87060,12.42,503.8
233,44.1301,18.3733,5.7000,0.0156,3.8948,0.0704,0.0230,315.0702,0.0016,1,0.0433,3.4576,0.0866,0.9873,159.1334,0.0000,159.1334,4.1474,0.0000,0.0000,791,736,87060,12.42,503.8
234,44.4549,100.0000,0.4749,0.0179,2.8440,0.0892,0.0301,7.6080,0.0012,1,0.0442,3.3447,0.0853,0.8069,156.0788,0.0000,156.0788,4.5397,0.0000,0.0000,791,736,87060,12.42,503.8
235,44.4660,11.0728,0.0570,0.0144,3.2378,0.0729,0.0230,161.3851,0.0010,1,0.0432,3.0454,0.0840,0.7901,159.9374,0.0000,159.9374,4.1221,0.0000,0.0000,791,736,87060,12.53,503.8
236,44.6308,100.0000,0.0670,0.0151,2.5653,0.0687,0.0239,168.2133,0.0016,1,0.0455,3.3882,0.0857,0.9689,158.5793,0.0000,158.5793,4.1166,0.0000,0.0000,791,736,87060,12.41,503.8
237,44.8017,100.0000,0.0603,0.0154,3.1710,0.0801,0.0267,162.8144,0.0013,1,0.0446,3.3016,0.0854,0.8418,157.7626,0.0000,157.7626,4.1103,0.0000,0.0000,791,736,87060,12.41,503.8
238,44.9679,100.0000,0.0624,0.0145,3.2058,0.0718,0.0238,335.4915,0.0022,1,0.0427,3.3980,0.0840,0.9506,156.8864,0.0000,156.8864,4.0982,0.0000,0.0000,791,736,87060,12.41,503.8
239,45.3068,100.0000,0.6258,0.0175,3.8384,0.0753,0.0245,7.8385,0.0019,1,0.0454,3.3237,0.0840,0.9409,159.0128,0.0000,159.0128,4.0756,0.0000,0.0000,791,736,87060,12.41,508.3
240,45.3192,12.4304,0.1039,0.0161,3.4178,0.0770,0.0255,156.1908,0.0012,1,0.0466,3.1315,0.0826,1.1213,156.4152,0.0000,156.4152,4.2862,0.0000,0.0000,791,736,87060,12.53,508.3
241,45.4791,100.0000,0.0868,0.0159,6.8737,0.0821,0.0260,327.4490,0.0027,1,0.0443,3.4069,0.0855,0.8192,158.2602,0.0000,158.2602,4.2512,0.0000,0.0000,791,736,87060,12.53,508.3
242,45.8136,100.0000,0.1383,0.0267,5.0374,0.0705,0.0236,5.5212,0.0013,1,0.0431,3.2832,0.0922,0.7583,157.1611,0.0000,157.1611,4.0545,0.0000,0.0000,791,736,87060,12.50,508.3
243,45.8244,10.8267,1.2264,0.0161,2.6966,0.0656,0.0241,159.9563,0.0014,1,0.0461,3.3513,0.0815,0.8775,159.1174,0.0000,159.1174,4.0504,0.0000,0.0000,791,736,87060,12.62,508.3
244,45.9884,100.0000,0.5016,0.0171,3.6273,0.0689,0.0225,165.6007,0.0015,1,0.0452,3.5109,0.0840,0.9052,158.6737,0.0000,158.6737,4.1973,0.0000,0.0000,791,736,87060,12.50,508.3
245,46.1583,100.0000,1.0761,0.0150,3.7198,0.0920,0.0299,164.0650,0.0013,1,0.0447,3.8896,0.0841,0.8431,159.4912,0.0000,159.4912,4.3476,0.0000,0.0000,791,736,87060,12.50,508.3
246,46.3273,100.0000,1.9735,0.0157,2.7471,0.0771,0.0253,143.1638,0.0014,1,0.0452,3.2700,0.0840,0.9024,136.3252,0.0000,136.3252,4.6599,0.0000,0.0000,791,736,87060,12.39,508.7
247,46.4753,100.0000,0.8811,0.0179,3.1953,0.0743,0.0238,137.5825,0.0015,1,0.0472,3.4639,0.0846,0.9771,133.3672,0.0000,133.3672,4.2946,0.0000,0.0000,791,742,87780,12.39,508.7
248,46.6171,100.0000,0.2047,0.0143,3.1742,0.0708,0.0228,156.5917,0.0013,1,0.0471,3.1083,0.0841,0.7905,132.9499,0.0000,132.9499,4.3348,0.0000,0.0000,791,741,87780,12.39,508.7
249,47.7497,100.0000,2.6539,0.0147,3.5592,0.0673,0.0233,7.6173,0.0020,1,0.0470,3.7332,0.0860,0.9893,131.1376,0.0000,131.1376,4.0859,0.0000,0.0000,791,741,87700,12.39,508.7
250,47.7636,13.9598,0.2070,0.0203,2.6832,0.0841,0.0210,143.0732,0.0019,1,0.0481,3.6253,0.0840,0.8330,132.3162,0.0000,132.3162,4.2634,0.0000,0.0000,791,740,87572,12.39,508.7
251,47.9098,100.0000,0.0729,0.0174,4.8420,0.0838,0.0250,5.1685,0.0014,1,0.0455,3.2756,0.0842,0.8865,127.6503,0.0000,127.6503,4.2452,0.0000,0.0000,791,743,87908,12.39,508.7
252,47.9200,10.2288,0.0704,0.0152,4.5492,0.0767,0.0303,133.0899,0.0013,1,0.0459,4.1252,0.0860,0.7539,129.6979,0.0000,129.6979,4.2446,0.0000,0.0000,791,743,87908,12.51,508.7
253,48.0579,100.0000,0.0714,0.0161,3.6873,0.0792,0.0264,133.3742,0.0016,1,0.0455,3.1416,0.0840,0.7575,130.0982,0.0000,130.0982,4.0907,0.0000,0.0000,791,743,87908,12.47,508.7
254,48.1951,100.0000,0.0700,0.0150,2.9594,0.0679,0.0233,137.2594,0.0010,1,0.0507,3.4393,0.0851,0.8991,129.7728,0.0000,129.7728,4.4747,0.0000,0.0000,791,743,87908,12.47,508.7
255,48.3356,100.0000,0.4843,0.0147,2.9316,0.0692,0.0240,131.7307,0.0013,1,0.0475,3.1577,0.0840,0.7883,127.7406,0.0000,127.7406,4.0996,0.0000,0.0000,791,742,87908,12.47,508.7
256,48.4708,100.0000,0.2168,0.0145,2.5753,0.0703,0.0235,137.7456,0.0012,1,0.0465,3.3130,0.0842,0.8334,129.0866,0.0000,129.0866,4.2666,0.0000,0.0000,791,742,87780,12.47,508.7
257,48.6115,100.0000,0.0725,0.0199,3.8961,0.0674,0.0221,133.7996,0.0013,1,0.0461,3.2102,0.0840,0.8157,128.5516,0.0000,128.5516,4.0842,0.0000,0.0000,791,741,87700,12.36,508.7
258,48.7494,100.0000,0.0662,0.0148,2.6579,0.0730,0.0257,273.7215,0.0020,1,0.0472,3.2010,0.0840,0.8921,129.4571,0.0000,129.4571,4.3985,0.0000,0.0000,791,737,87444,12.36,508.9
259,49.0260,100.0000,0.5567,0.0188,6.1472,0.0692,0.0236,4.8786,0.0013,1,0.0443,3.6557,0.0841,0.8536,130.1466,0.0000,130.1466,4.0999,0.0000,0.0000,791,735,86932,12.36,508.9
260,49.0377,11.7101,0.4278,0.0158,2.6325,0.0685,0.0299,132.8472,0.0012,1,0.0497,3.3100,0.0844,0.9014,131.2425,0.0000,131.2425,4.4065,0.0000,0.0000,791,735,86932,12.47,508.9
261,49.1737,100.0000,18.1037,0.0311,3.6423,0.0717,0.0270,119.4191,0.0013,1,0.0461,3.4698,0.0839,0.7783,129.6441,0.0000,129.6441,4.1067,0.0000,0.0000,791,735,86932,12.36,508.9
262,49.3150,100.0000,0.5832,0.0157,2.9402,0.0685,0.0251,136.4751,0.0016,1,0.0469,3.2408,0.0825,0.8459,129.2768,0.0000,129.2768,4.0869,0.0000,0.0000,791,735,86932,12.36,508.9
263,49.4552,100.0000,0.9660,0.0251,2.9114,0.0774,0.0266,130.0627,0.0011,1,0.0461,3.3606,0.0840,0.7825,128.9499,0.0000,128.9499,4.6346,0.0000,0.0000,791,735,86932,12.36,508.9
264,49.5892,100.0000,0.6517,0.0146,2.5200,0.0639,0.0222,139.4174,0.0014,1,0.0436,3.5805,0.0852,0.7496,130.3030,0.0000,130.3030,4.0944,0.0000,0.0000,791,735,86932,12.36,509.1
265,49.7319,100.0000,0.0613,0.0158,3.1480,0.0872,0.0275,137.5190,0.0016,1,0.0454,3.2066,0.0852,0.7985,129.5828,0.0000,129.5828,4.0849,0.0000,0.0000,791,736,87012,12.36,509.1
266,49.8728,100.0000,0.0670,0.0154,3.6733,0.0785,0.0265,135.2959,0.0015,1,0.0464,3.2519,0.0841,0.8204,131.0201,0.0000,131.0201,4.0928,0.0000,0.0000,791,736,87012,12.36,509.1
267,50.0120,100.0000,0.0692,0.0161,4.6896,0.0889,0.0279,139.4358,0.0014,1,0.0429,3.0871,0.0852,0.6862,132.8032,0.0000,132.8032,4.3269,0.0000,0.0000,791,736,87012,12.36,509.1
268,50.1563,100.0000,1.0802,0.0210,3.5922,0.0794,0.0279,132.5570,0.0012,1,0.0457,3.2527,0.0846,0.8131,132.5039,0.0000,132.5039,4.3004,0.0000,0.0000,791,736,87012,12.24,509.1
269,50.2937,100.0000,1.9873,0.0152,10.5922,0.0801,0.0243,278.4373,0.0017,1,0.0448,3.0935,0.0856,0.7678,132.1697,0.0000,132.1697,4.3010,0.0000,0.0000,791,735,87000,12.24,509.1
270,50.5849,100.0000,2.1548,0.0587,4.1934,0.0739,0.0258,5.8575,0.0016,1,0.0450,3.3448,0.0840,0.9086,136.7237,0.0000,136.7237,4.2365,0.0000,0.0000,791,733,86966,12.24,509.1
271,50.5973,12.3836,0.0796,0.0138,2.9179,0.0745,0.0271,158.8952,0.0011,1,0.0475,3.4590,0.0860,0.7465,137.4961,0.0000,137.4961,4.0627,0.0000,0.0000,791,730,86922,12.35,509.1
272,50.7593,100.0000,0.4262,0.0154,2.5637,0.0704,0.0235,128.2791,0.0014,1,0.0460,3.6461,0.0859,1.0051,139.4893,0.0000,139.4893,4.0751,0.0000,0.0000,791,730,86794,12.35,509.1
273,50.8907,100.0000,0.0749,0.0159,4.0093,0.0752,0.0275,149.7583,0.0011,1,0.0476,3.2895,0.0860,0.8120,140.4250,0.0000,140.4250,4.3099,0.0000,0.0000,791,730,86794,12.35,509.1
274,51.0447,100.0000,0.0678,0.0154,6.9038,0.0791,0.0297,141.1164,0.0014,1,0.0450,3.1867,0.0850,1.0333,143.2918,0.0000,143.2918,4.0545,0.0000,0.0000,791,727,86458,12.35,509.1
275,51.1929,100.0000,1.1518,0.0160,7.1433,0.0693,0.0243,142.9122,0.0011,1,0.0493,3.5455,0.0867,0.9423,144.9060,0.0000,144.9060,4.2049,0.0000,0.0000,791,725,86202,12.35,518.6
276,51.3442,100.0000,1.1799,0.0160,2.7684,0.0709,0.0237,322.6575,0.0015,1,0.0450,3.1503,0.0874,0.7860,149.9414,0.0000,149.9414,4.0014,0.0000,0.0000,791,724,86202,12.35,518.6
277,51.6710,100.0000,0.9620,0.0210,3.3700,0.0766,0.0256,5.1121,0.0013,1,0.0458,3.2220,0.0857,0.9018,154.1960,0.0000,154.1960,4.0851,0.0000,0.0000,791,722,85914,12.24,518.6
278,51.6806,9.5832,0.0587,0.0134,2.5430,0.0704,0.0244,183.7883,0.0013,1,0.0466,3.4560,0.0869,1.1366,155.8239,0.0000,155.8239,4.1188,0.0000,0.0000,791,718,85354,12.35,518.6
279,51.8671,100.0000,1.4354,0.0171,4.5252,0.0807,0.0251,143.4229,0.0017,1,0.0472,3.0187,0.2335,0.8948,164.3138,0.0000,164.3138,4.5986,0.0000,0.0000,791,704,83834,12.35,518.6
280,52.0166,100.0000,0.9892,0.0161,4.5920,0.1160,0.0254,169.7296,0.0015,1,0.0447,3.0316,0.0863,0.8157,163.3990,0.0000,163.3990,4.3280,0.0000,0.0000,791,704,83834,12.24,518.6
281,52.1921,100.0000,6.4164,0.0172,3.5403,0.0753,0.0305,162.5274,0.0012,1,0.0459,3.1740,0.0859,0.7971,165.5018,0.0000,165.5018,4.5374,0.0000,0.0000,791,697,82938,12.24,549.0
282,52.3647,100.0000,0.9863,0.0168,2.8946,0.1163,0.0247,178.7046,0.0014,1,0.0454,2.9536,0.0881,0.7676,170.9780,0.0000,170.9780,4.5284,0.0000,0.0000,791,691,82266,12.24,549.0
283,52.5475,100.0000,0.6309,0.0187,3.7466,0.0881,0.0296,386.4459,0.0022,1,0.0477,3.3962,0.0868,0.9463,183.7692,0.0000,183.7692,4.6569,0.0000,0.0000,791,701,83538,12.24,549.0
284,52.9385,100.0000,4.1107,0.1749,4.1385,0.0935,0.0268,5.2888,0.0014,1,0.0460,3.0558,0.0884,1.0076,188.6346,0.0000,188.6346,4.9547,0.0000,0.0000,791,707,84122,12.24,549.0
285,52.9523,13.8522,0.0642,0.0161,3.2544,0.0872,0.0239,188.3025,0.0013,1,0.0454,3.1680,0.0881,0.9319,188.6567,0.0000,188.6567,4.9187,0.0000,0.0000,791,700,83258,12.23,549.0
286,53.1441,100.0000,0.6611,0.0159,2.8625,0.0768,0.0273,202.8682,0.0014,1,0.0460,3.0564,0.0892,1.1387,193.2679,0.0000,193.2679,4.8423,0.0000,0.0000,791,702,83610,12.23,549.0
287,53.3506,100.0000,1.3319,0.0169,7.0192,3.7625,0.0318,189.3745,0.0053,1,0.0455,3.3508,0.0897,0.9073,192.6147,0.0000,192.6147,4.8320,0.0000,0.0000,791,702,83610,12.23,582.6
288,53.5522,100.0000,0.5297,0.0162,3.1941,0.0812,0.0257,428.8288,0.0016,1,0.0475,3.5321,0.0886,0.8814,193.4680,0.0000,193.4680,5.5414,0.0000,0.0000,791,694,82586,12.23,582.6
289,53.9849,100.0000,0.5830,0.0226,3.4973,0.0862,0.0277,7.6395,0.0018,1,0.0444,3.3229,0.0886,0.9746,188.8974,0.0000,188.8974,5.2237,0.0000,0.0000,791,677,80538,12.23,582.6
290,53.9967,11.8839,0.7737,0.0200,3.6532,0.0814,0.0308,186.7835,0.0014,1,0.0445,2.7480,0.0875,0.7530,185.3472,0.0000,185.3472,5.2190,0.0000,0.0000,791,664,79002,12.34,582.6
291,54.1881,100.0000,0.8716,0.0160,2.7390,0.0677,0.0269,385.1128,0.0023,1,0.0432,3.0963,0.0875,0.8520,184.9051,0.0000,184.9051,4.8023,0.0000,0.0000,791,644,76442,12.34,582.6
292,54.5770,100.0000,6.3857,0.0176,4.3818,0.0689,0.0262,6.1503,0.0016,1,0.0444,2.7669,0.0879,0.8442,180.8191,0.0000,180.8191,4.9406,0.0000,0.0000,791,641,76186,12.34,582.6
293,54.5940,17.0484,0.0580,0.0153,4.5939,0.0679,0.0253,173.3470,0.0013,1,0.0483,2.7361,0.0877,0.9400,179.6293,0.0000,179.6293,4.7910,0.0000,0.0000,791,627,74618,12.42,582.6
294,54.7721,100.0000,0.0707,0.0158,2.6033,0.0595,0.0221,390.8945,0.0017,1,0.0454,2.9335,0.0881,0.9155,186.3400,0.0000,186.3400,4.8281,0.0000,0.0000,791,614,72954,12.42,619.8
295,55.1658,100.0000,0.2695,0.0239,3.7604,0.0728,0.0265,5.9350,0.0013,1,0.0467,2.7586,0.0881,0.8440,185.2964,0.0000,185.2964,5.1223,0.0000,0.0000,791,613,72826,12.42,619.8
296,55.1759,10.1068,0.6547,0.0165,9.9404,0.0751,0.0263,185.7770,0.0014,1,0.0439,2.6525,0.0881,0.8110,188.4034,0.0000,188.4034,4.9688,0.0000,0.0000,791,606,71962,12.43,619.8
297,55.3724,100.0000,0.4344,0.0171,2.7213,0.0742,0.0259,195.1297,0.0013,1,0.0443,2.6112,0.0870,1.0130,190.2664,0.0000,190.2664,5.2213,0.0000,0.0000,791,592,70298,12.43,619.8
298,55.5709,100.0000,3.3442,0.0158,2.4279,0.0599,0.0219,194.9964,0.0014,1,0.0483,2.8815,0.0880,0.8676,188.1388,0.0000,188.1388,4.9883,0.0000,0.0000,791,591,70170,12.43,619.8
299,55.7717,100.0000,0.7835,0.0151,3.0455,0.0609,0.0219,192.8625,0.0011,1,0.0472,2.8611,0.0881,0.7942,190.0809,0.0000,190.0809,5.0033,0.0000,0.0000,791,586,69530,12.43,619.8
300,55.9685,100.0000,0.0661,0.0141,2.8395,0.0749,0.0261,195.8188,0.0014,1,0.0473,3.0044,0.0868,0.9585,189.9314,0.0000,189.9314,4.9887,0.0000,0.0000,791,584,69274,12.32,624.9
301,56.1674,100.0000,0.2177,0.0191,5.5480,0.0959,0.0241,400.7861,0.0022,1,0.0591,3.0820,0.0873,1.0020,192.5302,0.0000,192.5302,5.0055,0.0000,0.0000,791,584,69274,12.32,624.9
302,56.5741,100.0000,0.9247,0.0268,3.5307,0.0853,0.0232,4.6327,0.0016,1,0.0452,2.6319,0.0881,0.7844,191.9584,0.0000,191.9584,4.8236,0.0000,0.0000,791,584,69274,12.23,624.9
303,56.5834,9.2405,0.2309,0.0146,2.3878,0.1273,0.0628,277.5245,0.0016,1,0.0451,3.0634,0.0900,0.8875,196.2282,0.0000,196.2282,5.3319,0.0000,0.0000,791,584,69274,12.35,624.9
304,56.8637,100.0000,22.5743,0.0146,16.3858,0.0681,0.0225,127.5614,0.0015,1,0.0421,3.1480,0.0881,0.9857,196.3265,0.0000,196.3265,4.8355,0.0000,0.0000,791,584,69274,12.35,624.9
305,57.0304,100.0000,0.7995,0.0146,3.0765,0.0683,0.0254,333.6848,0.0011,1,0.0415,2.5086,0.0876,0.8251,195.3941,0.0000,195.3941,5.2159,0.0000,0.0000,791,584,69274,12.26,624.9
306,57.3681,100.0000,1.3698,0.0155,8.4614,0.1326,0.0254,191.2602,0.0014,1,0.0431,2.6963,0.2744,0.7455,196.4345,0.0000,196.4345,5.1392,0.0000,0.0000,791,584,69274,12.26,651.1
307,57.5693,100.0000,0.0352,0.0130,2.8461,0.0704,0.0250,229.7142,0.0010,1,0.0444,2.4372,0.0880,0.7422,193.4440,0.0000,193.4440,4.8126,0.0000,0.0000,791,584,69274,12.14,651.1
308,59.4408,100.0000,11.9302,0.0197,3.8864,0.0677,0.0238,7.5680,0.0020,1,0.0426,2.4285,0.0875,0.7188,194.4709,0.0000,194.4709,4.8324,0.0000,0.0000,791,584,69274,12.14,651.1
309,59.4643,23.5073,264.2458,0.0154,5.0109,0.0658,0.0229,5.9855,0.0020,1,0.0488,2.5340,0.0877,0.8970,225.0238,0.0000,225.0238,4.9165,0.0000,0.0000,791,584,69274,12.24,651.1
310,59.7397,100.0000,0.5429,0.0209,2.7096,0.0682,0.0216,6.2298,0.0015,1,0.0442,2.4644,0.0881,0.7745,220.4693,0.0000,220.4693,4.7895,0.0000,0.0000,791,584,69274,12.13,651.1
311,59.7493,9.6028,0.3971,0.0163,3.2845,0.0654,0.0231,294.6121,0.0017,1,0.0435,2.6550,0.0881,0.7518,219.6271,0.0000,219.6271,5.3450,0.0000,0.0000,791,584,69274,12.24,651.1
312,60.0477,100.0000,192.4887,0.0177,3.2963,0.0704,0.0262,11.7869,0.0012,1,0.0453,3.2380,0.0883,0.8008,222.6282,0.0000,222.6282,4.9456,0.0000,0.0000,791,584,69274,12.24,651.1
313,60.2554,100.0000,0.8488,0.0171,2.9266,0.0713,0.0267,480.5805,0.0020,1,0.0428,2.7693,0.0883,1.1919,221.6032,0.0000,221.6032,4.7664,0.0000,0.0000,791,584,69274,12.13,651.0
314,60.7399,100.0000,2.2798,0.0243,3.0415,0.0657,0.0239,326.8172,0.0019,1,0.0460,2.8458,0.0878,0.8274,227.5443,0.0000,227.5443,4.9382,0.0000,0.0000,791,584,69274,12.13,651.0
315,61.0722,100.0000,0.0245,0.0174,2.8397,0.0905,0.0334,5.6443,0.0017,1,0.0423,2.5014,0.0883,0.8207,212.6198,0.0000,212.6198,4.7329,0.0000,0.0000,791,584,69274,12.13,651.0
316,61.0809,8.6596,0.0242,0.0144,2.6515,0.0655,0.0266,224.4932,0.0015,1,0.0452,2.5278,0.0869,0.7554,207.0079,0.0000,207.0079,4.8910,0.0000,0.0000,791,584,69274,12.13,651.0
317,61.3082,100.0000,0.2472,0.0172,7.0548,0.0803,0.0300,550.9205,0.0018,1,0.0454,2.5051,0.0867,0.7311,212.9242,0.0000,212.9242,5.3660,0.0000,0.0000,791,584,69274,12.13,651.0
318,61.8665,100.0000,0.1723,0.0166,2.6329,0.0907,0.0350,415.8946,0.0020,1,0.0425,2.4041,0.0881,0.8070,213.9115,0.0000,213.9115,4.7265,0.0000,0.0000,791,584,69274,12.13,651.0
319,62.2854,100.0000,5.4273,0.0178,3.8588,0.0712,0.0277,6.0249,0.0013,1,0.0429,2.4462,0.0880,0.7928,227.0976,0.0000,227.0976,4.7224,0.0000,0.0000,791,584,69274,12.02,651.0
320,62.3008,15.4369,480.3117,0.0177,2.6422,0.0647,0.0235,5.9796,0.0026,1,0.0447,3.1422,0.0884,0.7700,211.9084,0.0000,211.9084,4.8601,0.0000,0.0000,791,584,69274,12.12,651.0
321,62.7899,100.0000,0.3552,0.0211,3.5533,0.0660,0.0255,218.0769,0.0017,1,0.0448,2.4391,0.0881,0.8059,206.0220,0.0000,206.0220,4.7147,0.0000,0.0000,791,584,69274,12.12,651.0
322,63.0120,100.0000,0.7858,0.0200,10.1469,0.0701,0.0276,235.0426,0.0025,1,0.0463,2.7229,0.0881,0.8234,206.9879,0.0000,206.9879,4.8293,0.0000,0.0000,791,584,69274,12.12,651.0
323,63.2581,100.0000,3.0797,0.0236,9.4749,0.0708,0.0266,8.9899,0.0013,1,0.0446,2.5340,0.0881,1.0713,204.6937,0.0000,204.6937,4.8310,0.0000,0.0000,791,584,69274,12.12,651.0
324,63.2798,21.6745,0.2129,0.0186,4.7951,0.0714,0.0280,197.1857,0.0011,1,0.0454,2.6122,0.0899,0.8645,205.8106,0.0000,205.8106,4.6439,0.0000,0.0000,791,584,69274,12.11,651.0
325,63.4821,100.0000,0.3695,0.0144,4.1979,0.0645,0.0255,212.0027,0.0013,1,0.0467,2.7381,0.0881,0.8848,207.6541,0.0000,207.6541,4.6477,0.0000,0.0000,791,584,69274,12.11,651.0
326,63.6988,100.0000,0.6283,0.0144,6.4663,0.1069,0.0399,204.3548,0.0320,1,0.0457,2.5570,0.0880,0.7750,205.3630,0.0000,205.3630,4.7967,0.0000,0.0000,791,584,69274,12.11,651.9
327,63.9106,100.0000,0.4759,0.4040,4.2699,0.0582,0.0208,208.5295,0.0013,1,0.0439,2.4151,0.0883,0.7239,205.3506,0.0000,205.3506,4.6616,0.0000,0.0000,791,584,69274,12.00,651.9
328,64.1243,100.0000,1.4764,0.0146,8.2208,0.0572,0.0218,424.6924,0.0021,1,0.0452,2.4784,0.0881,0.7046,208.4532,0.0000,208.4532,4.6760,0.0000,0.0000,791,584,69274,12.00,651.9
329,64.5588,100.0000,0.7959,0.0249,5.2965,0.0688,0.0259,6.2976,0.0015,1,0.0434,2.6243,0.0876,0.8009,207.6707,0.0000,207.6707,4.6516,0.0000,0.0000,791,584,69274,12.00,651.9
330,64.5714,12.5193,0.5174,0.0166,4.5303,0.0836,0.0259,204.1631,0.0018,1,0.0522,2.9579,0.0877,1.0699,205.8068,0.0000,205.8068,4.6248,0.0000,0.0000,791,584,69274,12.00,651.9
331,64.7807,100.0000,0.7130,0.0193,5.1566,0.0777,0.0290,425.6452,0.0014,1,0.0445,2.5543,0.0883,0.7680,207.5461,0.0000,207.5461,4.6287,0.0000,0.0000,791,584,69274,12.00,651.9
332,65.2123,100.0000,3.7180,0.0184,7.9756,0.0587,0.0230,4.9650,0.0013,1,0.0438,2.5489,0.0865,0.8034,205.3433,0.0000,205.3433,4.7939,0.0000,0.0000,791,584,69274,12.00,651.9
333,65.2291,16.7669,1.6962,0.0148,3.9682,0.0580,0.0219,199.5997,0.0016,1,0.0453,2.4136,0.0881,0.6840,206.2742,0.0000,206.2742,4.6183,0.0000,0.0000,791,584,69274,12.10,651.9
334,65.4345,100.0000,0.1822,0.0163,4.9984,0.0843,0.0314,416.4253,0.0017,1,0.0418,2.3808,0.0878,0.7244,204.1755,0.0000,204.1755,4.6269,0.0000,0.0000,791,584,69274,12.10,651.9
335,65.8562,100.0000,0.0809,0.0257,4.1050,0.0622,0.0241,5.0374,0.0014,1,0.0420,2.4758,0.0881,0.6761,201.8709,0.0000,201.8709,4.5970,0.0000,0.0000,791,584,69274,11.99,651.9
336,65.8656,9.3438,0.0708,0.0162,30.7753,0.0691,0.0253,176.5005,0.0014,1,0.0464,3.0998,0.0881,0.8895,200.1082,0.0000,200.1082,4.5935,0.0000,0.0000,791,584,69274,12.10,651.9
337,66.0730,100.0000,0.2844,0.0178,4.6015,0.0815,0.0313,204.5765,0.0019,1,0.0437,2.4412,0.0881,0.6751,200.9487,0.0000,200.9487,4.6113,0.0000,0.0000,791,584,69274,12.10,651.9
338,66.2826,100.0000,0.0906,0.0185,5.4935,0.0785,0.0375,208.6437,0.0017,1,0.0470,3.1288,0.0880,1.0720,204.4714,0.0000,204.4714,4.6110,0.0000,0.0000,791,584,69274,12.10,651.9
339,66.4970,100.0000,0.0851,0.0168,4.7677,0.0741,0.0280,203.1230,0.0014,1,0.0451,2.7038,0.0880,0.8463,200.4099,0.0000,200.4099,4.5815,0.0000,0.0000,791,584,69274,12.10,654.3
340,66.7051,100.0000,0.8303,0.0179,4.5658,0.0677,0.0323,204.7991,0.0014,1,0.0458,2.6086,0.0881,0.8803,201.7227,0.0000,201.7227,4.5883,0.0000,0.0000,791,584,69274,12.10,654.3
341,66.9154,100.0000,1.4045,0.0163,5.3462,0.0668,0.0258,204.4994,0.0017,1,0.0408,2.4191,0.0868,0.6682,200.7569,0.0000,200.7569,4.5695,0.0000,0.0000,791,584,69274,12.10,654.3
342,67.1268,100.0000,1.3300,0.0189,6.0491,0.0905,0.0284,204.0429,0.0012,1,0.0443,2.7404,0.0881,0.8162,204.9651,0.0000,204.9651,4.5741,0.0000,0.0000,791,584,69274,12.10,654.3
343,67.3384,100.0000,0.7055,0.0181,5.5407,0.0728,0.0265,212.9820,0.0013,1,0.0419,2.5189,0.0881,0.7304,209.4490,0.0000,209.4490,4.5800,0.0000,0.0000,791,584,69274,12.00,654.3
344,67.5577,100.0000,1.1606,0.0180,4.3301,0.0739,0.0408,206.9702,0.0016,1,0.0436,2.5149,0.0884,0.7107,203.8288,0.0000,203.8288,4.7191,0.0000,0.0000,791,584,69274,12.00,662.5
345,67.7703,100.0000,0.6958,0.0177,4.5653,0.0738,0.0279,438.8239,0.0019,1,0.0418,2.5215,0.0881,0.7785,211.7906,0.0000,211.7906,4.5698,0.0000,0.0000,791,584,69274,12.00,662.5
346,68.2146,100.0000,8.1636,0.0191,5.6460,0.0777,0.0284,5.4532,0.0014,1,0.0459,3.1068,0.0881,0.9685,212.8777,0.0000,212.8777,4.5648,0.0000,0.0000,791,584,69274,11.89,662.5
347,68.2339,19.3970,0.1161,0.0181,5.1619,0.0737,0.0282,198.9055,0.0014,1,0.0423,2.4538,0.0882,1.0260,206.9229,0.0000,206.9229,4.5690,0.0000,0.0000,791,584,69274,11.99,662.5
348,68.4383,100.0000,0.8673,0.0242,11.2148,0.0777,0.0288,432.9039,0.0030,1,0.0515,3.4668,0.0879,0.9700,209.9576,0.0000,209.9576,4.8497,0.0000,0.0000,791,584,69274,11.99,662.5
349,68.8834,100.0000,2.1195,0.0207,4.9732,0.0666,0.0250,9.5103,0.0017,1,0.0452,2.5213,0.0882,0.8509,213.8973,0.0000,213.8973,4.5301,0.0000,0.0000,791,584,69274,11.99,662.5
350,68.9001,16.7253,1.5074,0.0224,5.0628,0.1235,0.0343,426.1000,0.0015,1,0.0526,2.7156,0.0881,1.0492,213.0772,0.0000,213.0772,4.6989,0.0000,0.0000,791,584,69274,12.09,662.5
351,69.3330,100.0000,0.6012,0.0209,5.2622,0.0863,0.0269,5.4903,0.0015,1,0.0498,3.2690,0.0881,0.9636,209.4951,0.0000,209.4951,4.5232,0.0000,0.0000,791,584,69274,12.09,692.2
352,69.3445,11.4973,0.0669,0.0183,4.7661,0.0767,0.0287,209.0138,0.0015,1,0.0444,2.4355,0.0890,0.7059,210.9962,0.0000,210.9962,4.9165,0.0000,0.0000,791,584,69274,12.20,692.2
353,69.5585,100.0000,1.1677,0.0186,3.9351,0.0714,0.0288,436.7417,0.0021,1,0.0446,2.6624,0.0884,0.8471,209.6243,0.0000,209.6243,4.6647,0.0000,0.0000,791,584,69274,12.10,692.2
354,70.0005,100.0000,1.1895,0.0789,12.8951,0.1432,0.0476,8.6032,0.0022,1,0.0444,2.8078,0.0881,1.0223,211.8528,0.0000,211.8528,4.7559,0.0000,0.0000,791,584,69274,12.10,692.2
355,70.0234,22.9702,0.3925,0.0206,5.7022,0.0948,0.0271,417.7788,0.0021,1,0.0452,2.6326,0.0881,0.8376,211.7661,0.0000,211.7661,4.7579,0.0000,0.0000,791,584,69274,12.08,692.2
356,70.4475,100.0000,0.1128,0.0225,5.5107,0.0674,0.0258,9.1843,0.0013,1,0.0431,2.5988,0.0879,0.8504,211.9965,0.0000,211.9965,4.8784,0.0000,0.0000,791,584,69274,12.08,692.2
357,70.4624,14.9324,0.0749,0.0156,4.8598,0.0852,0.0279,207.0485,0.0015,1,0.0466,2.5843,0.0882,0.7660,209.9407,0.0000,209.9407,4.5177,0.0000,0.0000,791,584,69274,12.19,692.2
358,70.6745,100.0000,10.1535,0.0188,5.1918,0.0746,0.0279,202.7830,0.0014,1,0.0457,2.6089,0.0876,0.8398,210.6348,0.0000,210.6348,4.5160,0.0000,0.0000,791,584,69274,12.19,692.2
359,70.8928,100.0000,0.0749,0.0153,4.1637,0.0698,0.0253,215.2753,0.0014,1,0.0426,2.5454,0.0884,0.8303,211.1041,0.0000,211.1041,4.5421,0.0000,0.0000,791,584,69274,12.19,692.5
360,71.1124,100.0000,0.2405,0.0166,4.7595,0.0681,0.0253,218.6449,0.0031,1,0.0456,2.7163,0.0880,0.9689,211.2954,0.0000,211.2954,4.8452,0.0000,0.0000,791,584,69274,12.08,692.5
361,71.3362,100.0000,0.1148,0.0203,4.8232,0.0726,0.0262,218.9327,0.0015,1,0.0519,2.6991,0.0876,1.3434,211.2759,0.0000,211.2759,4.7227,0.0000,0.0000,791,584,69274,12.08,692.5
362,71.5602,100.0000,0.0676,0.0164,4.3136,0.0689,0.0277,214.5197,0.0015,1,0.0457,2.5711,0.0881,0.7619,212.3958,0.0000,212.3958,4.5038,0.0000,0.0000,791,584,69274,12.08,692.5
363,71.7792,100.0000,0.0650,0.0152,4.2357,0.0663,0.0252,213.2925,0.0016,1,0.0444,2.6164,0.0881,0.8100,209.1615,0.0000,209.1615,4.5033,0.0000,0.0000,791,584,69274,11.97,692.5
364,71.9969,100.0000,0.3704,0.0178,4.3071,0.0856,0.0289,434.9872,0.0017,1,0.0450,2.5741,0.0880,0.7475,210.4343,0.0000,210.4343,4.5012,0.0000,0.0000,791,584,69274,11.97,694.3
365,72.4367,100.0000,0.7796,0.0245,4.2061,0.0750,0.0268,6.3926,0.0012,1,0.0442,2.9303,0.0878,0.7625,209.6696,0.0000,209.6696,4.9442,0.0000,0.0000,791,584,69274,11.97,694.3
366,72.4482,11.5128,0.6597,0.0167,3.8267,0.0645,0.0236,210.4701,0.0018,1,0.0447,2.6763,0.0876,0.8520,208.8193,0.0000,208.8193,4.4914,0.0000,0.0000,791,584,69274,12.08,694.3
367,72.6633,100.0000,0.4674,0.0210,4.8436,0.0742,0.0280,214.6163,0.0015,1,0.0445,2.6625,0.0881,0.9046,210.9205,0.0000,210.9205,4.4841,0.0000,0.0000,791,584,69274,12.08,694.3
368,72.8834,100.0000,1.4245,0.0174,10.2516,0.0691,0.0273,426.4552,0.0021,1,0.0431,2.7502,0.0877,0.8029,214.8379,0.0000,214.8379,4.8059,0.0000,0.0000,791,584,69274,12.08,694.3
369,73.3218,100.0000,0.2504,0.0248,10.1298,0.0736,0.0275,178.2366,0.0020,1,0.0434,2.4825,0.0881,0.7746,209.4775,0.0000,209.4775,4.6323,0.0000,0.0000,791,584,69274,12.08,694.3
370,73.6930,100.0000,0.8403,0.0169,9.8148,0.0661,0.0325,8.3069,0.0029,1,0.0447,2.6403,0.0860,0.7211,178.0094,0.0000,178.0094,4.6677,0.0000,0.0000,791,584,69274,11.98,694.3
371,73.7122,19.2078,0.1052,0.0220,5.1191,0.0674,0.0261,76.1381,0.0027,1,0.0425,2.4544,0.0511,0.6615,81.8711,0.0000,81.8711,2.0224,0.0000,0.0000,791,584,69274,12.07,694.3
372,73.7937,81.4917,0.0950,0.0197,5.1069,0.0750,0.0281,6.2011,0.0016,1,0.0486,2.7002,0.0472,0.9226,70.0027,0.0000,70.0027,1.8629,0.0000,0.0000,791,584,69274,11.99,694.3
373,73.8052,11.5353,0.0732,0.0165,4.4483,0.0738,0.0285,147.1225,0.0020,1,0.0435,2.6365,0.0458,0.6881,71.3949,0.0000,71.3949,1.6532,0.0000,0.0000,791,584,69274,12.09,694.3
374,73.9570,100.0000,0.0944,0.0286,21.6314,0.0797,0.0300,8.5977,0.0021,1,0.0434,2.6198,0.0460,0.6311,72.9930,0.0000,72.9930,1.6398,0.0000,0.0000,791,584,69274,12.09,694.3
375,73.9874,30.4732,0.0817,0.0180,5.7884,0.0767,0.0295,51.6639,0.0018,1,0.0444,2.5794,0.0460,0.6715,75.6595,0.0000,75.6595,1.6384,0.0000,0.0000,791,584,69274,12.18,694.3
376,74.0451,57.6679,0.0803,0.0165,5.1606,0.0780,0.0296,86.4512,0.0015,1,0.0444,2.7093,0.0474,0.7435,81.7207,0.0000,81.7207,1.6363,0.0000,0.0000,791,584,69274,12.23,694.3
377,74.1369,91.8251,0.7250,0.0159,5.2557,0.0723,0.0268,76.1250,0.0019,1,0.0426,2.5190,0.0470,0.5952,81.1615,0.0000,81.1615,1.6440,0.0000,0.0000,791,584,69274,12.24,694.3
378,74.2192,82.2306,2.6756,0.0175,27.3489,0.2252,0.0291,58.2047,0.0015,1,0.0425,3.0253,0.0471,0.8514,81.1983,0.0000,81.1983,1.6401,0.0000,0.0000,791,584,69274,12.26,694.3
379,74.3077,88.5106,0.5176,0.0161,4.2627,0.0731,0.0279,87.1969,0.0016,1,0.0428,2.6631,0.0469,0.6645,81.5966,0.0000,81.5966,1.6333,0.0000,0.0000,791,584,69274,12.28,694.3
380,74.3998,92.1038,8.8185,0.0171,4.4958,0.0754,0.0269,151.3162,0.0021,1,0.0442,2.6730,0.0470,0.7497,76.0634,0.0000,76.0634,1.6316,0.0000,0.0000,791,584,69274,12.18,694.3
381,74.5646,100.0000,0.8811,0.0211,6.4467,0.0764,0.0266,17.1898,0.0019,1,0.0437,2.4573,0.0471,0.6112,78.5235,0.0000,78.5235,1.7982,0.0000,0.0000,791,584,69274,12.18,694.3
382,74.5892,24.6529,0.8837,0.0171,6.4436,0.0734,0.0283,59.9927,0.0015,1,0.0461,2.4956,0.0486,0.7607,79.9437,0.0000,79.9437,1.6280,0.0000,0.0000,791,584,69274,12.27,694.3
383,74.6566,67.4482,0.7298,0.0177,5.4270,0.1628,0.0484,163.1418,0.0017,1,0.0424,2.5563,0.0471,0.6980,79.8719,0.0000,79.8719,1.7742,0.0000,0.0000,791,584,69274,12.31,694.3
384,74.8262,100.0000,0.8752,0.0232,4.6218,0.0681,0.0280,6.2148,0.0015,1,0.0432,2.5030,0.0471,0.6132,79.2691,0.0000,79.2691,1.9154,0.0000,0.0000,791,584,69274,12.31,694.3
385,74.8380,11.8402,0.6858,0.0170,4.3987,0.0721,0.0270,75.3650,0.0016,1,0.0458,2.7436,0.0469,0.6943,80.0863,0.0000,80.0863,1.6240,0.0000,0.0000,791,584,69274,12.43,694.3
386,74.9186,80.5748,0.6146,0.0156,4.0616,0.0636,0.0236,84.2236,0.0014,1,0.0441,2.6236,0.0473,0.7434,82.3002,0.0000,82.3002,1.6222,0.0000,0.0000,791,584,69274,12.45,694.3
387,75.0076,89.0111,0.7352,0.0188,4.4795,0.0720,0.0267,85.0028,0.0019,1,0.0422,2.9724,0.0468,0.6644,83.5260,0.0000,83.5260,1.6278,0.0000,0.0000,791,584,69274,12.46,694.6
388,75.0980,90.3460,1.3253,0.0161,13.7306,0.0768,0.0276,73.0633,0.0017,1,0.0441,2.6096,0.0475,1.1206,83.5582,0.0000,83.5582,1.6235,0.0000,0.0000,791,584,69274,12.48,694.6
389,75.1862,88.2485,1.0013,0.0164,4.6878,0.0688,0.0260,88.6362,0.0031,1,0.0424,2.4801,0.0470,0.6083,83.7217,0.0000,83.7217,1.6205,0.0000,0.0000,791,584,69274,12.49,694.6
390,75.2807,94.4495,0.0982,0.0236,5.5598,0.1160,0.0310,171.5396,0.0016,1,0.0454,2.6714,0.0476,0.7220,84.1184,0.0000,84.1184,1.6191,0.0000,0.0000,791,584,69274,12.50,694.6
391,75.4580,100.0000,1.6430,0.0232,4.8532,0.0563,0.0222,5.2046,0.0015,1,0.0495,3.2338,0.0475,0.7816,83.2253,0.0000,83.2253,1.6118,0.0000,0.0000,791,584,69274,12.39,694.6
392,75.4698,11.8112,0.0745,0.0169,5.1099,0.0726,0.0268,78.3723,0.0018,1,0.0473,2.7757,0.0469,0.6953,84.0334,0.0000,84.0334,1.6098,0.0000,0.0000,791,584,69274,12.50,694.6
393,75.5536,83.7025,83.4339,0.0174,4.5570,0.1195,0.0324,447.6693,0.0027,1,0.0473,2.7757,0.0469,0.6953,84.0334,0.0000,84.0334,1.6098,0.0000,0.0000,791,584,69274,12.52,694.6
394,76.0894,100.0000,1.0649,0.0180,10.5114,0.2017,0.0296,7.6465,0.0012,1,0.0421,2.4062,0.0471,0.6126,83.2355,0.0000,83.2355,1.6130,0.0000,0.0000,791,584,69274,12.52,702.6
395,76.1093,19.8702,0.5466,0.0147,5.8136,0.0858,0.0260,5.6833,0.0014,1,0.0433,2.7468,0.0485,0.6427,82.6906,0.0000,82.6906,1.6077,0.0000,0.0000,791,584,69274,12.63,702.6
396,76.1214,12.1794,1.0141,0.0152,5.8230,0.0635,0.0246,66.6697,0.0014,1,0.0326,2.7846,0.0428,0.6898,72.4667,0.0000,72.4667,1.7264,0.0000,0.0000,791,589,69914,12.75,702.6
397,76.1951,73.6182,0.6887,0.0203,4.3416,0.0773,0.0277,162.0597,0.0015,1,0.0458,3.0438,0.0476,0.7252,72.5934,0.0000,72.5934,1.7181,0.0000,0.0000,791,589,69914,12.78,702.6
398,76.3623,100.0000,0.2312,0.0208,3.7946,0.0598,0.0241,4.7307,0.0011,1,0.0457,2.7632,0.0479,0.6802,82.0815,0.0000,82.0815,1.8762,0.0000,0.0000,791,589,69914,12.66,702.6
399,76.3712,8.8693,0.1424,0.0167,4.3119,0.0601,0.0226,84.6560,0.0013,1,0.0483,3.0900,0.0491,0.6720,85.2115,0.0000,85.2115,1.7016,0.0000,0.0000,791,589,69914,12.78,702.6
400,76.4604,89.2189,0.6256,0.0151,3.6733,0.0499,0.0196,173.4044,0.0018,1,0.0464,2.8672,0.0492,0.9559,84.7835,0.0000,84.7835,1.7041,0.0000,0.0000,791,589,69914,12.80,702.6
401,76.6382,100.0000,0.7559,0.0214,5.1572,0.0814,0.0244,4.4293,0.0014,1,0.0473,2.9012,0.0475,0.7237,81.3973,0.0000,81.3973,1.7081,0.0000,0.0000,791,589,69914,12.80,702.6
402,76.6487,10.4780,0.0617,0.0153,3.9840,0.0630,0.0244,79.6079,0.0018,1,0.0460,2.8129,0.0474,0.7236,81.8101,0.0000,81.8101,1.9265,0.0000,0.0000,791,589,69914,12.92,702.6
403,76.7324,83.7655,0.7940,0.0165,4.2686,0.0731,0.0265,174.7332,0.0020,1,0.0466,2.7280,0.0467,0.9431,83.3080,0.0000,83.3080,1.7076,0.0000,0.0000,791,589,69914,12.94,702.6
404,76.9123,100.0000,0.7627,0.0150,3.4849,0.0629,0.0243,4.6938,0.0012,1,0.0452,3.1052,0.0475,0.8361,83.2944,0.0000,83.2944,1.6994,0.0000,0.0000,791,589,69914,12.94,703.4
405,76.9214,9.0517,0.1668,0.0161,4.3964,0.0676,0.0254,79.2534,0.0013,1,0.0441,2.9882,0.0471,0.6610,82.3562,0.0000,82.3562,1.9168,0.0000,0.0000,791,589,69914,12.95,703.4
406,77.0053,83.9343,1.1518,0.0236,4.5986,0.0737,0.0257,84.7637,0.0012,1,0.0485,3.0471,0.0473,0.8883,82.2787,0.0000,82.2787,1.9031,0.0000,0.0000,791,589,69914,12.97,703.4
407,77.0960,90.6452,0.8095,0.0139,4.5518,0.1089,0.0330,83.1634,0.0013,1,0.0459,2.9821,0.0474,0.7566,83.1283,0.0000,83.1283,1.6814,0.0000,0.0000,791,589,69914,12.98,703.4
408,77.1847,88.6882,0.0635,0.0149,3.5106,0.0509,0.0202,84.1319,0.0015,1,0.0447,2.8348,0.0474,0.7001,81.1520,0.0000,81.1520,1.6902,0.0000,0.0000,791,589,69914,13.00,703.4
409,77.2725,87.8019,0.0713,0.0163,3.5913,0.0519,0.0256,85.6030,0.0015,1,0.0463,2.7750,0.0475,0.6799,83.1425,0.0000,83.1425,1.6880,0.0000,0.0000,791,589,69914,13.02,703.4
410,77.3618,89.3883,0.0664,0.0155,5.2288,0.0685,0.0281,84.1369,0.0021,1,0.0441,2.6335,0.0484,0.6967,82.7254,0.0000,82.7254,1.6973,0.0000,0.0000,791,589,69914,12.91,703.4
411,77.4514,89.5546,0.0818,0.0173,4.0316,0.0590,0.0224,82.3222,0.0016,1,0.0434,2.7032,0.0483,0.8772,81.7006,0.0000,81.7006,2.0134,0.0000,0.0000,791,589,69914,12.92,703.4
412,77.5379,86.5429,0.0736,0.0291,3.4296,0.0754,0.0293,175.8657,0.0020,1,0.0452,2.8716,0.0485,0.7839,81.3479,0.0000,81.3479,1.6789,0.0000,0.0000,791,589,69914,12.94,703.4
413,77.7175,100.0000,0.0832,0.0298,4.9106,0.0749,0.0264,10.0472,0.0017,1,0.0445,2.8370,0.0477,0.8369,81.1144,0.0000,81.1144,1.6766,0.0000,0.0000,791,589,69914,12.83,703.4
414,77.7326,15.1817,0.4487,0.0212,5.0332,0.0799,0.0285,72.9269,0.0015,1,0.0449,2.8050,0.0482,0.7373,82.4810,0.0000,82.4810,1.6793,0.0000,0.0000,791,589,69914,12.95,703.4
415,77.8112,78.5469,0.6418,0.0157,4.3330,0.0640,0.0271,84.7499,0.0013,1,0.0443,2.7958,0.0472,0.7996,82.1329,0.0000,82.1329,1.6794,0.0000,0.0000,791,589,69914,12.98,703.4
416,77.9010,89.8392,1.9016,0.0182,3.5566,0.0679,0.0233,80.4508,0.0019,1,0.0454,2.9412,0.0469,0.7346,80.8501,0.0000,80.8501,1.6746,0.0000,0.0000,791,589,69914,12.86,703.4
417,77.9871,86.0277,0.1770,0.0134,4.0769,0.0593,0.0229,175.1065,0.0021,1,0.0444,3.2232,0.0476,0.9070,83.6969,0.0000,83.6969,1.6846,0.0000,0.0000,791,589,69914,12.88,703.4
418,78.1665,100.0000,8.4814,0.0294,4.5169,0.0737,0.0328,6.5680,0.0013,1,0.0435,2.9665,0.0471,0.8052,80.9908,0.0000,80.9908,1.6708,0.0000,0.0000,791,589,69914,12.88,704.1
419,78.1862,19.7107,0.7260,0.0170,4.5361,0.0658,0.0260,67.1672,0.0019,1,0.0414,3.1772,0.0488,0.6492,80.4018,0.0000,80.4018,1.8766,0.0000,0.0000,791,589,69914,13.00,704.1
420,78.2588,72.5475,0.7125,0.0189,3.2523,0.0773,0.0333,85.9180,0.0018,1,0.0419,2.4667,0.0480,0.6052,82.3712,0.0000,82.3712,1.6689,0.0000,0.0000,791,589,69914,13.03,704.1
421,78.3488,90.0214,1.3481,0.0194,3.7427,0.0771,0.0297,83.8484,0.0016,1,0.0431,2.5282,0.0486,0.6221,82.7027,0.0000,82.7027,1.6757,0.0000,0.0000,791,589,69914,13.05,704.1
422,78.4379,89.0742,0.7502,0.0219,2.8871,0.0593,0.0210,171.3998,0.0029,1,0.0433,2.5964,0.0475,0.6679,80.7564,0.0000,80.7564,1.6818,0.0000,0.0000,791,589,69914,13.06,704.1
423,78.6130,100.0000,0.7687,0.0235,3.4411,0.0730,0.0280,5.4478,0.0014,1,0.0445,3.5062,0.0471,0.6794,82.9789,0.0000,82.9789,1.6738,0.0000,0.0000,791,589,69914,12.94,704.1
424,78.6228,9.7914,0.0739,0.0163,2.9835,0.0685,0.0264,80.6292,0.0018,1,0.0438,2.7279,0.0492,0.6921,80.1418,0.0000,80.1418,1.6687,0.0000,0.0000,791,589,69914,13.06,704.1
425,78.7066,83.8071,0.0681,0.0169,4.0556,0.0681,0.0276,82.5756,0.0012,1,0.0437,2.7241,0.0489,0.8996,82.7634,0.0000,82.7634,1.6736,0.0000,0.0000,791,589,69914,13.09,704.1
426,78.7934,86.8198,0.6848,0.0149,2.5461,0.0676,0.0251,88.0379,0.0017,1,0.0429,2.7108,0.0481,0.6062,83.3210,0.0000,83.3210,1.6724,0.0000,0.0000,791,589,69914,13.11,705.0
427,78.8848,91.3864,0.8040,0.0176,2.6572,0.0556,0.0216,85.5713,0.0012,1,0.0534,3.3771,0.0480,0.7512,81.1187,0.0000,81.1187,1.6681,0.0000,0.0000,791,589,69914,13.12,705.0
428,78.9740,89.1365,0.7542,0.0182,2.9131,0.0658,0.0243,82.4549,0.0013,1,0.0434,2.9086,0.0474,0.9498,81.2739,0.0000,81.2739,1.8813,0.0000,0.0000,791,589,69914,13.13,705.0
429,79.0602,86.2388,1.1600,0.0197,7.7506,0.0634,0.0246,81.6546,0.0012,1,0.0559,4.0308,0.0477,1.0813,83.2471,0.0000,83.2471,1.6630,0.0000,0.0000,791,589,69914,13.04,705.0
430,79.1509,90.6807,0.3703,0.5942,2.7496,0.0621,0.0240,85.9044,0.0015,1,0.0442,2.6986,0.0480,0.6236,82.3266,0.0000,82.3266,1.6658,0.0000,0.0000,791,589,69914,13.06,705.0
431,79.2406,89.7138,0.0620,0.0150,2.0872,0.0990,0.0211,85.5589,0.0014,1,0.0456,3.4238,0.0491,0.8901,82.0913,0.0000,82.0913,2.0822,0.0000,0.0000,791,589,69914,12.94,705.0
432,79.3285,87.8510,1.5990,0.0178,2.2859,0.0624,0.0241,89.3080,0.0014,1,0.0460,2.8471,0.0488,1.1141,84.4914,0.0000,84.4914,1.6614,0.0000,0.0000,791,589,69914,12.96,704.9
433,79.4218,93.3375,0.2428,0.0170,2.8847,0.0830,0.0247,163.0263,0.0013,1,0.0495,3.3174,0.0488,0.8506,83.6554,0.0000,83.6554,1.9963,0.0000,0.0000,791,589,69914,12.97,704.9
434,79.5881,100.0000,0.4741,0.0191,3.2269,0.0684,0.0204,3.8289,0.0012,1,0.0428,2.7593,0.0476,0.6615,71.0440,0.0000,71.0440,1.7092,0.0000,0.0000,791,585,69402,12.97,704.9
435,79.5957,7.6549,0.1209,0.0143,2.4939,0.0627,0.0240,66.3438,0.0013,1,0.0433,3.2422,0.0472,0.8728,66.1389,0.0000,66.1389,1.8376,0.0000,0.0000,791,568,67354,13.10,704.9
436,79.6648,69.0680,0.4447,0.0160,2.7370,0.0839,0.0272,116.6527,0.0031,1,0.0471,2.5262,0.0471,0.7107,53.0984,0.0000,53.0984,1.4311,0.0000,0.0000,791,513,60478,13.02,704.9
437,79.7848,100.0000,1.2581,0.0215,3.4602,0.0639,0.0250,6.0875,0.0013,1,0.0424,2.5753,0.0470,0.6068,53.8949,0.0000,53.8949,1.4280,0.0000,0.0000,791,513,60478,13.02,704.9
438,79.7958,10.9350,0.4130,0.0139,2.4281,0.0731,0.0259,51.0817,0.0014,1,0.0730,3.3198,0.0460,1.3018,51.9505,0.0000,51.9505,1.4006,0.0000,0.0000,791,503,59198,13.14,704.9
439,79.8498,54.0524,0.4822,0.0161,3.2277,0.1121,0.0261,103.1423,0.0025,1,0.0465,2.5808,0.0456,0.6872,48.8914,0.0000,48.8914,1.3593,0.0000,0.0000,791,488,57438,13.21,704.9
440,80.0685,100.0000,3.0996,0.0164,3.4502,0.0709,0.0268,6.0612,0.0018,1,0.0436,2.3416,0.0454,0.4992,49.6466,0.0000,49.6466,1.3495,0.0000,0.0000,791,487,57184,13.09,711.5
441,80.0813,12.7495,1.5323,0.0224,4.2382,0.0648,0.0232,48.6961,0.0022,1,0.0470,2.5897,0.0451,0.5222,53.7040,0.0000,53.7040,1.4527,0.0000,0.0000,791,475,55680,13.21,711.5
442,80.1359,54.6020,1.0163,0.0227,5.3068,0.0719,0.0266,4.7775,0.0014,1,0.0502,2.0231,0.0467,0.4218,45.3233,0.0000,45.3233,1.3548,0.0000,0.0000,791,409,48052,13.28,711.5
443,80.1471,11.2395,0.5566,0.0174,2.8193,0.0700,0.0263,41.3953,0.0015,1,0.0401,1.8052,0.0461,0.3994,45.4406,0.0000,45.4406,1.3480,0.0000,0.0000,791,407,47796,13.41,711.5
444,80.1920,44.9026,0.4886,0.0164,2.9808,0.0988,0.0283,46.4624,0.0018,1,0.0406,1.8774,0.0454,0.4076,44.6893,0.0000,44.6893,1.3762,0.0000,0.0000,791,407,47796,13.38,711.5
445,80.2421,50.0930,0.6239,0.0169,2.3186,0.0573,0.0214,47.6859,0.0014,1,0.0436,1.8075,0.0451,0.3788,45.1554,0.0000,45.1554,1.3818,0.0000,0.0000,791,409,48052,13.45,711.5
446,80.2928,50.7437,0.8212,0.0178,3.7381,0.0875,0.0258,97.9784,0.0016,1,0.0484,2.3443,0.0468,0.6191,45.9837,0.0000,45.9837,1.6241,0.0000,0.0000,791,409,48020,13.53,711.5
447,80.3955,100.0000,0.5943,0.0200,3.0009,0.0647,0.0261,4.3907,0.0019,1,0.0431,2.2315,0.0462,0.5078,46.5909,0.0000,46.5909,1.6158,0.0000,0.0000,791,407,47764,13.53,711.5
448,80.4036,8.1168,0.0630,0.0149,3.1003,0.0655,0.0258,45.5803,0.0013,1,0.0431,1.9471,0.0452,0.4298,47.5820,0.0000,47.5820,1.6399,0.0000,0.0000,791,416,48916,13.67,711.5
449,80.4525,48.8580,0.4438,0.0158,2.9331,0.0731,0.0262,53.5066,0.0012,1,0.0401,2.0352,0.0457,0.4527,50.0404,0.0000,50.0404,1.4742,0.0000,0.0000,791,428,50420,13.75,711.5
450,80.5095,57.0163,1.2975,0.0155,2.5885,0.0645,0.0246,50.4699,0.0016,1,0.0431,2.0089,0.0462,0.5139,50.8529,0.0000,50.8529,1.4816,0.0000,0.0000,791,428,50420,13.68,711.5
451,80.5640,54.4772,0.2155,0.0168,3.0646,0.0757,0.0274,111.9445,0.0024,1,0.0412,2.2620,0.0452,0.4923,50.8640,0.0000,50.8640,1.5157,0.0000,0.0000,791,438,51668,13.75,711.5
452,80.6794,100.0000,0.5915,0.0216,4.8611,0.0767,0.0293,6.4759,0.0016,1,0.0397,1.9715,0.0457,0.4465,54.1383,0.0000,54.1383,1.5652,0.0000,0.0000,791,455,53620,13.75,711.6
453,80.6914,12.0754,0.2319,0.0163,3.6542,0.0926,0.0246,51.1066,0.0014,1,0.0407,2.1982,0.0460,0.5135,56.0814,0.0000,56.0814,1.5805,0.0000,0.0000,791,468,55188,13.76,711.6
454,80.7466,55.1443,0.5018,0.0170,1.9656,0.0657,0.0259,122.5385,0.0026,1,0.0437,2.5764,0.0471,0.5315,57.1530,0.0000,57.1530,1.7852,0.0000,0.0000,791,483,56884,13.83,711.6
455,80.8717,100.0000,1.3283,0.0200,3.8810,0.0499,0.0193,3.6143,0.0011,1,0.0431,2.1758,0.0462,0.5127,58.5516,0.0000,58.5516,1.5777,0.0000,0.0000,791,487,57396,13.83,711.6
456,80.8807,8.9312,0.2120,0.0157,2.6520,0.0729,0.0262,59.1349,0.0015,1,0.0469,2.5013,0.0471,0.5386,59.6948,0.0000,59.6948,1.5855,0.0000,0.0000,791,493,58164,13.83,711.6
457,80.9428,62.1316,0.2922,0.0178,4.6522,0.0754,0.0234,123.9135,0.0016,1,0.0425,2.2840,0.0456,0.5801,59.3921,0.0000,59.3921,1.8081,0.0000,0.0000,791,506,59828,13.89,711.6
458,81.0718,100.0000,2.3670,0.0232,6.7699,0.0634,0.0235,5.1661,0.0012,1,0.0426,2.2234,0.0469,0.5394,60.0815,0.0000,60.0815,1.5920,0.0000,0.0000,791,515,60892,13.89,711.6
459,81.0862,14.4331,0.5942,0.0153,3.0274,0.0621,0.0220,53.4829,0.0012,1,0.0463,2.6434,0.0467,0.6566,60.3405,0.0000,60.3405,1.5747,0.0000,0.0000,791,556,65736,14.03,711.6
460,81.1434,57.2195,0.3454,0.0211,4.2536,0.0687,0.0244,126.5875,0.0022,1,0.0443,2.6538,0.0471,0.7665,60.7610,0.0000,60.7610,1.5679,0.0000,0.0000,791,565,66856,14.10,711.6
461,81.2748,100.0000,0.7903,0.0212,4.2027,0.0660,0.0250,4.2345,0.0015,1,0.0443,2.5244,0.0472,0.7297,58.9801,0.0000,58.9801,1.5734,0.0000,0.0000,791,572,67752,14.10,711.6
462,81.2841,9.3585,0.0659,0.0157,2.2775,0.0680,0.0255,60.8685,0.0014,1,0.0452,2.6795,0.0465,0.6750,59.8759,0.0000,59.8759,1.5628,0.0000,0.0000,791,580,68680,14.25,711.6
463,81.3475,63.3388,1.4069,0.0172,3.0872,0.0681,0.0245,127.3350,0.0015,1,0.0453,2.8359,0.0471,0.6493,60.5041,0.0000,60.5041,1.5701,0.0000,0.0000,791,587,69480,14.31,711.6
464,81.4794,100.0000,0.7275,0.0225,3.0692,0.0703,0.0267,5.8103,0.0015,1,0.0507,2.8242,0.0459,0.7288,59.6509,0.0000,59.6509,1.5784,0.0000,0.0000,791,588,69576,14.31,711.6
465,81.4892,9.7455,0.5383,0.0168,3.6736,0.0773,0.0305,56.5657,0.0016,1,0.0436,2.6850,0.0469,0.5988,58.2105,0.0000,58.2105,1.5845,0.0000,0.0000,791,581,68776,14.47,711.6
466,81.5501,60.9220,0.6259,0.0198,3.5162,0.0849,0.0376,124.6150,0.0016,1,0.0474,3.0841,0.0471,0.6574,57.4318,0.0000,57.4318,1.5974,0.0000,0.0000,791,581,68680,14.54,711.6
467,81.6790,100.0000,0.3283,0.0272,4.3685,0.0739,0.0269,5.7807,0.0017,1,0.0441,2.5669,0.0465,0.6142,59.3934,0.0000,59.3934,1.5911,0.0000,0.0000,791,581,68680,14.40,711.6
468,81.6896,10.6223,0.5013,0.0166,4.0514,0.0764,0.1939,54.8948,0.0014,1,0.0447,2.8679,0.0467,0.6103,58.1652,0.0000,58.1652,1.6129,0.0000,0.0000,791,588,69608,14.55,711.6
469,81.7494,59.7520,0.5159,0.0165,2.1505,0.0545,0.0211,65.9940,0.0014,1,0.0443,2.8254,0.0468,0.8231,60.1466,0.0000,60.1466,1.6362,0.0000,0.0000,791,621,73440,14.62,711.6
470,81.8182,68.7708,2.8738,0.0179,3.0595,0.0683,0.0237,60.0933,0.0015,1,0.1798,3.3105,0.0460,0.6021,62.3920,0.0000,62.3920,1.6482,0.0000,0.0000,791,623,73752,14.53,711.6
471,81.8843,66.1529,1.4664,0.0181,2.6919,0.0628,0.0227,64.0235,0.0015,1,0.0441,2.8871,0.0464,0.7388,60.3840,0.0000,60.3840,1.7938,0.0000,0.0000,791,627,74176,14.59,711.6
472,81.9526,68.3195,2.9654,0.0169,3.6932,0.0791,0.0261,60.7934,0.0014,1,0.0457,2.7900,0.0470,0.5771,61.7904,0.0000,61.7904,1.8415,0.0000,0.0000,791,639,75648,14.49,711.6
473,82.0202,67.5918,2.8025,0.0181,3.2650,0.1071,0.0266,139.8174,0.0014,1,0.0470,3.6901,0.0481,0.7942,65.9502,0.0000,65.9502,1.7073,0.0000,0.0000,791,673,79552,14.55,711.6
474,82.1663,100.0000,7.3440,0.0286,2.7136,0.0655,0.0258,6.6575,0.0013,1,0.0624,5.2073,0.0492,1.0399,63.8362,0.0000,63.8362,1.7105,0.0000,0.0000,791,696,82252,14.55,711.6
475,82.1831,16.8516,0.1831,0.0142,3.1031,0.0597,0.0233,58.3704,0.0015,1,0.0523,3.3417,0.0473,1.1489,64.8953,0.0000,64.8953,1.7216,0.0000,0.0000,791,712,84300,14.56,711.6
476,82.2449,61.7717,0.2665,0.0175,3.5385,0.0755,0.0258,142.8429,0.0025,1,0.0506,3.6977,0.0475,0.8796,66.4913,0.0000,66.4913,1.7159,0.0000,0.0000,791,740,87564,14.63,711.6
477,82.3917,100.0000,0.5669,0.0249,3.7970,0.1186,0.0243,5.5439,0.0017,1,0.0455,4.1339,0.0487,0.9487,66.4027,0.0000,66.4027,1.7179,0.0000,0.0000,791,740,87564,14.48,711.6
478,82.4018,10.0973,0.5157,0.0177,3.1269,0.0695,0.0189,62.4650,0.0014,1,0.0590,3.7244,0.0513,0.9033,63.2358,0.0000,63.2358,1.7040,0.0000,0.0000,791,736,87060,14.63,711.6
479,82.4680,66.2327,0.4592,0.0154,3.0722,0.0835,0.0274,131.2122,0.0020,1,0.0469,4.0084,0.0474,0.7852,60.0163,0.0000,60.0163,1.6899,0.0000,0.0000,791,737,87168,14.70,711.6
480,82.6029,100.0000,0.8704,0.0201,2.7114,0.0853,0.0295,4.9155,0.0016,1,0.0456,3.8121,0.0482,0.6361,61.3514,0.0000,61.3514,1.8440,0.0000,0.0000,791,737,87168,14.70,711.5
481,82.6116,8.6501,0.4865,0.0204,3.1217,0.0652,0.6617,60.2895,0.0019,1,0.0454,3.3267,0.0471,0.6777,61.0087,0.0000,61.0087,1.7035,0.0000,0.0000,791,738,87180,14.86,711.5
482,82.6762,64.6703,1.6112,0.0203,4.7316,0.0902,0.0356,127.2623,0.0019,1,0.0452,3.2637,0.0473,0.5643,60.0485,0.0000,60.0485,1.7099,0.0000,0.0000,791,735,87136,14.93,711.5
483,82.8100,100.0000,1.3162,0.0237,3.7771,0.0844,0.0311,6.4764,0.0015,1,0.0436,3.2980,0.0471,0.5872,60.2820,0.0000,60.2820,1.7157,0.0000,0.0000,791,734,87136,14.93,711.5
484,82.8217,11.7318,0.9455,0.0193,3.1663,0.0801,0.0278,56.4934,0.0016,1,0.0494,3.6985,0.0483,0.6162,58.8052,0.0000,58.8052,1.7153,0.0000,0.0000,791,735,87136,15.09,711.5
485,82.8825,60.7522,0.4900,0.0196,3.3729,0.0786,0.0270,57.8124,0.0017,1,0.0522,3.5824,0.0475,0.6895,55.7458,0.0000,55.7458,1.7557,0.0000,0.0000,791,735,87136,15.17,711.5
486,82.9443,61.8208,1.5731,0.0180,3.1494,0.0671,0.0255,60.0689,0.0013,1,0.0491,3.9307,0.0471,0.6201,57.9954,0.0000,57.9954,1.7596,0.0000,0.0000,791,733,87136,15.07,711.5
487,83.0092,64.9193,2.1675,0.0179,3.8932,0.1417,0.1214,55.2895,0.0023,1,0.0445,4.9052,0.0471,0.5407,53.0796,0.0000,53.0796,1.7799,0.0000,0.0000,791,727,87008,15.14,711.5
488,83.0709,61.6510,0.9298,0.0185,3.7303,0.1517,0.0488,55.1168,0.0012,1,0.0561,4.8316,0.0469,0.7100,52.3070,0.0000,52.3070,1.7894,0.0000,0.0000,791,721,86496,15.21,711.5
489,83.1309,60.0125,0.0572,0.0159,3.4551,0.0683,0.0245,114.0623,0.0018,1,0.0484,3.6004,0.0469,0.4236,53.2053,0.0000,53.2053,1.7940,0.0000,0.0000,791,724,85824,15.29,711.5
490,83.2486,100.0000,3.1157,0.0214,2.8553,0.0823,0.0261,4.5015,0.0015,1,0.0509,3.4961,0.0471,0.4113,51.9092,0.0000,51.9092,1.7976,0.0000,0.0000,791,722,85824,15.29,721.6
491,83.2592,10.6278,0.7499,0.0190,2.9306,0.0717,0.0246,49.5313,0.0016,1,0.0488,4.0113,0.0469,0.4617,51.8323,0.0000,51.8323,1.7936,0.0000,0.0000,791,722,85568,15.31,721.6
492,83.3126,53.3442,0.6884,0.0180,2.7366,0.0690,0.6347,55.1515,0.0012,1,0.0492,3.8353,0.0460,0.4696,52.2943,0.0000,52.2943,1.8115,0.0000,0.0000,791,723,85696,15.36,721.6
493,83.3719,59.3147,1.2960,0.0226,2.4655,0.0669,0.0238,55.3274,0.0014,1,0.0447,3.7036,0.0473,0.3955,52.5915,0.0000,52.5915,1.7886,0.0000,0.0000,791,723,85696,15.27,721.6
494,83.4311,59.2195,1.0342,0.0161,2.5948,0.0712,0.0254,54.7886,0.0013,1,0.0446,3.4450,0.0469,0.5089,51.6430,0.0000,51.6430,1.9690,0.0000,0.0000,791,723,85696,15.35,721.6
495,83.4897,58.5465,0.0586,0.0146,2.5171,0.0660,0.0237,55.2436,0.0014,1,0.0444,3.3319,0.0471,0.3747,51.1718,0.0000,51.1718,1.7913,0.0000,0.0000,791,723,85696,15.29,721.6
496,83.5476,57.9400,0.0663,0.0144,3.0360,0.0680,0.2514,56.3846,0.0015,1,0.0465,3.5041,0.0471,0.3889,51.5612,0.0000,51.5612,1.8120,0.0000,0.0000,791,723,85696,15.29,721.6
497,83.6074,59.8386,0.0690,0.0170,2.7873,0.0900,0.0267,55.9378,0.0015,1,0.0487,3.5868,0.0469,0.4106,53.0019,0.0000,53.0019,1.7996,0.0000,0.0000,791,723,85696,15.35,721.6
498,83.6664,58.9443,0.0546,0.0136,3.4909,0.0703,0.0247,111.8117,0.0024,1,0.0539,4.7081,0.0471,0.4877,51.3119,0.0000,51.3119,1.7993,0.0000,0.0000,791,723,85696,15.40,721.6
499,83.7819,100.0000,1.1311,0.0211,3.1300,0.0742,0.0258,5.0953,0.0018,1,0.0478,3.4933,0.0473,0.5146,49.3336,0.0000,49.3336,1.7948,0.0000,0.0000,791,723,85696,15.38,721.8
500,83.7914,9.4973,0.0731,0.0166,3.2508,0.0794,0.0268,48.0749,0.0014,1,0.0440,3.1701,0.0468,0.3523,49.7600,0.0000,49.7600,1.7963,0.0000,0.0000,791,723,85696,15.54,721.8
501,83.8429,51.5305,0.8826,0.0201,3.4624,0.0829,0.0324,53.3163,0.0020,1,0.0434,3.1850,0.0459,0.3482,50.0798,0.0000,50.0798,1.7939,0.0000,0.0000,791,723,85696,15.64,721.8
502,83.9007,57.8067,1.0354,0.0199,3.8381,0.0819,0.0281,49.5413,0.0014,1,0.0431,3.0888,0.0466,0.3564,50.0080,0.0000,50.0080,1.7941,0.0000,0.0000,791,723,85696,15.57,721.8
503,83.9553,54.5627,0.7003,0.0151,2.7041,0.0695,0.0242,63.9403,0.0024,1,0.0419,3.0950,0.0467,0.3456,60.2860,0.0000,60.2860,1.7874,0.0000,0.0000,791,723,85696,15.60,721.8
504,84.0227,67.4636,0.0627,0.0163,3.1776,0.0769,0.0258,64.4149,0.0015,1,0.0432,3.3153,0.0471,0.3983,50.6900,0.0000,50.6900,1.8065,0.0000,0.0000,791,723,85696,15.67,721.8
505,84.0905,67.7828,2.1095,0.0171,6.6903,0.0671,0.0251,37.5530,0.0011,1,0.0640,4.9961,0.0471,0.4739,49.3042,0.0000,49.3042,1.7949,0.0000,0.0000,791,723,85696,15.55,721.8
506,84.1370,46.4705,0.1907,0.0154,2.7332,0.0646,0.0221,62.4056,0.0012,1,0.0446,3.2792,0.0464,0.4137,58.3660,0.0000,58.3660,1.7814,0.0000,0.0000,791,723,85696,15.62,721.8
507,84.2024,65.4402,0.0518,0.0147,4.4924,0.0699,0.0240,256.4550,0.0017,1,0.0453,3.2402,0.0466,0.3660,61.2036,0.0000,61.2036,1.7833,0.0000,0.0000,791,723,85696,15.67,721.8
508,84.4636,100.0000,18.8415,0.0192,9.9991,0.1026,0.0269,49.6335,0.0019,1,0.0459,3.3151,0.0468,0.3645,66.0593,0.0000,66.0593,1.7798,0.0000,0.0000,791,723,85696,15.65,721.8
509,84.5422,78.6351,0.9177,0.0204,4.1338,0.0689,0.0260,19.3084,0.0011,1,0.0434,3.1676,0.0467,0.3433,60.3460,0.0000,60.3460,1.7662,0.0000,0.0000,791,723,85696,15.67,721.8
510,84.5667,24.4835,0.0221,0.0138,7.1424,0.0858,0.0245,51.2214,0.0013,1,0.0460,3.2412,0.0473,0.4042,64.5256,0.0000,64.5256,1.7579,0.0000,0.0000,791,723,85696,15.81,721.8
511,84.6252,58.5177,0.0867,0.0134,3.6326,0.0696,0.0314,62.8699,0.0012,1,0.0476,3.2186,0.0472,0.3892,63.3348,0.0000,63.3348,1.7556,0.0000,0.0000,791,723,85696,15.90,721.8
512,84.6919,66.7304,0.0238,0.0156,3.9063,0.0800,0.0294,65.1305,0.0013,1,0.0463,4.0158,0.0482,0.5863,63.6327,0.0000,63.6327,1.7415,0.0000,0.0000,791,723,85696,15.79,721.8
513,84.7611,69.1936,0.0235,0.0144,2.9159,0.0715,0.0245,133.5111,0.0018,1,0.0449,3.7491,0.0471,0.5432,65.2493,0.0000,65.2493,2.3179,0.0000,0.0000,791,723,85696,15.82,721.8
514,84.8977,100.0000,0.1130,0.0191,2.8275,0.0844,0.0281,6.0483,0.0011,1,0.0424,3.3661,0.0471,0.3688,62.9887,0.0000,62.9887,1.7322,0.0000,0.0000,791,723,85696,15.82,721.8
515,84.9068,9.1283,0.0204,0.0130,2.8019,0.0466,0.0173,65.6831,0.0012,1,0.0484,3.5493,0.0471,0.4403,63.5350,0.0000,63.5350,1.8884,0.0000,0.0000,791,723,85696,15.84,721.8
516,84.9754,68.5898,0.0258,0.0146,3.3270,0.0741,0.0198,69.1190,0.0013,1,0.0465,3.6857,0.0475,0.4403,63.5656,0.0000,63.5656,1.8905,0.0000,0.0000,791,723,85696,15.72,721.8
517,85.0480,72.5882,0.9611,0.0196,50.5220,0.0654,0.0240,30.2734,0.0014,1,0.0435,4.0861,0.0484,0.4342,60.1920,0.0000,60.1920,2.1593,0.0000,0.0000,791,723,85696,15.72,721.9
518,85.1299,81.8737,0.1825,0.0159,6.9744,0.0705,0.0243,124.2142,0.0020,1,0.0455,3.8444,0.0492,0.3965,62.9773,0.0000,62.9773,2.0700,0.0000,0.0000,791,723,85696,15.76,721.9
519,85.2614,100.0000,0.0310,0.0192,2.8010,0.0890,0.0283,78.9581,0.0015,1,0.0444,3.7817,0.0492,0.3968,63.8981,0.0000,63.8981,1.7134,0.0000,0.0000,791,723,85696,15.57,721.9
520,85.3433,81.9354,0.0205,0.0157,3.4085,0.0707,0.0266,6.5096,0.0011,1,0.0439,3.3307,0.0487,0.3994,63.4934,0.0000,63.4934,1.7149,0.0000,0.0000,791,723,85696,15.59,721.9
521,85.3533,10.0603,0.0262,0.0209,7.3158,0.0693,0.0243,60.6200,0.0016,1,0.0463,3.5032,0.0471,0.6046,61.3375,0.0000,61.3375,1.7183,0.0000,0.0000,791,723,85696,15.77,721.9
522,85.4214,68.0859,0.0232,0.0150,10.7594,0.0800,0.0268,54.3769,0.0013,1,0.0451,3.7114,0.0470,0.6202,61.8702,0.0000,61.8702,1.7104,0.0000,0.0000,791,723,85696,15.65,721.9
523,85.4867,65.2892,0.0229,0.0137,9.4778,0.0657,0.0240,53.4811,0.0012,1,0.0454,3.9759,0.0471,0.5550,63.3141,0.0000,63.3141,1.8793,0.0000,0.0000,791,723,85696,15.69,721.9
524,85.5498,63.0926,0.0233,0.0135,2.8288,0.0648,0.0232,81.1935,0.0016,1,0.0448,3.3428,0.0474,0.4015,62.0094,0.0000,62.0094,1.8772,0.0000,0.0000,791,723,85696,15.77,721.9
525,85.6340,84.1560,0.0323,0.0147,2.6670,0.0667,0.0243,49.4314,0.0013,1,0.0442,3.1061,0.0470,0.3809,61.6653,0.0000,61.6653,1.6936,0.0000,0.0000,791,723,85696,15.61,721.9
526,85.8281,100.0000,0.0239,0.0153,3.4868,0.0708,0.0261,6.1247,0.0021,1,0.0446,3.2461,0.0460,0.3596,68.8797,0.0000,68.8797,1.8341,0.0000,0.0000,791,723,85696,15.58,721.9
527,85.8379,9.7594,0.0319,0.0221,10.5233,0.0742,0.0269,84.8212,0.0019,1,0.0473,4.3541,0.0471,0.6246,66.5859,0.0000,66.5859,2.0508,0.0000,0.0000,791,723,85696,15.75,721.9
528,85.9334,95.5120,0.0256,0.0171,3.3438,0.0622,0.0224,13.6570,0.0013,1,0.0452,3.4652,0.0484,0.4130,61.9999,0.0000,61.9999,1.6931,0.0000,0.0000,791,723,85696,15.73,721.9
529,85.9505,17.1364,0.0191,0.0139,3.2727,0.0639,0.0230,52.0027,0.0012,1,0.0513,3.5564,0.0471,0.3571,62.3043,0.0000,62.3043,1.6826,0.0000,0.0000,791,723,85696,15.88,721.9
530,86.0059,55.4032,0.0233,0.0144,8.5822,0.0721,0.0251,103.2925,0.0011,1,0.0437,3.2362,0.0471,0.3748,61.5768,0.0000,61.5768,1.6730,0.0000,0.0000,791,723,85696,15.95,721.9
531,86.1179,100.0000,20.7258,0.0475,12.4136,0.0718,0.0252,12.1305,0.0012,1,0.0444,3.2145,0.0473,0.3628,61.9741,0.0000,61.9741,1.6788,0.0000,0.0000,791,723,85696,15.93,721.9
532,86.1633,45.4218,55.2336,0.0151,29.6689,0.0632,0.0233,139.4015,0.0019,1,0.0437,3.0989,0.0481,0.3789,61.8139,0.0000,61.8139,1.6818,0.0000,0.0000,791,723,85696,16.02,721.9
533,86.3878,100.0000,0.0850,0.0497,3.4952,0.0634,0.0216,7.6509,0.0010,1,0.0428,3.5949,0.0468,0.3417,61.8827,0.0000,61.8827,1.6727,0.0000,0.0000,791,723,85696,16.02,722.1
534,86.3991,11.3728,0.0201,0.0126,4.6038,0.0620,0.0214,111.3059,0.0014,1,0.0437,3.1714,0.0488,0.4218,63.6463,0.0000,63.6463,1.6747,0.0000,0.0000,791,723,85696,16.03,722.1
535,86.5152,100.0000,0.0231,0.0150,2.9569,0.0639,0.0230,15.7931,0.0013,1,0.0457,3.3284,0.0474,0.4327,61.7553,0.0000,61.7553,1.6684,0.0000,0.0000,791,723,85696,15.98,722.1
536,86.5340,18.8827,0.0216,0.0139,2.4960,0.0611,0.0240,161.5625,0.0017,1,0.0473,3.9981,0.0474,0.3892,61.6978,0.0000,61.6978,1.6714,0.0000,0.0000,791,723,85696,16.13,722.1
537,86.6982,100.0000,0.0238,0.0153,2.9663,0.0695,0.0249,4.9656,0.0014,1,0.0476,4.1087,0.0474,0.6254,61.2697,0.0000,61.2697,1.8041,0.0000,0.0000,791,723,85696,16.10,722.1
538,86.7063,8.0727,0.0201,0.0139,2.6006,0.0637,0.0237,128.4892,0.0014,1,0.0448,3.2894,0.0484,0.4137,61.3586,0.0000,61.3586,1.6625,0.0000,0.0000,791,723,85696,16.30,722.1
539,86.8375,100.0000,0.0288,0.0160,2.7806,0.0937,0.0305,76.7647,0.0014,1,0.0436,3.3577,0.0471,0.5601,63.1046,0.0000,63.1046,1.6624,0.0000,0.0000,791,723,85696,16.13,722.1
540,86.9173,79.7242,0.0272,0.0179,3.4372,0.1379,0.0270,9.9496,0.0013,1,0.0462,3.2076,0.0471,0.3750,62.4497,0.0000,62.4497,1.6629,0.0000,0.0000,791,723,85696,16.11,722.1
541,86.9309,13.6053,0.0223,0.0147,4.6502,0.0760,0.0260,124.8287,0.0016,1,0.0439,3.1277,0.0471,0.3455,61.6501,0.0000,61.6501,1.8037,0.0000,0.0000,791,723,85696,16.28,722.1
542,87.0605,100.0000,0.2098,0.0178,12.4586,0.0732,0.0261,9.3753,0.0016,1,0.0440,3.1210,0.0471,0.4076,62.9855,0.0000,62.9855,1.6494,0.0000,0.0000,791,723,85696,16.25,722.1
543,87.0827,22.1698,0.2045,0.0157,8.1980,0.0792,0.0253,143.8161,0.0014,1,0.0428,3.2956,0.0471,0.5690,62.6390,0.0000,62.6390,1.6543,0.0000,0.0000,791,723,85696,16.43,722.1
544,87.2350,100.0000,0.0236,0.0148,3.4594,0.0746,0.0327,80.3824,0.0016,1,0.0431,3.7113,0.0471,0.4032,61.7645,0.0000,61.7645,1.6520,0.0000,0.0000,791,723,85696,16.23,722.1
545,87.3190,83.9975,0.0269,0.0177,4.7130,0.0802,0.0406,14.7988,0.0015,1,0.0463,4.2635,0.0472,0.4047,60.7118,0.0000,60.7118,1.6445,0.0000,0.0000,791,723,85696,16.23,722.1
546,87.3387,19.6866,0.0265,0.0166,14.5597,0.0878,0.0282,55.7918,0.0014,1,0.0442,3.5465,0.0492,0.5147,61.4820,0.0000,61.4820,1.6498,0.0000,0.0000,791,723,85696,16.38,722.1
547,87.4092,70.5194,0.0269,0.0159,15.9619,2.8869,8.7847,33.5505,0.0015,1,0.0447,3.9884,0.2396,0.3777,60.8542,0.0000,60.8542,1.6507,0.0000,0.0000,791,723,85696,16.42,722.1
548,87.4705,61.2359,0.0242,0.0177,6.8486,0.0681,0.0274,74.0730,0.0014,1,0.0457,3.7417,0.0476,0.4219,65.2613,0.0000,65.2613,1.9500,0.0000,0.0000,791,723,85696,16.49,722.1
549,87.5515,81.0672,0.0215,0.0138,4.2948,0.0742,0.0244,67.5627,0.0012,1,0.0433,3.0872,0.0475,0.3602,62.9561,0.0000,62.9561,1.6443,0.0000,0.0000,791,723,85696,16.50,722.1
550,87.6235,71.9995,0.0316,0.0160,3.2857,0.0668,0.0226,62.2403,0.0016,1,0.0428,3.1298,0.0487,0.3523,62.6075,0.0000,62.6075,1.6342,0.0000,0.0000,791,723,85696,16.54,722.1
551,87.6892,65.6863,0.0244,0.0180,3.5357,0.0728,0.0278,78.9697,0.0011,1,0.0422,3.1057,0.0472,0.3510,63.8382,0.0000,63.8382,1.6294,0.0000,0.0000,791,723,85696,16.59,722.1
552,87.7719,82.6569,0.0621,0.0143,2.9337,0.0705,0.0256,63.1487,0.0012,1,0.0435,3.3135,0.0471,0.4404,62.1838,0.0000,62.1838,1.6367,0.0000,0.0000,791,723,85696,16.61,722.1
553,87.8381,66.2631,0.0236,0.0152,2.8407,0.0683,0.0257,35.1556,0.0012,1,0.0441,3.4090,0.0490,0.4636,61.6153,0.0000,61.6153,1.6331,0.0000,0.0000,791,723,85696,16.67,722.1
554,87.8763,38.1363,0.0232,0.0142,2.6572,0.0715,0.0241,84.7842,0.0014,1,0.0441,3.5455,0.0475,0.7159,61.7343,0.0000,61.7343,1.6228,0.0000,0.0000,791,723,85696,16.81,722.1
555,87.9638,87.5824,0.0273,0.0143,9.2920,0.0681,0.0247,104.5238,0.0026,1,0.0446,3.8719,0.0473,0.6164,61.4421,0.0000,61.4421,1.6260,0.0000,0.0000,791,723,85696,16.63,722.1
556,88.0778,100.0000,0.2415,0.0831,9.8076,0.0701,0.0242,356.2944,0.0017,1,0.0421,4.7311,0.0489,0.3392,62.6394,0.0000,62.6394,1.8038,0.0000,0.0000,791,723,85696,16.56,722.1
557,88.4443,100.0000,0.1627,0.0180,11.2181,0.0707,0.0234,9.6598,0.0014,1,0.0441,4.3606,0.0490,0.4347,63.1055,0.0000,63.1055,1.6188,0.0000,0.0000,791,723,85696,16.56,722.1
558,88.4655,21.1619,0.0271,0.0141,11.8309,0.0709,0.0258,197.1495,0.0014,1,0.0419,3.1507,0.0475,0.4362,63.6292,0.0000,63.6292,1.6198,0.0000,0.0000,791,723,85696,16.53,722.1
559,88.6746,100.0000,0.4134,0.0152,3.3424,0.0693,0.0259,115.2449,0.0016,1,0.0463,3.6723,0.0471,0.4403,64.1611,0.0000,64.1611,1.7886,0.0000,0.0000,791,723,85696,16.43,722.1
560,88.7937,100.0000,5.7834,0.0176,6.1733,0.0742,0.0269,7.5654,0.0016,1,0.0479,4.1837,0.0472,0.3997,63.3870,0.0000,63.3870,1.6227,0.0000,0.0000,791,723,85696,16.43,722.1
561,88.8134,19.6494,6.9360,0.0186,4.8754,0.0992,0.0268,35.8564,0.0018,1,0.0474,3.6090,0.0471,0.5512,61.4367,0.0000,61.4367,1.6179,0.0000,0.0000,791,723,85696,16.41,722.1
562,88.8612,47.8217,0.3363,0.0169,3.2657,0.0751,0.0263,65.9742,0.0013,1,0.0444,3.7597,0.0474,0.3543,63.6112,0.0000,63.6112,1.7549,0.0000,0.0000,791,723,85696,16.43,722.1
563,88.9309,69.7031,0.1290,0.0210,3.0744,0.0742,0.0275,64.1188,0.0015,1,0.0440,3.1416,0.0473,0.3583,61.4917,0.0000,61.4917,1.8550,0.0000,0.0000,791,723,85696,16.30,722.1
564,88.9984,67.4543,0.0713,0.0154,3.2381,0.0739,0.0595,65.5883,0.0014,1,0.0511,3.2660,0.0480,0.3816,61.2513,0.0000,61.2513,1.6094,0.0000,0.0000,791,723,85696,16.25,722.1
565,89.0674,69.0561,0.5642,0.0181,3.3515,0.1330,0.0341,62.8084,0.0020,1,0.0450,3.3817,0.0473,0.3481,61.2993,0.0000,61.2993,1.8399,0.0000,0.0000,791,723,85696,16.21,722.1
566,89.1343,66.9192,0.6295,0.0159,6.6743,0.0668,0.0247,59.8730,0.0014,1,0.0443,3.1991,0.0474,0.4057,60.8133,0.0000,60.8133,1.6054,0.0000,0.0000,791,723,85696,16.17,722.5
567,89.2017,67.3022,0.7439,0.0189,3.7851,0.0797,0.0258,65.0762,0.0019,1,0.0442,3.1910,0.0471,0.3563,61.9522,0.0000,61.9522,1.6014,0.0000,0.0000,791,723,85696,16.24,722.5
568,89.2714,69.7389,0.6549,0.0172,4.1379,0.0807,0.0278,65.3466,0.0017,1,0.0453,3.1785,0.0471,0.4547,62.5323,0.0000,62.5323,1.6043,0.0000,0.0000,791,723,85696,16.11,722.5
569,89.3417,70.2817,0.5111,0.0208,4.7014,0.0823,0.0297,63.8504,0.0019,1,0.0443,3.2527,0.0483,0.4710,61.7429,0.0000,61.7429,1.6017,0.0000,0.0000,791,723,85696,16.06,722.5
570,89.4109,69.2061,3.6073,0.0180,8.6298,0.0757,0.0267,60.5509,0.0015,1,0.0444,3.4561,0.0472,0.4071,61.0130,0.0000,61.0130,1.5950,0.0000,0.0000,791,723,85696,16.04,722.5
571,89.4838,72.9195,6.2868,0.0194,4.0871,0.0841,0.0304,53.6888,0.0016,1,0.0440,3.5757,0.0471,0.3707,60.4304,0.0000,60.4304,1.5943,0.0000,0.0000,791,723,85696,16.00,722.5
572,89.5480,64.2061,0.0744,0.0204,3.9481,0.0824,0.0293,93.8354,0.0016,1,0.0449,3.4510,0.0490,0.4221,60.2922,0.0000,60.2922,1.6138,0.0000,0.0000,791,723,85696,16.07,722.5
573,89.6460,98.0003,0.9935,0.0180,3.5167,0.0853,0.0306,30.0654,0.0016,1,0.0450,3.3977,0.0474,0.4469,60.3925,0.0000,60.3925,1.6174,0.0000,0.0000,791,723,85696,15.89,723.0
574,89.6807,34.7186,1.7871,0.0242,3.5978,0.0872,0.0297,65.2030,0.0017,1,0.0447,3.2767,0.0471,0.4034,61.0535,0.0000,61.0535,1.5982,0.0000,0.0000,791,723,85696,15.93,723.0
575,89.7515,70.7385,0.2627,0.0192,7.0452,0.0853,0.0301,57.4381,0.0016,1,0.0427,3.8170,0.0476,0.4263,60.5504,0.0000,60.5504,1.9216,0.0000,0.0000,791,723,85696,16.00,723.0
576,89.8164,64.9001,0.5688,0.0184,3.1439,0.1238,0.0320,126.9021,0.0022,1,0.0449,3.5213,0.0472,0.3709,61.6546,0.0000,61.6546,1.8433,0.0000,0.0000,791,723,85696,15.88,723.0
577,89.9472,100.0000,1.2211,0.0348,4.6715,0.1270,0.0485,7.3400,0.0016,1,0.0442,3.2531,0.0475,0.3453,53.2004,0.0000,53.2004,1.7846,0.0000,0.0000,791,722,85824,15.80,723.0
578,89.9606,13.4617,0.4597,0.0148,2.7947,0.0679,0.0284,53.3172,0.0013,1,0.0547,6.8344,0.0474,0.5491,52.6101,0.0000,52.6101,1.9246,0.0000,0.0000,791,725,86496,15.98,723.0
579,90.0173,56.6986,0.2604,0.0163,3.2204,0.0700,0.0258,110.9944,0.0021,1,0.0451,3.3219,0.0459,0.4471,50.0039,0.0000,50.0039,1.6999,0.0000,0.0000,791,735,87076,15.89,723.0
580,90.1320,100.0000,6.5341,0.0197,5.6555,0.0734,0.0249,5.6198,0.0015,1,0.0432,3.3204,0.0457,0.4035,49.9539,0.0000,49.9539,1.7172,0.0000,0.0000,791,732,86692,15.80,723.0
581,90.1499,17.9431,0.3270,0.0151,2.8621,0.0697,0.0224,58.9084,0.0010,1,0.0456,3.2768,0.0471,0.4425,48.8895,0.0000,48.8895,1.9269,0.0000,0.0000,791,729,86308,15.97,723.0
582,90.2121,62.2197,0.2311,0.0140,2.9144,0.0642,0.0222,34.2063,0.0016,1,0.0512,3.5644,0.0456,0.4342,47.3823,0.0000,47.3823,1.6751,0.0000,0.0000,791,720,85720,15.86,741.6
583,90.2496,37.4723,0.2549,0.0152,3.6126,0.0622,0.0220,47.8742,0.0012,1,0.0460,3.5697,0.0471,0.4035,48.0687,0.0000,48.0687,1.8160,0.0000,0.0000,791,715,85128,15.92,741.6
584,90.3014,51.8576,0.3659,0.0231,3.1122,0.0773,0.0265,52.2381,0.0014,1,0.0438,3.2268,0.0466,0.3545,47.6331,0.0000,47.6331,1.8944,0.0000,0.0000,791,713,84820,16.02,741.6
585,90.3573,55.8674,0.2556,0.0157,3.3565,0.0663,0.0265,51.4659,0.0046,1,0.0445,3.3660,0.0483,0.3973,48.4673,0.0000,48.4673,1.8337,0.0000,0.0000,791,711,84788,15.92,741.6
586,90.4125,55.2079,0.5070,0.0148,3.1335,0.0755,0.0232,113.0067,0.0019,1,0.0470,3.6229,0.0480,0.4990,50.2960,0.0000,50.2960,1.7649,0.0000,0.0000,791,704,85076,15.93,741.6
587,90.5293,100.0000,0.0739,0.0191,2.4927,0.0736,0.0261,4.9818,0.0013,1,0.0494,3.1916,0.0472,0.3502,51.6187,0.0000,51.6187,1.9698,0.0000,0.0000,791,706,85036,15.93,741.6
588,90.5370,7.6866,0.0729,0.0161,2.9870,0.0647,0.0223,54.3801,0.0012,1,0.0440,3.4033,0.0470,0.4630,51.9461,0.0000,51.9461,1.7996,0.0000,0.0000,791,707,84140,15.94,741.6
589,90.5946,57.5594,1.7123,0.0216,3.1312,0.0772,0.0241,112.9123,0.0030,1,0.0450,3.4016,0.0472,0.4588,51.2696,0.0000,51.2696,2.1088,0.0000,0.0000,791,708,84268,15.94,741.6
590,90.7125,100.0000,1.4661,0.0213,3.1712,0.0689,0.0235,4.7931,0.0017,1,0.0447,3.2959,0.0472,0.3768,51.7875,0.0000,51.7875,1.9664,0.0000,0.0000,791,708,84268,15.88,741.6
591,90.7220,9.5632,0.2140,0.0148,3.8061,0.0742,0.0271,52.4901,0.0014,1,0.0458,3.5834,0.0471,0.4069,51.3117,0.0000,51.3117,1.8014,0.0000,0.0000,791,709,84604,16.00,741.6
592,90.7787,56.6447,1.6794,0.0177,2.7565,0.0682,0.0241,107.0761,0.0016,1,0.0483,3.1183,0.0471,0.4677,51.0627,0.0000,51.0627,2.0459,0.0000,0.0000,791,709,84396,16.02,741.6
593,90.8903,100.0000,1.1312,0.0216,5.3655,0.1142,0.0289,5.4909,0.0013,1,0.0422,3.3746,0.0471,0.3427,49.7061,0.0000,49.7061,1.8030,0.0000,0.0000,791,709,84396,15.95,741.6
594,90.9025,12.1702,0.2282,0.0169,2.9911,0.0729,0.0252,76.7697,0.0013,1,0.0438,3.6883,0.0469,0.3688,50.9532,0.0000,50.9532,1.9752,0.0000,0.0000,791,709,84820,16.14,741.6
595,90.9826,80.1211,2.0693,0.0166,3.1621,0.0738,0.0257,80.3379,0.0013,1,0.0432,3.2613,0.0471,0.3584,50.4158,0.0000,50.4158,2.0089,0.0000,0.0000,791,710,84564,16.01,741.6
596,91.0683,85.7057,0.8857,0.0210,7.9222,0.0688,0.0242,5.6735,0.0012,1,0.0451,3.2552,0.0481,0.4465,51.6436,0.0000,51.6436,2.0876,0.0000,0.0000,791,711,84564,15.96,741.6
597,91.0829,14.6125,0.6460,0.0154,3.6590,0.0666,0.0247,48.7495,0.0013,1,0.0609,3.5736,0.0471,0.5100,51.1984,0.0000,51.1984,1.7994,0.0000,0.0000,791,711,84692,16.14,741.6
598,91.1361,53.1785,0.0783,0.0155,2.9716,0.0648,0.0246,53.2566,0.0011,1,0.0446,3.6206,0.0496,0.3668,52.2034,0.0000,52.2034,1.7956,0.0000,0.0000,791,710,84692,16.05,741.6
599,91.1925,56.4298,0.0666,0.0150,3.9252,0.0700,0.0248,57.7997,0.0014,1,0.0441,3.5047,0.0477,0.4588,52.5482,0.0000,52.5482,1.8038,0.0000,0.0000,791,711,84564,16.07,741.6
600,91.2545,61.9198,0.0697,0.0169,3.1633,0.0817,0.0257,55.0453,0.0015,1,0.0486,3.4196,0.0474,0.3912,51.4732,0.0000,51.4732,1.7932,0.0000,0.0000,791,712,84692,16.15,741.6
601,91.3129,58.4216,1.0110,0.0164,3.0251,0.0730,0.0253,53.9925,0.0019,1,0.0509,3.5828,0.0471,0.4207,51.5705,0.0000,51.5705,2.0935,0.0000,0.0000,791,711,84692,16.04,745.8
602,91.3710,58.1612,0.0643,0.0156,3.0390,0.0735,0.0263,54.4230,0.0013,1,0.0421,3.2924,0.0471,0.3340,52.0048,0.0000,52.0048,1.9538,0.0000,0.0000,791,711,84564,16.06,745.8
603,91.4287,57.6612,0.0599,0.0153,3.3339,0.0813,0.0293,54.9834,0.0012,1,0.0451,3.6648,0.0476,0.3170,53.2079,0.0000,53.2079,1.9453,0.0000,0.0000,791,711,84660,16.15,745.8
604,91.4872,58.5212,0.0655,0.0160,2.7418,0.0712,0.0234,149.2345,0.0023,1,0.0482,3.8066,0.0480,0.3813,52.7973,0.0000,52.7973,1.7821,0.0000,0.0000,791,706,84660,16.05,745.8
605,91.6394,100.0000,0.0756,0.0233,3.0338,0.0928,0.0330,6.6646,0.0015,1,0.0444,3.6191,0.0483,0.3385,53.3050,0.0000,53.3050,1.7819,0.0000,0.0000,791,705,83948,15.96,745.8
606,92.0873,100.0000,1.7983,0.0138,2.8834,0.0646,0.0231,35.8286,0.0020,1,0.0456,3.7636,0.0473,0.4752,54.0896,0.0000,54.0896,1.7810,0.0000,0.0000,791,705,83948,15.88,745.8
607,92.1280,40.6379,0.0845,0.0222,6.5181,0.1476,0.0261,57.1601,0.0015,1,0.0502,3.5567,0.0474,0.3581,52.7676,0.0000,52.7676,1.7835,0.0000,0.0000,791,705,83948,15.93,745.8
608,92.1920,63.9825,0.0821,0.0213,3.1942,0.0870,0.0293,5.5988,0.0011,1,0.0510,4.2207,0.0487,0.3399,52.5982,0.0000,52.5982,1.7783,0.0000,0.0000,791,704,83908,15.93,745.8
609,92.2010,9.0300,0.0580,0.0137,4.4478,0.0608,0.0454,53.1923,0.0020,1,0.0452,3.6900,0.0475,0.2765,54.6637,0.0000,54.6637,1.7871,0.0000,0.0000,791,705,84108,16.04,745.8
610,92.2588,57.8406,0.2662,0.0171,2.7270,0.0809,0.0241,58.3740,0.0016,1,0.0454,3.3752,0.0492,0.2785,54.2067,0.0000,54.2067,1.7829,0.0000,0.0000,791,707,84236,16.13,772.7
611,92.3203,61.5090,1.7138,0.0180,7.4065,0.1123,0.0382,111.0662,0.0019,1,0.0468,3.7153,0.0480,0.2722,52.7398,0.0000,52.7398,1.7822,0.0000,0.0000,791,707,84236,16.02,772.7
612,92.4407,100.0000,0.0831,0.0240,3.2010,0.0926,0.0336,6.0505,0.0013,1,0.0463,4.0975,0.0471,0.2628,53.1452,0.0000,53.1452,1.9308,0.0000,0.0000,791,711,84748,15.92,772.7
613,92.4502,9.5032,0.0637,0.0153,2.9912,0.0711,0.0252,54.5161,0.0014,1,0.0446,3.4126,0.0479,0.2191,51.7696,0.0000,51.7696,1.7836,0.0000,0.0000,791,596,84620,16.02,772.7
614,92.5079,57.7003,0.0700,0.0180,3.1043,0.0724,0.0262,52.6135,0.0013,1,0.0446,3.1349,0.0482,0.1741,52.3165,0.0000,52.3165,1.7684,0.0000,0.0000,791,596,71308,16.03,772.7
615,92.5638,55.9205,0.0548,0.0142,2.9308,0.0685,0.0253,57.6426,0.0011,1,0.0561,2.7677,0.0479,0.1551,52.5748,0.0000,52.5748,1.9395,0.0000,0.0000,791,596,71276,16.03,772.7
616,92.6246,60.7532,0.0640,0.0148,2.6645,0.0729,0.0261,56.4508,0.0011,1,0.0428,2.8686,0.0472,0.1311,52.4424,0.0000,52.4424,1.7640,0.0000,0.0000,791,459,71020,16.03,772.7
617,92.6839,59.3102,0.1167,0.0168,3.2693,0.0719,0.0241,73.7567,0.0011,1,0.0424,2.4890,0.0476,0.1085,53.7884,0.0000,53.7884,1.9356,0.0000,0.0000,791,423,55236,16.03,772.7
618,92.7612,77.2708,0.4224,0.0143,2.5323,0.0734,0.0252,35.0473,0.0012,1,0.0463,2.0378,0.0476,0.1492,53.3125,0.0000,53.3125,1.7863,0.0000,0.0000,791,380,51224,15.99,772.7
619,92.7993,38.1484,0.0623,0.0149,3.9541,0.0702,0.0230,54.2569,0.0017,1,0.0431,1.8004,0.0478,0.0962,53.1115,0.0000,53.1115,1.9647,0.0000,0.0000,791,340,45808,16.12,772.7
620,92.8577,58.3987,0.0585,0.0139,2.6222,0.0669,0.0241,57.6948,0.0012,1,0.0456,1.6970,0.0484,0.1006,54.8251,0.0000,54.8251,1.8589,0.0000,0.0000,791,242,42000,16.02,772.7
621,92.9182,60.4964,0.0588,0.0138,2.6370,0.0921,0.0274,57.2208,0.0012,1,0.0396,1.2213,0.0476,0.1240,57.0753,0.0000,57.0753,1.9094,0.0000,0.0000,791,255,30800,16.00,772.7
622,92.9783,60.0657,0.3657,0.0154,2.5735,0.0662,0.0280,60.3823,0.0012,1,0.0410,1.2511,0.0471,0.0900,55.8333,0.0000,55.8333,1.9041,0.0000,0.0000,791,249,31344,15.99,772.7
623,93.0417,63.4476,0.2299,0.0165,2.9750,0.0641,0.0254,52.9419,0.0012,1,0.0416,1.4191,0.0481,0.0891,53.5811,0.0000,53.5811,1.9156,0.0000,0.0000,791,254,32462,15.97,772.7
624,93.0980,56.2684,0.1463,0.0146,7.3355,0.0766,0.0267,103.0630,0.0017,1,0.0396,1.7242,0.0483,0.0911,51.9835,0.0000,51.9835,1.8992,0.0000,0.0000,791,335,41902,16.00,772.7
625,93.2087,100.0000,0.4640,0.0195,2.6288,0.0637,0.0234,5.1993,0.0014,1,0.0407,1.2561,0.0466,0.0920,49.2160,0.0000,49.2160,2.3152,0.0000,0.0000,791,237,29482,15.93,772.7
626,93.2172,8.4957,0.0725,0.0237,2.7621,0.0670,0.0286,44.4068,0.0010,1,0.0434,1.5114,0.0469,0.0881,45.6231,0.0000,45.6231,1.9020,0.0000,0.0000,791,290,35802,16.01,772.7
627,93.2646,47.3771,0.0604,0.0134,3.8748,0.0782,0.0266,47.1722,0.0017,1,0.0430,1.8149,0.0467,0.0859,45.4028,0.0000,45.4028,1.9064,0.0000,0.0000,791,344,42778,16.05,772.7
628,93.3158,51.2465,0.1043,0.0145,2.9135,0.0676,0.0229,70.9584,0.0013,1,0.0457,1.8761,0.0471,0.0881,44.8263,0.0000,44.8263,1.9070,0.0000,0.0000,791,304,42778,16.15,772.7
629,93.3899,74.0983,0.0662,0.0161,2.7503,0.0662,0.0250,23.4373,0.0015,1,0.0411,1.7172,0.0466,0.0813,45.7725,0.0000,45.7725,1.9038,0.0000,0.0000,791,347,42790,16.16,772.7
630,93.4163,26.3912,0.0616,0.0148,5.7990,0.0739,0.0239,43.0543,0.0016,1,0.0405,1.6943,0.0458,0.0799,44.2476,0.0000,44.2476,1.8956,0.0000,0.0000,791,326,42842,16.16,772.7
631,93.4653,49.0463,0.2360,0.0158,4.2466,0.0809,0.0265,45.3101,0.0012,1,0.0406,1.7070,0.0462,0.0844,44.5033,0.0000,44.5033,2.0818,0.0000,0.0000,791,326,40206,16.18,772.7
632,93.5153,49.9334,0.7872,0.0165,4.0921,0.0770,0.0320,47.3516,0.0016,1,0.0405,1.9190,0.0460,0.0799,44.1877,0.0000,44.1877,2.0745,0.0000,0.0000,791,349,42842,16.22,772.7
633,93.5676,52.3756,1.3290,0.0185,3.4138,0.0708,0.0263,43.2308,0.0014,1,0.0614,2.0853,0.0461,0.0784,44.1829,0.0000,44.1829,2.0747,0.0000,0.0000,791,342,42842,16.25,772.7
634,93.6158,48.1062,0.2562,0.0156,4.1694,0.0709,0.0252,43.1730,0.0014,1,0.0397,1.6778,0.0456,0.0850,43.6786,0.0000,43.6786,1.9041,0.0000,0.0000,791,327,42406,16.37,772.7
635,93.6635,47.7278,0.5224,0.0172,2.9381,0.0729,0.0262,98.2729,0.0018,1,0.0430,1.9093,0.0452,0.1051,45.4654,0.0000,45.4654,1.9039,0.0000,0.0000,791,340,43054,16.28,772.7
636,93.7654,100.0000,0.5770,0.0221,4.2121,0.0743,0.0284,5.6134,0.0014,1,0.0425,2.4014,0.0468,0.0991,45.5605,0.0000,45.5605,2.0782,0.0000,0.0000,791,432,54090,16.21,772.7
637,93.7759,10.5452,0.6083,0.0166,2.9989,0.1111,0.0360,46.0476,0.0012,1,0.0448,2.7634,0.0455,0.1041,47.0596,0.0000,47.0596,2.0735,0.0000,0.0000,791,473,63218,16.35,772.7
638,93.8257,49.8369,0.6303,0.0189,4.3857,0.0784,0.0463,103.9809,0.0017,1,0.0415,2.8693,0.0469,0.1063,49.9608,0.0000,49.9608,2.2915,0.0000,0.0000,791,525,64686,16.42,772.7
639,93.9349,100.0000,0.6157,0.0207,5.4081,0.0845,0.0284,5.6695,0.0020,1,0.0418,2.5770,0.0470,0.1065,49.2928,0.0000,49.2928,1.9085,0.0000,0.0000,791,535,65886,16.42,772.7
640,93.9468,11.8465,0.5813,0.0173,3.0781,0.0700,0.0350,46.0904,0.0014,1,0.0417,2.8701,0.0470,0.1044,50.6676,0.0000,50.6676,2.1382,0.0000,0.0000,791,537,67558,16.58,772.7
641,93.9966,49.8911,0.5326,0.0172,3.1007,0.0735,0.0280,123.9422,0.0017,1,0.0435,2.7587,0.0470,0.1151,53.4856,0.0000,53.4856,1.8999,0.0000,0.0000,791,528,68326,16.49,772.7
642,94.1244,100.0000,0.7107,0.0218,4.1086,0.1181,0.0285,6.5067,0.0017,1,0.0438,2.5811,0.0460,0.1104,54.3032,0.0000,54.3032,1.9034,0.0000,0.0000,791,521,65414,16.42,772.7
643,94.1359,11.5160,0.4021,0.0181,6.3555,0.2973,0.0299,47.9553,0.0060,1,0.0456,2.5733,0.0489,0.1239,54.3394,0.0000,54.3394,1.8876,0.0000,0.0000,791,531,66342,16.54,772.7
644,94.1910,55.0814,0.7245,0.0180,3.2962,0.0851,0.0293,58.5883,0.0018,1,0.0419,2.5605,0.0492,0.1163,57.1908,0.0000,57.1908,1.8902,0.0000,0.0000,791,554,67986,16.56,772.7
645,94.2537,62.7597,0.6428,0.0159,4.4680,0.0805,0.0285,57.0508,0.0012,1,0.0512,3.4787,0.0492,0.1801,58.8664,0.0000,58.8664,1.9001,0.0000,0.0000,791,552,66738,16.61,772.7
646,94.3160,62.3045,0.4756,0.0151,2.8705,0.0648,0.0284,128.2536,0.0020,1,0.0793,2.8160,0.0479,0.1548,57.9344,0.0000,57.9344,1.8942,0.0000,0.0000,791,538,66386,16.70,772.7
647,94.4478,100.0000,0.2356,0.0218,3.4332,0.0837,0.0291,12.9511,0.0014,1,0.0460,2.6887,0.0471,0.1437,56.0922,0.0000,56.0922,1.8960,0.0000,0.0000,791,526,65298,16.49,772.7
648,94.4645,16.7639,0.0719,0.0166,3.1408,0.0760,0.0274,47.4190,0.0015,1,0.0414,2.3764,0.0485,0.1145,57.8996,0.0000,57.8996,1.8981,0.0000,0.0000,791,518,64146,16.67,772.7
649,94.5153,50.7603,0.0665,0.0156,3.1144,0.0740,0.0270,60.8491,0.0013,1,0.0418,2.3188,0.0472,0.1144,56.6118,0.0000,56.6118,1.8981,0.0000,0.0000,791,518,62674,16.59,772.7
650,94.5794,64.1545,0.0665,0.0163,2.8680,0.0706,0.0263,72.0743,0.0012,1,0.0454,2.7251,0.0473,0.1324,68.5887,0.0000,68.5887,2.0270,0.0000,0.0000,791,518,62674,16.57,772.7
651,94.6546,75.1292,0.0611,0.0152,4.7882,0.0739,0.0263,141.9892,0.0016,1,0.0418,2.2980,0.0485,0.1208,67.4692,0.0000,67.4692,2.0297,0.0000,0.0000,791,518,62674,16.63,772.7
652,94.8015,100.0000,0.0813,0.0208,2.8295,0.0719,0.0244,5.9450,0.0013,1,0.0398,2.7144,0.0519,0.1225,69.1737,0.0000,69.1737,2.0234,0.0000,0.0000,791,518,62674,16.50,772.7
653,94.8105,8.9815,0.0657,0.0160,3.0315,0.0708,0.0262,69.4198,0.0015,1,0.0426,2.4201,0.0494,0.1257,67.4221,0.0000,67.4221,2.0461,0.0000,0.0000,791,518,62674,16.71,772.7
654,94.8831,72.6387,0.0705,0.0164,3.3219,0.0744,0.0269,66.7429,0.0012,1,0.0420,2.6936,0.0488,0.1251,66.5556,0.0000,66.5556,1.8547,0.0000,0.0000,791,518,62674,16.57,772.7
655,94.9534,70.2617,0.0700,0.0152,3.7460,0.0736,0.0259,78.0774,0.0015,1,0.0414,2.3133,0.0496,0.1179,67.0243,0.0000,67.0243,1.8437,0.0000,0.0000,791,518,62674,16.64,772.7
656,95.0354,82.0166,0.0666,0.0158,7.2949,0.0687,0.0238,57.3452,0.0014,1,0.0426,2.3780,0.0487,0.1317,69.2480,0.0000,69.2480,2.0075,0.0000,0.0000,791,518,62674,16.50,772.7
657,95.1003,64.8233,0.0649,0.0139,3.0023,0.0684,0.0253,73.1481,0.0011,1,0.0412,2.3573,0.0482,0.1169,68.0755,0.0000,68.0755,1.8292,0.0000,0.0000,791,518,62674,16.58,772.7
658,95.1766,76.3301,0.0851,0.0204,28.7059,0.0845,0.0235,44.9804,0.0014,1,0.0436,2.5734,0.0478,0.1229,69.8042,0.0000,69.8042,2.2137,0.0000,0.0000,791,518,62674,16.42,772.7
659,95.2505,73.9077,0.0614,0.0145,2.9462,0.0676,0.0249,70.2835,0.0019,1,0.0445,2.5932,0.0492,0.1249,67.5874,0.0000,67.5874,1.8193,0.0000,0.0000,791,518,62674,16.48,772.7
660,95.3239,73.4069,0.7933,0.0154,5.5000,0.0626,0.0238,70.8518,0.0013,1,0.0421,2.4642,0.0476,0.1211,68.5589,0.0000,68.5589,2.0643,0.0000,0.0000,791,518,62674,16.49,772.7
661,95.4012,77.2665,1.1067,0.0174,8.3642,0.0869,0.0281,60.5439,0.0021,1,0.0438,2.7278,0.0489,0.1311,67.1093,0.0000,67.1093,1.9799,0.0000,0.0000,791,518,62674,16.35,772.7
662,95.4713,70.1581,0.5271,0.0192,4.1769,0.0749,0.0614,62.4387,0.0014,1,0.0494,2.8645,0.0472,0.1539,58.1879,0.0000,58.1879,1.9049,0.0000,0.0000,791,521,63058,16.42,772.7
663,95.5386,67.3160,0.5852,0.0169,6.5613,0.0819,0.0264,56.3310,0.0013,1,0.0413,2.3347,0.0487,0.1165,57.7295,0.0000,57.7295,1.9167,0.0000,0.0000,791,521,63058,16.32,772.8
664,95.6023,63.6210,0.2562,0.0166,3.3538,0.0724,0.0263,124.4412,0.0025,1,0.0416,2.9360,0.0490,0.1274,57.8978,0.0000,57.8978,1.8993,0.0000,0.0000,791,530,64594,16.40,772.8
665,95.7304,100.0000,0.3425,0.0203,3.6762,0.0869,0.0302,5.5553,0.0015,1,0.0431,2.8562,0.0483,0.2665,56.3101,0.0000,56.3101,1.9023,0.0000,0.0000,791,569,68882,16.36,772.8
666,95.7402,9.7323,0.5379,0.0166,4.1674,0.5246,0.0356,52.4138,0.0014,1,0.0466,2.8882,0.0474,0.1106,54.0137,0.0000,54.0137,1.9029,0.0000,0.0000,791,529,69266,16.38,772.8
667,95.7979,57.7129,0.2041,0.0138,3.1629,0.0727,0.0267,117.8759,0.0018,1,0.0415,3.0638,0.0470,0.1085,54.3585,0.0000,54.3585,1.9035,0.0000,0.0000,791,528,66950,16.41,772.8
668,95.9193,100.0000,0.0836,0.0204,3.0281,0.0686,0.0251,40.4860,0.0013,1,0.0443,2.8636,0.0484,0.1149,52.7559,0.0000,52.7559,2.1361,0.0000,0.0000,791,513,64774,16.33,772.8
669,95.9630,43.7375,0.0571,0.0144,3.7170,0.0725,0.0292,18.5165,0.0015,1,0.0475,2.6656,0.0477,0.1291,53.1548,0.0000,53.1548,2.0804,0.0000,0.0000,791,513,63014,16.41,772.8
670,95.9854,22.4152,0.0649,0.0153,2.9320,0.0711,0.0240,64.8743,0.0014,1,0.0407,2.8644,0.0471,0.1147,63.8131,0.0000,63.8131,2.1315,0.0000,0.0000,791,513,63014,16.52,772.8
671,96.0534,67.9906,0.2802,0.0177,2.7428,0.0705,0.0348,67.1173,0.0014,1,0.0439,2.6232,0.0471,0.1290,64.5327,0.0000,64.5327,1.8839,0.0000,0.0000,791,513,63014,16.52,772.8
672,96.1237,70.2711,0.5475,0.0171,9.4121,0.0700,0.0251,59.9098,0.0016,1,0.0440,2.6134,0.0476,0.1044,63.3876,0.0000,63.3876,1.8822,0.0000,0.0000,791,513,63014,16.54,772.8
673,96.1937,69.9911,0.0674,0.0170,2.8972,0.0681,0.0294,68.3405,0.0015,1,0.0420,2.4309,0.0492,0.1122,66.0687,0.0000,66.0687,1.8659,0.0000,0.0000,791,513,63014,16.54,772.8
674,96.2651,71.4300,0.2714,0.0246,3.0576,0.0789,0.0299,69.1537,0.0013,1,0.0408,2.7510,0.0478,0.1122,64.2182,0.0000,64.2182,1.8689,0.0000,0.0000,791,513,63014,16.46,772.8
675,96.3377,72.6328,0.4586,0.0161,3.1815,0.0692,0.0270,65.3428,0.0013,1,0.0427,2.7279,0.0471,0.1227,64.5842,0.0000,64.5842,2.1459,0.0000,0.0000,791,513,63014,16.49,772.8
676,96.4068,69.1037,0.0636,0.0154,4.1570,0.0722,0.0278,57.1728,0.0016,1,0.0419,2.3696,0.0475,0.1038,53.2348,0.0000,53.2348,1.9042,0.0000,0.0000,791,515,63302,16.56,772.8
677,96.4683,61.5175,0.4800,0.0174,3.0495,0.0729,0.0264,54.4815,0.0015,1,0.0420,2.6393,0.0495,0.1104,54.9345,0.0000,54.9345,1.9125,0.0000,0.0000,791,515,63174,16.65,772.8
678,96.5265,58.1460,0.0792,0.0157,3.7728,0.0745,0.0265,126.7254,0.0015,1,0.0454,2.6141,0.0470,0.1027,64.5837,0.0000,64.5837,1.8839,0.0000,0.0000,791,515,63174,16.57,772.8
679,96.6572,100.0000,0.1046,0.0212,25.7343,0.0670,0.0251,4.7862,0.0014,1,0.0550,3.0275,0.0476,0.1285,54.3378,0.0000,54.3378,1.9111,0.0000,0.0000,791,554,68498,16.57,772.8
680,96.6880,30.7608,0.0699,0.0154,2.7901,0.0737,0.0264,33.5428,0.0014,1,0.0556,3.4331,0.0484,0.1179,55.0701,0.0000,55.0701,1.9016,0.0000,0.0000,791,556,70710,16.73,772.8
681,96.7245,36.5363,0.0908,0.0153,2.8206,0.0754,0.0274,115.9516,0.0016,1,0.0457,3.0081,0.0476,0.1226,52.9418,0.0000,52.9418,1.8938,0.0000,0.0000,791,553,74474,16.69,772.8
682,96.8435,100.0000,0.5252,0.0201,4.8968,0.0708,0.0280,5.5554,0.0017,1,0.0436,3.0597,0.0471,0.1276,53.2232,0.0000,53.2232,1.9051,0.0000,0.0000,791,551,68350,16.57,772.8
683,96.8546,11.1161,0.0706,0.0168,3.3468,0.0859,0.0442,50.7877,0.0014,1,0.0449,2.8380,0.0471,0.1222,52.5958,0.0000,52.5958,2.0622,0.0000,0.0000,791,559,68638,16.70,772.8
684,96.9090,54.3727,0.0805,0.0192,3.9195,0.0853,0.0371,53.4116,0.0016,1,0.0455,2.9502,0.0472,0.1291,50.4204,0.0000,50.4204,1.9007,0.0000,0.0000,791,556,71234,16.73,772.8
685,96.9666,57.5712,0.0758,0.0224,3.6170,0.0812,0.0285,57.6903,0.0018,1,0.0448,2.5936,0.0473,0.1172,49.4372,0.0000,49.4372,2.1398,0.0000,0.0000,791,555,68002,16.76,772.8
686,97.0281,61.5365,0.4842,0.0166,3.8871,0.1115,0.0467,44.4919,0.0018,1,0.0436,2.7807,0.0474,0.1248,48.3851,0.0000,48.3851,1.8980,0.0000,0.0000,791,589,71858,16.77,772.8
687,97.0772,49.0578,0.6369,0.0199,3.9148,0.0767,0.0314,47.1154,0.0020,1,0.0446,2.6682,0.0469,0.1016,46.0664,0.0000,46.0664,2.0619,0.0000,0.0000,791,543,70626,16.82,772.8
688,97.1290,51.8164,0.5007,0.0173,5.4626,0.0751,0.0279,140.9146,0.0014,1,0.0454,3.0989,0.0474,0.1467,47.1973,0.0000,47.1973,1.9017,0.0000,0.0000,791,576,70378,16.86,772.8
689,97.2760,100.0000,0.8989,0.0156,3.5198,0.1086,0.0271,7.7785,0.0013,1,0.0491,2.7151,0.0472,0.1495,48.9858,0.0000,48.9858,1.8999,0.0000,0.0000,791,573,70794,16.79,772.8
690,97.2884,12.3660,0.0650,0.0152,3.7507,0.0733,0.0285,46.3568,0.0012,1,0.0452,2.9157,0.0492,0.1157,51.7183,0.0000,51.7183,1.8881,0.0000,0.0000,791,515,71194,16.92,772.8
691,98.0277,100.0000,0.7789,0.0139,2.5992,0.0715,0.0340,8.2510,0.0018,1,0.0450,2.4911,0.0471,0.1107,56.2761,0.0000,56.2761,1.9012,0.0000,0.0000,791,475,63874,16.86,772.8
692,98.0395,11.7731,0.1023,0.0205,3.6368,0.0675,0.0261,65.8749,0.0019,1,0.0448,2.2948,0.0471,0.1104,56.1741,0.0000,56.1741,2.0639,0.0000,0.0000,791,471,58114,16.98,772.8
693,98.1093,69.7520,0.0781,0.0201,3.6854,0.0662,0.0251,7.6711,0.0018,1,0.0462,2.4989,0.0490,0.1099,56.1510,0.0000,56.1510,1.8982,0.0000,0.0000,791,459,57826,17.05,772.8
694,98.1208,11.5645,1.4114,0.0152,3.3346,0.1109,0.0453,51.0567,0.0012,1,0.0436,2.3376,0.0471,0.0981,56.8735,0.0000,56.8735,1.9043,0.0000,0.0000,791,457,56034,17.11,772.8
695,98.1768,55.9904,0.0610,0.0149,2.8365,0.0750,0.0246,68.2657,0.0013,1,0.0439,2.2340,0.0487,0.1065,56.2252,0.0000,56.2252,1.9045,0.0000,0.0000,791,441,55650,17.14,772.8
696,98.2481,71.2950,0.0623,0.0152,6.6156,0.0662,0.0244,44.9199,0.0016,1,0.0424,2.3067,0.0537,0.1007,56.6543,0.0000,56.6543,1.8940,0.0000,0.0000,791,442,53794,17.13,772.8
697,98.2998,51.7190,0.2223,0.0193,3.9961,0.0703,0.0256,59.3554,0.0012,1,0.0429,2.6522,0.0472,0.1003,56.9938,0.0000,56.9938,2.1462,0.0000,0.0000,791,483,63554,17.25,772.8
698,98.3635,63.7090,1.0099,0.0185,7.6129,0.0665,0.0236,55.7519,0.0019,1,0.0423,2.7933,0.0492,0.1234,57.4775,0.0000,57.4775,2.0337,0.0000,0.0000,791,568,68922,17.12,772.8
699,98.4280,64.5011,0.0717,0.0155,2.6486,0.1190,0.0312,121.5327,0.0026,1,0.0466,2.7628,0.0499,0.1214,55.8183,0.0000,55.8183,2.1088,0.0000,0.0000,791,585,70374,17.11,772.8
700,98.5525,100.0000,0.1729,0.0178,4.3707,0.0815,0.0321,6.1549,0.0015,1,0.0438,2.9619,0.0492,0.1290,56.1271,0.0000,56.1271,2.0522,0.0000,0.0000,791,591,70770,17.11,772.8
701,98.5633,10.8484,0.0697,0.0151,3.1061,0.0784,0.0264,54.2618,0.0012,1,0.0469,2.9238,0.0492,0.1298,56.4699,0.0000,56.4699,1.8018,0.0000,0.0000,791,602,72306,17.12,772.8
702,98.6209,57.5731,0.0580,0.0142,4.5905,0.0697,0.0237,121.7456,0.0018,1,0.0463,3.1041,0.0492,0.1465,56.0368,0.0000,56.0368,1.7198,0.0000,0.0000,791,645,77570,17.13,772.8
703,98.7474,100.0000,0.1091,0.0348,3.5760,0.0847,0.0334,8.5871,0.0011,1,0.0441,2.9430,0.0475,0.1351,56.8361,0.0000,56.8361,1.8597,0.0000,0.0000,791,643,77314,16.98,772.8
704,98.7599,12.4438,0.0635,0.0140,2.7729,0.0678,0.0262,55.7330,0.0013,1,0.0839,4.9852,0.0492,0.2015,56.8230,0.0000,56.8230,1.6696,0.0000,0.0000,791,642,77226,17.08,772.8
705,98.8186,58.6946,2.6447,0.0155,3.6165,0.0871,0.0249,56.5337,0.0020,1,0.0491,2.9727,0.0471,0.2896,57.3197,0.0000,57.3197,1.6256,0.0000,0.0000,791,634,76458,17.07,772.8
706,98.8815,62.9449,1.0590,0.0152,2.8054,0.0654,0.0225,62.1842,0.0017,1,0.0475,3.1181,0.0487,0.3177,57.2407,0.0000,57.2407,1.6380,0.0000,0.0000,791,633,75946,17.05,772.8
707,98.9477,66.1772,1.0614,0.0175,2.9934,0.0770,0.0277,128.7616,0.0020,1,0.0457,3.2594,0.0489,0.3236,59.0361,0.0000,59.0361,1.6134,0.0000,0.0000,791,630,75434,17.13,772.8
708,99.0807,100.0000,1.1822,0.0226,3.3225,0.0743,0.0266,8.3709,0.0012,1,0.0460,3.1471,0.0490,0.3528,62.3090,0.0000,62.3090,1.6411,0.0000,0.0000,791,636,76146,16.91,771.7
709,99.0937,13.0449,1.1110,0.0180,3.2176,0.0713,0.0255,60.0402,0.0012,1,0.0443,2.8567,0.0484,0.3052,65.1043,0.0000,65.1043,1.6499,0.0000,0.0000,791,625,75506,17.02,771.7
710,99.1582,64.5017,0.6327,0.0147,2.8875,0.0650,0.0231,142.4025,0.0017,1,0.0473,2.8071,0.0491,0.4329,67.7351,0.0000,67.7351,1.8027,0.0000,0.0000,791,625,74866,17.10,771.7
711,99.3043,100.0000,4.1400,0.0164,3.6352,0.0748,0.0272,6.1351,0.0012,1,0.0460,3.0026,0.0512,0.4014,67.7377,0.0000,67.7377,1.6482,0.0000,0.0000,791,622,74738,16.89,771.7
712,99.3183,14.0463,0.0633,0.0152,5.2886,0.0634,0.0243,106.8932,0.0017,1,0.0473,3.1287,0.0510,0.6060,69.4849,0.0000,69.4849,1.8410,0.0000,0.0000,791,620,74438,16.99,771.7
713,99.4307,100.0000,2.1629,0.0172,7.2816,0.1049,0.1090,27.9946,0.0013,1,0.0451,2.8354,0.0506,0.4243,74.8161,0.0000,74.8161,1.8411,0.0000,0.0000,791,603,73158,16.99,771.7
714,99.4684,37.6885,1.1277,0.0180,4.6534,0.1234,0.0299,75.9610,0.0013,1,0.0434,2.6286,0.0502,0.3831,76.3997,0.0000,76.3997,2.0107,0.0000,0.0000,791,603,72446,16.93,771.7
715,99.5503,81.9312,0.5746,0.0172,3.2779,0.0725,0.0306,83.4047,0.0013,1,0.0461,2.7730,0.0501,0.4608,80.6486,0.0000,80.6486,1.6851,0.0000,0.0000,791,591,71014,16.92,771.7
716,99.6377,87.3965,0.4836,0.0167,4.7918,0.0728,0.0276,79.7074,0.0017,1,0.0412,2.5031,0.0503,0.3892,79.9277,0.0000,79.9277,1.6804,0.0000,0.0000,791,586,70374,16.92,771.7
717,99.7228,85.1220,2.7618,0.0195,5.2026,0.0803,0.0297,81.2573,0.0011,1,0.0467,2.4732,0.0497,0.4577,81.4627,0.0000,81.4627,1.6504,0.0000,0.0000,791,571,68582,16.75,771.7
718,99.8122,89.3681,0.5760,0.0194,3.2782,0.0669,0.0264,84.0049,0.0013,1,0.0411,2.3685,0.0496,0.4844,83.2921,0.0000,83.2921,1.6446,0.0000,0.0000,791,554,66406,16.67,771.7
719,99.9002,87.9892,0.9250,0.0193,3.1008,0.0751,0.0306,86.4726,0.0014,1,0.0425,2.7003,0.0508,0.5232,83.8741,0.0000,83.8741,1.6415,0.0000,0.0000,791,545,65254,16.60,771.7
720,99.9908,90.6417,0.6749,0.0167,4.3872,0.0719,0.0266,87.1623,0.0011,1,0.0423,2.7123,0.0496,0.5571,85.9204,0.0000,85.9204,1.6541,0.0000,0.0000,791,539,64486,16.53,771.7
721,100.0832,92.3567,1.7197,0.0153,8.1878,0.1125,0.0400,176.3700,0.0015,1,0.0427,2.6331,0.0510,0.5188,88.1748,0.0000,88.1748,1.6723,0.0000,0.0000,791,530,63366,16.45,771.7
722,100.2696,100.0000,1.8320,0.0206,3.2602,0.0668,0.0264,7.1308,0.0013,1,0.0436,2.3747,0.0495,0.4572,88.1919,0.0000,88.1919,1.9324,0.0000,0.0000,791,516,61734,16.36,771.7
723,100.2820,12.3532,0.4735,0.0156,3.0186,0.0645,0.0236,113.9096,0.0014,1,0.0435,2.2215,0.0495,0.4975,88.7165,0.0000,88.7165,1.8098,0.0000,0.0000,791,495,59270,16.46,771.7
724,100.3995,100.0000,1.4446,0.0166,3.1204,0.0634,0.0235,140.0655,0.0015,1,0.0443,1.9661,0.0477,0.4710,81.0969,0.0000,81.0969,1.5246,0.0000,0.0000,791,451,53646,16.37,771.7
725,100.5443,100.0000,1.5123,0.0141,2.9493,0.0718,0.0276,5.4066,0.0014,1,0.0467,2.8556,0.0489,0.5612,80.8140,0.0000,80.8140,1.5236,0.0000,0.0000,791,450,53518,16.37,771.7
726,100.5543,9.9994,0.0650,0.0163,4.3749,0.0738,0.0348,72.8826,0.0018,1,0.0419,2.0403,0.0473,0.4508,76.0776,0.0000,76.0776,1.4678,0.0000,0.0000,791,423,50318,16.57,771.7
727,100.6317,77.4663,0.3022,0.0187,3.8617,0.0794,0.0298,72.4480,0.0013,1,0.0409,1.6172,0.0490,0.3509,71.8279,0.0000,71.8279,1.6130,0.0000,0.0000,791,371,44226,16.49,771.7
728,100.7085,76.7587,0.2595,0.0174,5.9816,0.0824,0.0299,69.3928,0.0017,1,0.0391,1.5895,0.0471,0.3155,70.4152,0.0000,70.4152,1.3728,0.0000,0.0000,791,363,43202,16.46,771.7
729,100.7843,75.7885,0.0692,0.0170,3.4104,0.0790,0.0291,67.5400,0.0013,1,0.0385,1.4668,0.0478,0.3008,67.5458,0.0000,67.5458,1.3841,0.0000,0.0000,791,332,39330,16.31,771.7
730,100.8554,71.1616,0.6505,0.0178,3.3355,0.0696,0.0263,64.3752,0.0015,1,0.0401,1.2953,0.0471,0.2548,66.1200,0.0000,66.1200,1.3985,0.0000,0.0000,791,293,34774,16.28,771.7
731,100.9239,68.4927,0.6554,0.0157,2.7878,0.1232,0.0321,146.8453,0.0016,1,0.0384,1.2553,0.0473,0.2306,66.8513,0.0000,66.8513,1.4518,0.0000,0.0000,791,271,32198,16.26,771.7
732,101.0744,100.0000,0.7892,0.0152,3.5992,0.0640,0.0242,5.7724,0.0012,1,0.0377,1.2187,0.0473,0.2104,72.5198,0.0000,72.5198,1.7386,0.0000,0.0000,791,251,29734,16.26,771.8
733,101.0847,10.2821,0.4439,0.0144,2.4905,0.0756,0.0278,77.2070,0.0013,1,0.0414,0.9082,0.0476,0.1577,80.3013,0.0000,80.3013,1.6658,0.0000,0.0000,791,197,23422,16.26,771.8
734,101.1650,80.2754,0.7857,0.0162,3.6039,0.0603,0.0246,164.9441,0.0017,1,0.0357,0.7074,0.0455,0.1068,80.1170,0.0000,80.1170,1.5183,0.0000,0.0000,791,162,19102,16.21,771.8
735,101.3344,100.0000,2.0618,0.0376,3.2875,0.0707,0.0275,5.7495,0.0014,1,0.0365,0.7338,0.0471,0.1106,80.9680,0.0000,80.9680,1.5175,0.0000,0.0000,791,160,18846,16.12,771.8
736,101.3457,11.2531,0.3052,0.0163,4.5335,0.1036,0.0270,70.3329,0.0016,1,0.0366,0.6765,0.0469,0.0881,76.9285,0.0000,76.9285,1.5446,0.0000,0.0000,791,130,15198,16.22,771.8
737,101.4210,75.3370,0.0995,0.0150,3.1235,0.0733,0.0279,160.5872,0.0025,1,0.0377,0.4756,0.0453,0.0762,69.2813,0.0000,69.2813,1.5121,0.0000,0.0000,791,88,10142,16.19,771.8
738,101.5850,100.0000,1.7215,0.0164,7.0912,0.0914,0.0289,9.4309,0.0013,1,0.0359,0.4068,0.0459,0.0726,67.4832,0.0000,67.4832,1.5055,0.0000,0.0000,791,84,9630,16.14,771.8
739,101.6034,18.4009,16.2976,0.0159,3.6208,0.0713,0.0228,15.5042,0.0017,1,0.0370,0.4276,0.0445,0.0831,45.4301,0.0000,45.4301,1.4657,0.0000,0.0000,791,68,7614,16.18,771.8
740,101.6389,35.5501,0.5554,0.0168,3.0905,0.0694,0.0250,29.6809,0.0014,1,0.0370,0.1998,0.0450,0.0585,29.2402,0.0000,29.2402,1.4790,0.0000,0.0000,791,35,3678,16.23,771.8
741,101.6724,33.4562,0.5270,0.0171,3.0579,0.0658,0.0248,29.8577,0.0013,1,0.0359,0.1249,0.0436,0.0586,28.7532,0.0000,28.7532,1.4966,0.0000,0.0000,791,23,2142,16.29,771.8
742,101.7059,33.5676,0.8174,0.0170,3.0532,0.1067,0.0266,59.0185,0.0016,1,0.0359,0.0641,0.0438,0.0573,28.5064,0.0000,28.5064,1.4681,0.0000,0.0000,791,15,1118,16.35,771.8
743,101.7690,63.0567,1.7892,0.0194,3.1800,0.0719,0.0254,5.2519,0.0014,1,0.0365,0.0624,0.0446,0.0563,27.6906,0.0000,27.6906,1.4524,0.0000,0.0000,791,15,1118,16.35,771.9
744,101.7794,10.3540,0.0699,0.0215,5.6568,0.0722,0.0297,19.7968,0.0012,1,0.0365,0.0602,0.0435,0.0587,26.6007,0.0000,26.6007,1.4490,0.0000,0.0000,791,15,1118,16.46,771.9
745,101.8050,25.6635,1.0432,0.0157,2.9307,0.0738,0.0253,52.6640,0.0014,1,0.0395,0.0563,0.0487,0.0586,25.9884,0.0000,25.9884,1.4536,0.0000,0.0000,791,15,1118,16.62,771.9
746,101.8618,56.7700,1.9661,0.0194,5.1292,0.0729,0.0263,5.3659,0.0012,1,0.0379,0.0673,0.0445,0.0556,25.9300,0.0000,25.9300,1.4511,0.0000,0.0000,791,15,1118,16.51,771.9
747,101.8744,12.5967,0.5274,0.0166,4.5817,0.0966,0.0318,15.4164,0.0013,1,0.0368,0.0688,0.0438,0.0576,25.5048,0.0000,25.5048,1.4556,0.0000,0.0000,791,15,1118,16.59,771.9
748,101.8951,20.7042,0.6443,0.0166,5.3160,0.0712,0.0404,25.8080,0.0015,1,0.0397,0.0609,0.0435,0.0560,26.1161,0.0000,26.1161,1.6236,0.0000,0.0000,791,14,1106,16.66,771.9
749,101.9270,31.9145,2.1093,0.0200,3.7446,0.1049,0.0246,26.6781,0.0013,1,0.0359,0.0644,0.0482,0.0573,26.6193,0.0000,26.6193,1.5156,0.0000,0.0000,791,14,1106,16.76,771.9
750,101.9597,32.6983,0.4685,0.0153,2.6950,0.0632,0.0240,49.8009,0.0016,1,0.0372,0.0664,0.0448,0.0573,27.3115,0.0000,27.3115,1.4930,0.0000,0.0000,791,15,1146,16.75,771.9
751,102.0128,53.0831,1.3638,0.0159,3.5865,0.0758,0.0265,5.3919,0.0012,1,0.0388,0.0371,0.0451,0.0573,26.6812,0.0000,26.6812,1.5075,0.0000,0.0000,791,8,306,16.74,771.9
752,102.0233,10.4765,0.2111,0.0151,2.5394,0.0610,0.0223,43.7314,0.0013,1,0.0375,0.0412,0.0441,0.0588,27.6573,0.0000,27.6573,1.5170,0.0000,0.0000,791,8,306,16.83,771.9
753,102.0699,46.5969,1.4742,0.0160,2.7569,0.0632,0.0237,5.1791,0.0017,1,0.0362,0.0365,0.0492,0.0563,28.1745,0.0000,28.1745,1.5501,0.0000,0.0000,791,8,306,16.84,771.9
754,102.0794,9.5294,0.2115,0.0155,5.2135,0.0624,0.0223,25.7514,0.0012,1,0.0355,0.0351,0.0471,0.0584,29.0483,0.0000,29.0483,1.8135,0.0000,0.0000,791,8,306,16.94,771.9
755,102.1107,31.2947,0.6475,0.0690,2.6927,0.0685,0.0250,62.7740,0.0014,1,0.0406,0.0331,0.0444,0.0573,29.7048,0.0000,29.7048,1.6113,0.0000,0.0000,791,7,266,16.98,771.9
756,102.1770,66.2927,2.4563,0.0172,9.5585,0.0930,0.0287,5.8570,0.0014,1,0.0343,0.0362,0.0449,0.0570,29.4695,0.0000,29.4695,1.6063,0.0000,0.0000,791,7,266,17.06,771.9
757,102.1950,18.0272,0.0969,0.0146,6.0665,0.0809,0.0279,12.7030,0.0013,1,0.0368,0.0332,0.0451,0.0570,29.3820,0.0000,29.3820,1.6051,0.0000,0.0000,791,7,266,17.04,771.9
758,102.2140,19.0088,0.8548,0.0169,4.0390,0.0717,0.0263,57.9641,0.0015,1,0.0364,0.0328,0.0452,0.0573,28.7024,0.0000,28.7024,1.7976,0.0000,0.0000,791,7,266,17.11,771.9
759,102.2770,62.9907,0.3352,0.0154,2.9423,0.0757,0.0269,6.8204,0.0013,1,0.0353,0.0341,0.0471,0.0584,28.4997,0.0000,28.4997,1.5779,0.0000,0.0000,791,7,266,17.20,771.9
760,102.2872,10.2369,0.2577,0.0148,3.7935,0.1917,0.0236,22.3697,0.0018,1,0.0374,0.0372,0.0451,0.0570,28.4250,0.0000,28.4250,1.8019,0.0000,0.0000,791,7,266,17.21,771.9
761,102.3139,26.6697,0.3104,0.0182,4.6799,0.0764,0.0258,58.2734,0.0012,1,0.0347,0.0352,0.0465,0.0573,29.1225,0.0000,29.1225,1.5544,0.0000,0.0000,791,7,266,17.27,771.9
762,102.3773,63.3999,4.6932,0.0158,10.0628,0.0744,0.0263,12.1734,0.0013,1,0.0407,0.0351,0.0441,0.0578,28.7310,0.0000,28.7310,1.5566,0.0000,0.0000,791,7,266,17.36,771.9
763,102.4044,27.0653,0.7311,0.0174,2.9718,0.0730,0.0305,5.7082,0.0014,1,0.0365,0.0329,0.0437,0.0569,28.3134,0.0000,28.3134,1.8050,0.0000,0.0000,791,7,266,17.32,771.9
764,102.4139,9.5551,0.6037,0.0167,3.9933,0.0757,0.0251,27.2184,0.0011,1,0.0356,0.0348,0.0439,0.0610,28.5890,0.0000,28.5890,1.7130,0.0000,0.0000,791,6,226,17.43,771.9
765,102.4459,31.9487,0.2385,0.0155,3.2081,0.0729,0.0246,27.8267,0.0013,1,0.0360,0.0319,0.0472,0.0573,28.7616,0.0000,28.7616,1.5827,0.0000,0.0000,791,6,226,17.51,771.9
766,102.4773,31.4026,0.4715,0.0156,2.8721,0.0639,0.0236,29.5582,0.0011,1,0.0380,0.0330,0.0451,0.0592,29.5751,0.0000,29.5751,1.5918,0.0000,0.0000,791,6,226,17.59,771.9
767,102.5103,33.0201,0.4614,0.0157,2.7774,0.0621,0.0231,28.7398,0.0016,1,0.0357,0.0314,0.0458,0.0573,29.7984,0.0000,29.7984,1.7645,0.0000,0.0000,791,6,226,17.76,771.9
768,102.5424,32.0967,0.4755,0.0140,2.5863,0.0621,0.0238,64.8763,0.0011,1,0.0353,0.0328,0.0485,0.0573,30.0031,0.0000,30.0031,1.9477,0.0000,0.0000,791,6,226,17.72,771.9
769,102.6105,68.0537,0.2544,0.0181,3.5976,0.0710,0.0247,6.9871,0.0011,1,0.0356,0.0347,0.0471,0.0579,30.6387,0.0000,30.6387,1.9840,0.0000,0.0000,791,6,226,17.68,771.9
770,102.6214,10.9695,0.8479,0.0174,2.9825,0.0727,0.0240,24.4779,0.0013,1,0.0367,0.0373,0.0438,0.0572,31.4963,0.0000,31.4963,1.6891,0.0000,0.0000,791,7,266,17.82,771.9
771,102.6499,28.4382,0.4706,0.0153,4.3672,0.0598,0.0221,38.3511,0.0015,1,0.0374,0.0378,0.0452,0.0573,36.0859,0.0000,36.0859,1.7565,0.0000,0.0000,791,7,266,17.94,771.9
772,102.6932,43.3040,0.5566,0.0171,2.8229,0.0690,0.0253,33.2838,0.0013,1,0.0374,0.0403,0.0492,0.0582,36.3788,0.0000,36.3788,1.9303,0.0000,0.0000,791,7,266,18.10,771.9
773,102.7299,36.7921,0.2758,0.0162,4.0561,0.0765,0.0649,90.8950,0.0015,1,0.0382,0.0403,0.0453,0.0593,36.0111,0.0000,36.0111,1.7951,0.0000,0.0000,791,7,266,18.02,771.9
774,102.8254,95.4016,1.2404,0.0162,2.6797,0.0609,0.0243,5.5581,0.0012,1,0.0402,0.0377,0.0451,0.0562,37.7668,0.0000,37.7668,1.9601,0.0000,0.0000,791,6,186,17.96,771.9
775,102.8350,9.5961,1.8905,0.0164,3.0530,0.0651,0.0230,34.9097,0.0011,1,0.0382,0.0451,0.0453,0.0565,38.1740,0.0000,38.1740,2.0065,0.0000,0.0000,791,7,226,18.12,771.9
776,102.8749,39.9727,0.4233,0.0154,3.3936,0.0626,0.0236,76.6450,0.0013,1,0.0388,0.0378,0.0454,0.0588,38.0587,0.0000,38.0587,2.1564,0.0000,0.0000,791,6,214,18.24,771.9
777,102.9555,80.5807,0.3814,0.0156,2.8068,0.0631,0.0236,4.6105,0.0012,1,0.0385,0.0386,0.0451,0.0575,37.6419,0.0000,37.6419,1.9007,0.0000,0.0000,791,6,214,18.20,771.9
778,102.9634,7.9164,0.0616,0.0143,2.8343,0.0669,0.0242,34.1923,0.0018,1,0.0396,0.0374,0.0461,0.0593,37.5438,0.0000,37.5438,1.8916,0.0000,0.0000,791,6,214,18.39,771.9
779,103.0006,37.2107,0.3857,0.0186,5.2527,0.0647,0.0242,80.9331,0.0010,1,0.0373,0.0331,0.0462,0.0607,38.6120,0.0000,38.6120,1.9121,0.0000,0.0000,791,4,134,18.49,771.9
780,103.0873,86.6957,0.5145,0.0148,3.5886,0.0655,0.0229,4.4949,0.0015,1,0.0414,0.0332,0.0471,0.0595,38.3615,0.0000,38.3615,1.8919,0.0000,0.0000,791,4,134,18.45,771.9
781,103.0960,8.7169,0.4510,0.0143,2.6469,0.0606,0.0226,32.2940,0.0013,1,0.0369,0.0332,0.0467,0.0595,37.5309,0.0000,37.5309,1.8941,0.0000,0.0000,791,4,134,18.65,771.9
782,103.1316,35.5068,2.1650,0.0153,3.9699,0.0632,0.0233,33.7211,0.0018,1,0.0418,0.0296,0.0451,0.0592,35.1755,0.0000,35.1755,2.0599,0.0000,0.0000,791,3,94,18.75,771.9
783,103.1715,39.9753,1.3073,0.0241,3.3089,0.0646,0.0222,35.6199,0.0020,1,0.0408,0.0269,0.0451,0.0594,35.6411,0.0000,35.6411,1.9174,0.0000,0.0000,791,2,14,18.83,771.9
784,103.2119,40.3701,0.4830,0.0164,2.6993,0.0624,0.0239,72.9536,0.0015,1,0.0399,0.0260,0.0451,0.0593,35.1238,0.0000,35.1238,2.0479,0.0000,0.0000,791,2,14,18.90,771.9
785,103.2882,76.2575,0.5420,0.0179,3.3836,0.0628,0.0238,5.0271,0.0013,1,0.0403,0.0250,0.0454,0.0610,34.6100,0.0000,34.6100,1.8967,0.0000,0.0000,791,2,14,18.97,771.9
786,103.2972,9.0744,1.9717,0.0161,9.2476,0.0692,0.0288,21.8738,0.0015,1,0.0396,0.0321,0.0451,0.0591,34.6855,0.0000,34.6855,1.8923,0.0000,0.0000,791,3,94,18.97,771.9
787,103.3305,33.2448,0.5177,0.0151,3.0763,0.0769,0.0263,78.9199,0.0018,1,0.0380,0.0307,0.0452,0.0614,36.5152,0.0000,36.5152,1.8886,0.0000,0.0000,791,3,94,19.05,771.9
788,103.4131,82.6541,0.5140,0.0198,3.0097,0.0743,0.0271,7.9725,0.0022,1,0.0502,0.0314,0.0454,0.0634,37.2332,0.0000,37.2332,1.9224,0.0000,0.0000,791,3,94,19.10,771.9
789,103.9710,100.0000,0.6986,0.0158,6.2797,0.0594,0.0220,5.6108,0.0018,1,0.0370,0.0300,0.0460,0.0581,36.6796,0.0000,36.6796,2.0685,0.0000,0.0000,791,3,94,18.93,771.9
790,103.9837,12.7092,0.0674,0.0179,2.8614,0.0686,0.0250,38.3699,0.0013,1,0.0408,0.0655,0.0457,0.0713,39.2030,0.0000,39.2030,1.8966,0.0000,0.0000,791,7,430,18.96,771.9
791,104.0251,41.4271,0.3449,0.0146,3.4610,0.0656,0.0259,5.3023,0.0015,1,0.0490,0.0396,0.0457,0.0573,32.3299,0.0000,32.3299,1.4535,0.0000,0.0000,791,5,106,19.04,771.9
792,104.0344,9.2319,0.0621,0.0141,2.8326,0.0606,0.0230,36.6398,0.0013,1,0.0392,0.0311,0.0468,0.0574,32.0756,0.0000,32.0756,1.5965,0.0000,0.0000,791,5,106,19.23,771.9
793,104.0740,39.6516,0.0647,0.0149,3.5747,0.0746,0.0251,22.0593,0.0016,1,0.0373,0.0281,0.0454,0.0586,31.7244,0.0000,31.7244,1.7626,0.0000,0.0000,791,5,106,19.32,771.9
794,104.0999,25.8309,0.2621,0.0156,2.8388,0.0650,0.0241,65.3744,0.0014,1,0.0367,0.0292,0.0464,0.0575,31.8859,0.0000,31.8859,1.6728,0.0000,0.0000,791,5,106,19.46,771.9
795,104.1685,68.5986,1.4484,0.0156,8.4018,0.0921,0.0342,5.1280,0.0013,1,0.0344,0.0292,0.0465,0.0567,32.1816,0.0000,32.1816,1.6457,0.0000,0.0000,791,5,106,19.47,771.9
796,104.1836,15.1366,0.1132,0.0138,3.5725,0.0651,0.0239,22.5188,0.0011,1,0.0356,0.0318,0.0440,0.0576,31.9828,0.0000,31.9828,1.6768,0.0000,0.0000,791,5,106,19.65,771.9
797,104.2099,26.3227,0.0616,0.0143,4.3944,0.0713,0.0249,65.9580,0.0014,1,0.0378,0.0284,0.0452,0.0554,31.8666,0.0000,31.8666,1.6939,0.0000,0.0000,791,5,106,19.76,771.9
798,104.2805,70.5410,0.0882,0.0161,3.1007,0.0696,0.0268,5.1396,0.0014,1,0.0390,0.0293,0.0452,0.0594,32.0851,0.0000,32.0851,1.6799,0.0000,0.0000,791,5,106,19.72,771.9
799,104.2889,8.4579,0.0784,0.0148,4.8111,0.0817,0.0256,25.1543,0.0015,1,0.0367,0.0270,0.0457,0.0576,31.3376,0.0000,31.3376,1.4609,0.0000,0.0000,791,5,106,20.02,795.8
800,104.3191,30.1829,0.0645,0.0148,2.8821,0.0697,0.0248,66.8863,0.0019,1,0.0408,0.0287,0.0450,0.0573,32.2252,0.0000,32.2252,1.4378,0.0000,0.0000,791,5,106,20.02,795.8
801,104.3891,69.9617,0.4869,0.0165,3.4772,0.0672,0.0229,4.8742,0.0013,1,0.0348,0.0268,0.0492,0.0584,31.8395,0.0000,31.8395,1.5904,0.0000,0.0000,791,5,106,19.91,795.8
802,104.3980,8.9622,0.4487,0.0152,2.7521,0.0629,0.0241,28.3340,0.0013,1,0.0422,0.0298,0.0453,0.0573,31.7849,0.0000,31.7849,1.6016,0.0000,0.0000,791,5,106,20.22,795.8
803,104.4297,31.6445,0.0577,0.0144,2.7336,0.0659,0.0251,33.2884,0.0013,1,0.0367,0.0283,0.0496,0.0559,32.3489,0.0000,32.3489,1.6315,0.0000,0.0000,791,5,106,20.15,795.8
804,104.4659,36.2019,0.0650,0.0144,2.9337,0.0670,0.0270,31.0795,0.0012,1,0.0418,0.0289,0.0458,0.0572,32.6905,0.0000,32.6905,1.6899,0.0000,0.0000,791,5,106,20.21,795.8
805,104.5001,34.1949,0.0903,0.0161,3.2382,0.0730,0.0290,30.6852,0.0014,1,0.0378,0.0308,0.0451,0.0616,32.4223,0.0000,32.4223,1.6021,0.0000,0.0000,791,5,106,20.29,795.8
806,104.5342,34.1403,0.0686,0.0157,2.9235,0.0705,0.0258,57.0826,0.0015,1,0.0413,0.0282,0.0451,0.0573,32.1908,0.0000,32.1908,1.4519,0.0000,0.0000,791,5,106,20.38,795.8
807,104.5944,60.2058,0.2225,0.0177,3.4232,0.0749,0.0280,17.6658,0.0016,1,0.0399,0.0272,0.0459,0.0573,39.7239,0.0000,39.7239,1.4061,0.0000,0.0000,791,5,106,20.35,795.8
808,104.6159,21.4408,0.0755,0.0154,3.3075,0.0715,0.0277,31.7363,0.0030,1,0.0397,0.0285,0.0451,0.0578,32.0937,0.0000,32.0937,1.4459,0.0000,0.0000,791,5,106,20.45,795.8
809,104.6511,35.2508,0.0817,0.0200,3.1863,0.0836,0.0368,30.8506,0.0015,1,0.0388,0.0271,0.0458,0.0593,32.3695,0.0000,32.3695,1.4654,0.0000,0.0000,791,5,106,20.68,795.8
810,104.6854,34.2672,0.0689,0.0155,3.1281,0.0704,0.0265,62.8423,0.0011,1,0.0356,0.0289,0.0473,0.0559,39.5983,0.0000,39.5983,1.4030,0.0000,0.0000,791,5,106,20.60,795.8
811,104.7515,66.1589,0.0622,0.0143,3.3437,0.0664,0.0234,55.3487,0.0016,1,0.0347,0.0286,0.0471,0.0553,39.7492,0.0000,39.7492,1.5438,0.0000,0.0000,791,5,106,20.72,795.8
812,104.8105,58.9421,0.4441,0.0163,3.4503,0.0650,0.0241,4.9902,0.0014,1,0.0366,0.0291,0.0453,0.0572,38.9701,0.0000,38.9701,1.3659,0.0000,0.0000,791,5,106,20.55,795.8
813,104.8195,9.0094,0.5871,0.0155,2.8968,0.0675,0.0248,33.4918,0.0015,1,0.0406,0.0287,0.0457,0.0576,39.3509,0.0000,39.3509,1.3685,0.0000,0.0000,791,5,106,20.77,795.8
814,104.8566,37.1011,0.5168,0.0143,3.8245,0.0769,0.0258,29.9979,0.0015,1,0.0356,0.0283,0.0451,0.0590,31.0948,0.0000,31.0948,1.4607,0.0000,0.0000,791,4,94,20.68,795.8
815,104.8911,34.4731,0.2803,0.0160,6.5701,0.0728,0.0316,48.0492,0.0014,1,0.0359,0.0285,0.0486,0.0573,31.6083,0.0000,31.6083,1.4520,0.0000,0.0000,791,4,94,20.76,795.8
816,104.9461,55.0385,0.6031,0.0177,4.1047,0.0721,0.0270,9.5209,0.0013,1,0.0363,0.0304,0.0471,0.0572,31.0443,0.0000,31.0443,1.4495,0.0000,0.0000,791,4,94,20.81,795.8
817,104.9605,14.3640,1.2378,0.0182,4.1944,0.0950,0.0273,30.0179,0.0014,1,0.0368,0.0367,0.0464,0.0570,31.9827,0.0000,31.9827,1.6218,0.0000,0.0000,791,5,174,20.95,795.8
818,104.9961,35.6104,0.2929,0.0169,3.2229,0.0834,0.0393,99.4514,0.0014,1,0.0407,0.0351,0.0470,0.0558,35.0048,0.0000,35.0048,1.4940,0.0000,0.0000,791,5,174,21.05,795.8
819,105.0992,100.0000,2.1533,0.0185,8.6253,0.5169,0.0383,7.2062,0.0063,1,0.0370,0.0679,0.0465,0.0567,34.9562,0.0000,34.9562,1.7400,0.0000,0.0000,791,11,942,20.92,795.8
820,105.1178,18.5831,0.4841,0.0178,3.8137,0.0705,0.0264,19.6851,0.0014,1,0.0368,0.0824,0.0456,0.0559,34.7387,0.0000,34.7387,1.4987,0.0000,0.0000,791,12,1014,21.22,795.8
821,105.1419,24.1073,0.8556,0.0177,6.2519,0.0726,0.0274,33.5327,0.0013,1,0.0358,0.0585,0.0484,0.0573,35.2177,0.0000,35.2177,1.6586,0.0000,0.0000,791,12,1014,21.18,795.8
822,105.1827,40.7764,0.6112,0.0179,3.7153,0.0783,0.0299,55.6375,0.0017,1,0.0382,0.0615,0.0456,0.0573,35.1742,0.0000,35.1742,1.5035,0.0000,0.0000,791,12,1014,21.24,795.8
823,105.2428,60.1107,5.2031,0.0168,5.3444,0.0739,0.0277,6.3927,0.0017,1,0.0358,0.0562,0.0469,0.0585,35.2855,0.0000,35.2855,1.4965,0.0000,0.0000,791,12,1014,21.39,795.8
824,105.2598,17.0786,0.4160,0.0186,4.6888,0.0752,0.0274,28.3307,0.0013,1,0.0399,0.0574,0.0458,0.0575,34.6087,0.0000,34.6087,1.6960,0.0000,0.0000,791,11,942,21.37,795.8
825,105.2934,33.5730,0.4312,0.0151,3.4210,0.0711,0.0329,32.5278,0.0012,1,0.0372,0.0329,0.0471,0.0575,31.2984,0.0000,31.2984,1.4020,0.0000,0.0000,791,5,174,21.47,795.8
826,105.3299,36.5159,0.2771,0.0183,3.5905,0.0618,0.0234,28.3891,0.0012,1,0.0364,0.0271,0.0493,0.0569,30.4470,0.0000,30.4470,1.4042,0.0000,0.0000,791,4,94,21.57,795.8
827,105.3623,32.3974,0.2407,0.0153,4.1446,0.0621,0.0236,64.0353,0.0013,1,0.0347,0.0310,0.0479,0.0554,31.1574,0.0000,31.1574,1.4030,0.0000,0.0000,791,4,94,21.70,795.8
828,105.4309,68.5390,0.2589,0.0181,3.5223,0.0668,0.0593,5.1251,0.0013,1,0.0407,0.0352,0.0453,0.0561,31.1439,0.0000,31.1439,1.4214,0.0000,0.0000,791,5,106,21.83,795.8
829,105.4399,9.0663,0.4678,0.0156,3.9126,0.0637,0.0246,25.8637,0.0012,1,0.0368,0.0269,0.0436,0.0590,31.9779,0.0000,31.9779,1.5974,0.0000,0.0000,791,5,106,21.84,795.8
830,105.4703,30.3645,0.4627,0.0149,2.7359,0.0652,0.0253,32.4691,0.0014,1,0.0384,0.0331,0.0448,0.0593,32.0321,0.0000,32.0321,1.6698,0.0000,0.0000,791,5,106,21.98,795.8
831,105.5061,35.7890,0.4626,0.0149,2.7638,0.0665,0.0315,32.7361,0.0013,1,0.0362,0.0276,0.0492,0.0593,32.6026,0.0000,32.6026,1.4470,0.0000,0.0000,791,5,106,22.24,795.8
832,105.5422,36.0927,0.4736,0.0169,4.3246,0.0701,0.0254,32.2427,0.0016,1,0.0364,0.0300,0.0445,0.0594,33.5130,0.0000,33.5130,1.4340,0.0000,0.0000,791,5,106,22.15,795.8
833,105.5794,37.1727,1.7374,0.0230,3.4816,0.0763,0.0300,37.1998,0.0015,1,0.0376,0.0280,0.0451,0.0586,34.4153,0.0000,34.4153,1.6201,0.0000,0.0000,791,5,106,22.41,795.8
834,105.6219,42.5661,0.2525,0.0153,3.1179,0.1063,0.0356,44.7562,0.0013,1,0.0348,0.0291,0.0453,0.0611,33.8484,0.0000,33.8484,1.4864,0.0000,0.0000,791,5,106,22.39,795.8
835,105.6702,48.3021,1.2114,0.0180,3.0515,0.0717,0.0321,15.8860,0.0011,1,0.0401,0.0285,0.0452,0.0594,34.9168,0.0000,34.9168,1.4712,0.0000,0.0000,791,5,106,22.53,795.8
836,105.6905,20.2888,0.0675,0.0150,3.0353,0.0699,0.0269,35.3259,0.0014,1,0.0353,0.0300,0.0451,0.0600,34.7910,0.0000,34.7910,1.4742,0.0000,0.0000,791,5,106,22.82,795.8
837,105.7291,38.5585,0.1127,0.0162,3.5544,0.0734,0.0276,32.9627,0.0013,1,0.0355,0.0271,0.0458,0.0573,34.5154,0.0000,34.5154,1.6288,0.0000,0.0000,791,5,106,23.02,795.8
838,105.7658,36.7638,0.0785,0.0172,3.4707,0.0757,0.0298,35.2345,0.0011,1,0.0348,0.0291,0.0450,0.0596,34.8351,0.0000,34.8351,1.4858,0.0000,0.0000,791,5,106,23.26,795.8
839,105.8048,38.9233,0.0663,0.0158,3.1172,0.0702,0.0265,31.6754,0.0016,1,0.0386,0.0300,0.0451,0.0580,34.9920,0.0000,34.9920,1.4642,0.0000,0.0000,791,5,106,23.48,795.8
840,105.8397,34.9881,0.0735,0.0159,3.0069,0.0670,0.0252,34.2234,0.0014,1,0.0362,0.0284,0.0450,0.0632,34.1837,0.0000,34.1837,1.4656,0.0000,0.0000,791,5,106,23.74,795.8
841,105.8772,37.4296,0.0751,0.0166,3.8163,0.0708,0.0267,35.4072,0.0017,1,0.0348,0.0294,0.0451,0.0579,34.4664,0.0000,34.4664,1.4638,0.0000,0.0000,791,5,106,24.00,795.8
842,105.9166,39.4355,2.5697,0.0184,3.2926,0.0709,0.0259,32.0562,0.0015,1,0.0387,0.0347,0.0452,0.0606,34.5832,0.0000,34.5832,1.4882,0.0000,0.0000,791,5,106,24.29,795.8
843,105.9547,38.0525,0.6871,0.0171,3.0616,0.0700,0.0258,31.8467,0.0016,1,0.0378,0.0323,0.0451,0.0590,34.7494,0.0000,34.7494,1.4515,0.0000,0.0000,791,5,106,24.17,795.8
844,105.9904,35.7266,0.6806,0.0161,2.9788,0.0721,0.0284,72.3105,0.0012,1,0.0345,0.0281,0.0451,0.0611,34.3233,0.0000,34.3233,1.7096,0.0000,0.0000,791,5,106,24.48,795.8
845,106.0665,76.1045,0.5423,0.0157,3.3556,0.0621,0.0240,4.8636,0.0016,1,0.0455,0.0312,0.0451,0.0580,34.3806,0.0000,34.3806,1.6194,0.0000,0.0000,791,5,106,24.60,795.8
846,106.0754,8.8827,1.5049,0.0155,3.1587,0.0628,0.0242,27.6754,0.0014,1,0.0370,0.0295,0.0450,0.0581,33.9905,0.0000,33.9905,1.4706,0.0000,0.0000,791,5,106,24.61,795.8
847,106.1078,32.4581,0.6112,0.0149,2.7239,0.0820,0.0282,34.8111,0.0016,1,0.0364,0.0268,0.0453,0.0585,33.8566,0.0000,33.8566,1.4700,0.0000,0.0000,791,5,106,24.84,795.8
848,106.1461,38.2887,0.3702,0.0142,5.6924,0.0590,0.0229,31.0956,0.0015,1,0.0346,0.0291,0.0471,0.0578,33.7496,0.0000,33.7496,1.4651,0.0000,0.0000,791,5,106,25.04,795.8
849,106.1834,37.2709,0.4057,0.0147,2.6286,0.0719,0.0320,65.1631,0.0011,1,0.0353,0.0291,0.0483,0.0575,34.4766,0.0000,34.4766,1.6195,0.0000,0.0000,791,5,106,25.24,795.8
850,106.2517,68.3324,0.0592,0.0156,3.0337,0.0803,0.0314,6.1877,0.0018,1,0.0339,0.0290,0.0488,0.0553,34.3584,0.0000,34.3584,1.6415,0.0000,0.0000,791,5,106,25.26,795.8
851,106.2612,9.4271,0.0621,0.0149,3.6303,0.2602,0.0268,28.8877,0.0013,1,0.0364,0.0298,0.0452,0.0587,33.7708,0.0000,33.7708,1.6133,0.0000,0.0000,791,5,106,25.57,795.8
852,106.2941,32.8981,0.0613,0.0152,3.6022,0.0687,0.0256,32.8342,0.0011,1,0.0367,0.0298,0.0471,0.0574,34.2050,0.0000,34.2050,1.4598,0.0000,0.0000,791,5,106,25.94,795.8
853,106.3307,36.6225,0.1313,0.0136,2.9433,0.0663,0.0250,36.9775,0.0013,1,0.0406,0.0283,0.0451,0.0568,34.7638,0.0000,34.7638,1.4576,0.0000,0.0000,791,5,106,25.80,795.8
854,106.3708,40.1739,0.5782,0.0338,7.1414,0.0669,0.0219,27.3898,0.0014,1,0.0427,0.0329,0.0462,0.0573,34.8036,0.0000,34.8036,1.6057,0.0000,0.0000,791,5,106,26.02,795.8
855,106.4061,35.2490,0.5720,0.0144,2.7713,0.0635,0.0241,72.3258,0.0012,1,0.0400,0.0298,0.0439,0.0583,34.3918,0.0000,34.3918,1.7199,0.0000,0.0000,791,5,106,26.39,795.8
856,106.4819,75.7796,0.7000,0.0512,3.4244,0.0704,0.0333,5.1057,0.0015,1,0.0355,0.0294,0.0471,0.0563,34.1496,0.0000,34.1496,1.4652,0.0000,0.0000,791,5,106,26.02,795.8
857,106.4913,9.4030,0.0723,0.0164,2.8376,0.0604,0.0241,30.2266,0.0012,1,0.0366,0.0302,0.0451,0.0581,33.9553,0.0000,33.9553,1.6963,0.0000,0.0000,791,5,106,26.40,795.8
858,106.5245,33.2453,0.0627,0.0147,3.0299,0.0713,0.0266,71.6469,0.0015,1,0.0371,0.0307,0.0450,0.0614,34.3241,0.0000,34.3241,1.4662,0.0000,0.0000,791,5,106,26.79,795.8
859,106.5994,74.8608,0.8282,0.0166,4.0578,0.0721,0.0276,5.5398,0.0016,1,0.0358,0.0292,0.0453,0.0562,34.3046,0.0000,34.3046,1.4573,0.0000,0.0000,791,5,106,26.46,795.8
860,106.6099,10.5514,0.0878,0.0172,3.3444,0.0748,0.0284,75.9890,0.0014,1,0.0369,0.0284,0.0451,0.0589,39.9924,0.0000,39.9924,1.4327,0.0000,0.0000,791,5,106,26.61,795.8
861,106.6895,79.5507,0.4060,0.0165,3.5547,0.0765,0.0302,5.7549,0.0021,1,0.0351,0.0276,0.0451,0.0606,40.6149,0.0000,40.6149,1.4170,0.0000,0.0000,791,5,106,26.34,795.8
862,106.6993,9.8490,4.7078,0.0186,3.1114,0.0707,0.0261,33.9258,0.0010,1,0.0389,0.0313,0.0451,0.0590,41.8264,0.0000,41.8264,1.4171,0.0000,0.0000,791,5,106,26.48,795.8
863,106.7412,41.8689,0.7227,0.0144,2.6513,0.0656,0.0245,39.3594,0.0013,1,0.0357,0.0280,0.0475,0.0601,39.8840,0.0000,39.8840,1.3743,0.0000,0.0000,791,5,106,26.60,795.8
864,106.7840,42.8458,0.0640,0.0169,3.3653,0.0763,0.0277,38.1287,0.0012,1,0.0379,0.0297,0.0452,0.0561,40.7547,0.0000,40.7547,1.3659,0.0000,0.0000,791,5,106,26.41,795.8
865,106.8257,41.6866,0.0589,0.0152,3.0459,0.0694,0.0262,42.4566,0.0015,1,0.0370,0.0295,0.0451,0.0602,40.2065,0.0000,40.2065,1.3535,0.0000,0.0000,791,5,106,26.32,795.8
866,106.8715,45.7101,0.0718,0.0161,3.1599,0.0667,0.0261,37.4809,0.0015,1,0.0355,0.0302,0.0451,0.0601,40.7788,0.0000,40.7788,1.3462,0.0000,0.0000,791,5,106,26.38,795.8
867,106.9123,40.8309,0.0715,0.0171,3.7474,0.1580,0.0292,42.0309,0.0014,1,0.0370,0.0285,0.0451,0.0575,40.2814,0.0000,40.2814,1.3376,0.0000,0.0000,791,5,106,26.22,795.8
868,106.9583,46.0626,0.0700,0.0163,3.1043,0.0701,0.0258,41.5990,0.0020,1,0.0371,0.0302,0.0452,0.0584,40.3124,0.0000,40.3124,1.3245,0.0000,0.0000,791,5,106,26.07,795.8
869,107.0032,44.8965,2.3588,0.0189,3.1019,0.0692,0.0268,36.1244,0.0014,1,0.0363,0.0287,0.0464,0.0612,40.6515,0.0000,40.6515,1.3281,0.0000,0.0000,791,5,106,26.00,795.8
870,107.0450,41.7093,0.7270,0.0180,3.5152,0.6957,0.0322,37.6597,0.0015,1,0.0349,0.0291,0.0490,0.0594,39.8882,0.0000,39.8882,1.3157,0.0000,0.0000,791,5,106,25.95,795.8
871,107.0876,42.6569,0.5670,0.0184,3.1902,0.0764,0.0305,65.1825,0.0015,1,0.0353,0.0290,0.0451,0.0599,40.8538,0.0000,40.8538,1.3248,0.0000,0.0000,791,5,106,26.01,795.8
872,107.1567,69.0737,1.5080,0.0171,6.5701,0.0706,0.0273,11.4629,0.0014,1,0.0361,0.0286,0.0452,0.0609,40.6492,0.0000,40.6492,1.3140,0.0000,0.0000,791,5,106,25.68,795.8
873,107.1763,19.6647,0.5164,0.0205,3.3753,0.0769,0.0269,80.3874,0.0011,1,0.0352,0.0286,0.0492,0.0594,41.0973,0.0000,41.0973,1.3003,0.0000,0.0000,791,5,106,25.83,795.8
874,107.2608,84.4113,0.0605,0.0166,2.9072,0.0700,0.0265,6.5301,0.0011,1,0.0369,0.0320,0.0451,0.0578,40.6605,0.0000,40.6605,1.3050,0.0000,0.0000,791,5,106,25.42,795.8
875,107.2704,9.6194,0.0625,0.0145,3.1280,0.0751,0.0268,35.0887,0.0015,1,0.0372,0.0295,0.0451,0.0561,40.5278,0.0000,40.5278,1.4662,0.0000,0.0000,791,5,106,25.54,795.8
876,107.3088,38.4039,0.0550,0.0151,2.9867,0.0713,0.0271,40.3719,0.0017,1,0.0372,0.0287,0.0458,0.0591,39.7352,0.0000,39.7352,1.3127,0.0000,0.0000,791,5,106,25.69,795.8
877,107.3523,43.5363,0.0868,0.0161,3.9393,0.0732,0.0269,36.3612,0.0016,1,0.0422,0.0302,0.0452,0.0571,39.8014,0.0000,39.8014,1.4562,0.0000,0.0000,791,5,106,25.55,795.8
878,107.3928,40.5122,0.0780,0.0167,2.9369,0.0721,0.0267,44.2321,0.0014,1,0.0354,0.0296,0.0451,0.0596,39.5575,0.0000,39.5575,1.2979,0.0000,0.0000,791,5,106,25.44,795.8
879,107.4402,47.3716,0.6070,0.0164,3.8057,0.0918,0.0398,35.9954,0.0014,1,0.0381,0.0344,0.0451,0.0607,41.1745,0.0000,41.1745,1.2916,0.0000,0.0000,791,5,106,25.52,795.8
880,107.4808,40.5648,0.8119,0.0157,2.8804,0.0767,0.0334,80.1491,0.0014,1,0.0363,0.0282,0.0447,0.0581,40.8458,0.0000,40.8458,1.2951,0.0000,0.0000,791,5,106,25.36,795.8
881,107.5647,83.9754,0.6908,0.0154,3.1132,0.0647,0.0708,6.2935,0.0014,1,0.0373,0.0282,0.0451,0.0594,39.9416,0.0000,39.9416,1.2908,0.0000,0.0000,791,5,106,25.05,795.8
882,107.5750,10.2577,0.0629,0.0157,2.8236,0.0635,0.0243,59.2857,0.0013,1,0.0363,0.0299,0.0453,0.0562,40.0931,0.0000,40.0931,1.2867,0.0000,0.0000,791,5,106,25.33,795.8
883,107.6373,62.2849,0.3763,0.0136,3.8381,0.0654,0.0249,17.0648,0.0013,1,0.0366,0.0287,0.0460,0.0611,39.7093,0.0000,39.7093,1.2735,0.0000,0.0000,791,5,106,25.15,795.8
884,107.6587,21.3907,0.3761,0.0161,3.1428,0.0637,0.0248,34.1961,0.0015,1,0.0361,0.0290,0.0463,0.0586,40.5511,0.0000,40.5511,1.2696,0.0000,0.0000,791,5,106,25.08,795.8
885,107.6965,37.8291,0.0672,0.0155,2.7431,0.0816,0.0302,43.7467,0.0013,1,0.0383,0.0280,0.0452,0.0614,40.5813,0.0000,40.5813,1.2696,0.0000,0.0000,791,5,106,25.05,795.8
886,107.7432,46.6929,0.7448,0.0151,2.8995,0.0736,0.0263,35.8139,0.0013,1,0.0391,0.0304,0.0451,0.0760,39.8285,0.0000,39.8285,1.2672,0.0000,0.0000,791,5,106,24.97,795.8
887,107.7828,39.5814,0.3486,0.0133,2.7844,0.1015,0.0241,102.7402,0.0018,1,0.0363,0.0266,0.0481,0.0573,40.0715,0.0000,40.0715,1.2613,0.0000,0.0000,791,5,106,24.94,795.8
888,107.8888,100.0000,1.2288,0.0167,2.8800,0.0649,0.0252,4.8620,0.0014,1,0.0355,0.0305,0.0512,0.0577,39.9640,0.0000,39.9640,1.2479,0.0000,0.0000,791,5,106,24.59,795.8
889,107.8979,9.0871,0.0695,0.0148,2.8076,0.0638,0.0290,35.7838,0.0016,1,0.0390,0.0364,0.0451,0.0613,40.0913,0.0000,40.0913,1.2498,0.0000,0.0000,791,5,106,24.89,795.8
890,107.9367,38.7776,0.4699,0.0464,3.9616,0.0655,0.0262,83.7520,0.0012,1,0.0383,0.0322,0.0451,0.0583,40.4498,0.0000,40.4498,1.2453,0.0000,0.0000,791,5,106,24.75,795.8
891,108.0250,88.3301,2.2404,0.0163,3.1338,0.0623,0.0243,4.9786,0.0019,1,0.0374,0.0298,0.0450,0.0588,40.5560,0.0000,40.5560,1.2449,0.0000,0.0000,791,5,106,24.45,795.8
892,108.0355,10.4801,0.2895,0.0170,4.8533,0.0633,0.0255,34.6093,0.0013,1,0.0365,0.0287,0.0453,0.0586,40.9997,0.0000,40.9997,1.2431,0.0000,0.0000,791,5,106,24.61,795.8
893,108.0753,39.8774,1.1862,0.0155,2.7479,0.0696,0.0236,32.0530,0.0014,1,0.0451,0.0310,0.0452,0.0566,34.4088,0.0000,34.4088,1.4871,0.0000,0.0000,791,5,106,24.60,795.8
894,108.1115,36.1131,0.5258,0.0151,2.6845,0.0632,0.0288,32.1288,0.0014,1,0.0367,0.0297,0.0451,0.0583,33.4608,0.0000,33.4608,1.6399,0.0000,0.0000,791,5,106,24.90,795.8
895,108.1469,35.4622,0.2486,0.0148,2.9596,0.0664,0.0256,72.0409,0.0018,1,0.0398,0.0298,0.0457,0.0583,33.9517,0.0000,33.9517,1.4582,0.0000,0.0000,791,3,54,24.77,795.8
896,108.2223,75.3752,0.5138,0.0170,3.6567,0.3647,0.2541,25.6741,0.0017,1,0.0382,0.0321,0.0455,0.0604,34.5794,0.0000,34.5794,1.4489,0.0000,0.0000,791,4,134,24.59,795.8
897,108.2528,30.5009,0.4934,0.0173,3.3439,0.0638,0.0254,13.0646,0.0013,1,0.0377,0.0405,0.0451,0.0576,38.1765,0.0000,38.1765,1.4809,0.0000,0.0000,791,5,174,24.84,795.8
898,108.2698,17.0281,0.2898,0.0174,5.8119,0.0744,0.0261,29.1254,0.0014,1,0.0391,0.0700,0.0451,0.0576,32.9638,0.0000,32.9638,1.5807,0.0000,0.0000,791,12,1014,24.80,795.8
899,108.3052,35.3639,0.9810,0.0172,3.2375,0.0716,0.0281,28.7440,0.0013,1,0.0358,0.0981,0.0479,0.0572,31.6572,0.0000,31.6572,1.2928,0.0000,0.0000,791,19,1854,24.81,795.8
900,108.3383,33.0960,0.2674,0.0164,4.3420,0.0696,0.0282,29.9812,0.0013,1,0.0349,0.0987,0.0451,0.0594,31.1067,0.0000,31.1067,1.2901,0.0000,0.0000,791,19,1854,25.08,795.8
901,108.3730,34.7253,0.3354,0.0160,3.1200,0.0695,0.0258,48.9077,0.0016,1,0.0371,0.0944,0.0451,0.0655,28.0564,0.0000,28.0564,1.2344,0.0000,0.0000,791,19,1854,24.95,795.8
902,108.4255,52.4929,0.5545,0.0180,4.7771,0.0731,0.0279,5.8162,0.0016,1,0.0367,0.1085,0.0504,0.0604,26.3371,0.0000,26.3371,1.2048,0.0000,0.0000,791,19,1854,24.86,795.8
903,108.4368,11.2855,0.3086,0.0173,4.7492,0.0761,0.0292,17.3450,0.0017,1,0.0351,0.0934,0.0437,0.0594,22.1196,0.0000,22.1196,1.1732,0.0000,0.0000,791,19,1854,25.01,795.8
904,108.4593,22.5449,1.9429,0.0187,3.6961,0.0767,0.0289,17.4073,0.0014,1,0.0345,0.1076,0.0440,0.0596,21.0719,0.0000,21.0719,1.3227,0.0000,0.0000,791,20,1934,25.10,795.8
905,108.4826,23.2116,0.2504,0.0184,3.4514,0.0733,0.0278,22.0227,0.0016,1,0.0366,0.1025,0.0456,0.0604,21.0539,0.0000,21.0539,1.1700,0.0000,0.0000,791,20,1934,25.38,795.8
906,108.5084,25.8678,0.2627,0.0174,3.5454,0.0716,0.0256,19.7194,0.0012,1,0.0368,0.1092,0.0460,0.0591,21.7031,0.0000,21.7031,1.1755,0.0000,0.0000,791,20,1934,25.29,795.8
907,108.5321,23.6593,0.5466,0.0161,2.9744,0.0712,0.0415,19.8568,0.0013,1,0.0369,0.1044,0.0480,0.0588,21.5953,0.0000,21.5953,1.1790,0.0000,0.0000,791,20,1934,25.35,795.8
908,108.5556,23.5227,0.3569,0.0163,4.9278,0.0865,0.0264,20.0679,0.0014,1,0.0364,0.1107,0.0455,0.0594,21.7044,0.0000,21.7044,1.1984,0.0000,0.0000,791,20,1962,25.67,795.8
909,108.5811,25.4996,6.8238,0.0188,4.3577,0.1291,0.0286,14.6844,0.0018,1,0.0362,0.1026,0.0441,0.0610,22.6829,0.0000,22.6829,1.1823,0.0000,0.0000,791,20,1962,26.08,795.8
910,108.6072,26.0596,0.9389,0.0172,3.2963,0.0835,0.0268,44.8255,0.0013,1,0.0362,0.1143,0.0446,0.0585,22.1280,0.0000,22.1280,1.3262,0.0000,0.0000,791,20,1962,26.01,795.8
911,108.6564,49.2066,0.2328,0.0168,3.7681,0.0701,0.0265,34.9062,0.0014,1,0.0361,0.1064,0.0467,0.0606,22.5088,0.0000,22.5088,1.1771,0.0000,0.0000,791,20,1962,25.96,795.8
912,108.6954,39.0448,0.0676,0.0159,3.0232,0.0682,0.0269,5.9800,0.0016,1,0.0385,0.1080,0.0451,0.0597,22.9213,0.0000,22.9213,1.1816,0.0000,0.0000,791,20,1962,25.80,795.8
913,108.7046,9.2016,0.0784,0.0172,5.0730,0.0713,0.0352,44.3139,0.0015,1,0.0383,0.1033,0.0448,0.0592,22.9907,0.0000,22.9907,1.1861,0.0000,0.0000,791,20,1962,25.97,795.8
914,108.7542,49.6092,0.0797,0.0188,5.4127,0.0827,0.0300,5.2325,0.0016,1,0.0354,0.1076,0.0440,0.0574,24.7502,0.0000,24.7502,1.1900,0.0000,0.0000,791,19,1922,25.83,795.8
915,108.7651,10.8762,0.5559,0.0173,3.5491,0.0738,0.0283,17.6991,0.0018,1,0.0367,0.1171,0.0465,0.0714,24.8728,0.0000,24.8728,1.1941,0.0000,0.0000,791,19,1922,26.16,795.8
916,108.7870,21.9525,0.6072,0.0173,5.1866,0.0831,0.0291,54.1178,0.0015,1,0.0345,0.0938,0.0438,0.0583,25.0021,0.0000,25.0021,1.2061,0.0000,0.0000,791,19,1922,26.12,795.8
917,108.8471,60.0638,0.4685,0.0168,2.8374,0.0676,0.0261,5.0220,0.0015,1,0.0360,0.0991,0.0473,0.0614,26.4011,0.0000,26.4011,1.2193,0.0000,0.0000,791,19,1922,25.93,795.8
918,108.8556,8.5093,1.4278,0.0175,7.4235,0.0743,0.0269,20.6238,0.0015,1,0.0359,0.1110,0.0439,0.0592,26.8377,0.0000,26.8377,1.3819,0.0000,0.0000,791,19,1922,26.28,795.8
919,108.8852,29.6118,0.2804,0.0160,4.4546,0.0719,0.0312,63.1873,0.0012,1,0.0363,0.1082,0.0451,0.0591,32.9626,0.0000,32.9626,1.4604,0.0000,0.0000,791,19,1922,26.16,795.8
920,110.3396,100.0000,4.6530,0.0168,5.0869,0.0670,0.0252,5.5721,0.0022,1,0.0367,0.1144,0.0471,0.0596,33.9546,0.0000,33.9546,1.2893,0.0000,0.0000,791,19,1922,25.77,795.8
921,110.3551,15.4436,0.7419,0.0157,2.5452,0.0656,0.0243,43.9302,0.0014,1,0.0396,0.1234,0.0453,0.0598,36.4877,0.0000,36.4877,1.3594,0.0000,0.0000,791,19,1922,26.07,795.8
922,110.4024,47.3390,0.4588,0.0157,2.7975,0.0685,0.0251,5.1260,0.0015,1,0.0359,0.1047,0.0451,0.0597,39.4036,0.0000,39.4036,1.4581,0.0000,0.0000,791,19,1922,25.86,795.8
923,110.4109,8.5154,0.0677,0.0161,3.4309,0.3915,0.0294,37.2793,0.0015,1,0.0358,0.1028,0.0447,0.0592,39.8509,0.0000,39.8509,1.4421,0.0000,0.0000,791,19,1922,25.99,795.8
924,110.4521,41.2317,0.6279,0.0176,3.3623,0.0691,0.0263,79.8415,0.0013,1,0.0373,0.1136,0.0464,0.0611,38.9067,0.0000,38.9067,1.4428,0.0000,0.0000,791,19,1922,25.96,795.8
925,110.5361,83.9629,2.4207,0.0394,8.6002,0.0660,0.0246,6.0184,0.0011,1,0.0361,0.1077,0.0449,0.0592,39.2691,0.0000,39.2691,1.4412,0.0000,0.0000,791,19,1922,25.68,795.8
926,110.5533,17.1854,0.0539,0.0151,3.8207,0.0900,0.0292,25.2038,0.0020,1,0.0359,0.1157,0.0465,0.0573,37.9696,0.0000,37.9696,1.4319,0.0000,0.0000,791,19,1922,25.78,795.8
927,110.5825,29.2320,0.0644,0.0171,3.3267,0.0708,0.0301,37.9270,0.0017,1,0.0394,0.1125,0.0471,0.0573,37.4631,0.0000,37.4631,1.5841,0.0000,0.0000,791,19,1922,25.95,795.8
928,110.6240,41.4639,0.0691,0.0236,3.3511,0.0813,0.0279,36.3092,0.0014,1,0.0371,0.1114,0.0452,0.0614,37.4352,0.0000,37.4352,1.4173,0.0000,0.0000,791,19,1922,25.84,795.8
929,110.6639,39.8808,0.7737,0.0174,3.1104,0.0662,0.0273,36.5815,0.0013,1,0.0397,0.1087,0.0492,0.0594,37.1549,0.0000,37.1549,1.4371,0.0000,0.0000,791,19,1922,25.81,795.8
930,110.7045,40.5940,0.0636,0.0144,3.1668,0.0634,0.0257,36.1342,0.0013,1,0.0378,0.1413,0.0452,0.0573,37.6401,0.0000,37.6401,1.4209,0.0000,0.0000,791,19,1922,25.78,795.8
931,110.7440,39.4859,0.0629,0.0150,4.0524,0.0778,0.0300,39.1256,0.0013,1,0.0380,0.1078,0.0450,0.0573,36.8993,0.0000,36.8993,1.4281,0.0000,0.0000,791,19,1922,25.92,795.8
932,110.7873,43.3800,0.5930,0.0155,3.5722,0.0643,0.0240,33.3787,0.0012,1,0.0369,0.1170,0.0461,0.0594,37.0688,0.0000,37.0688,1.4307,0.0000,0.0000,791,19,1922,26.01,795.8
933,110.8250,37.6629,0.0557,0.0149,3.1597,0.0648,0.0298,37.6593,0.0013,1,0.0373,0.1101,0.0449,0.0573,36.4219,0.0000,36.4219,1.4292,0.0000,0.0000,791,19,1922,25.85,795.8
934,110.8660,41.0022,0.0735,0.0159,3.4090,0.0664,0.0262,35.8845,0.0014,1,0.0410,0.1121,0.0449,0.0573,37.1565,0.0000,37.1565,1.4360,0.0000,0.0000,791,19,1922,25.83,795.8
935,110.9055,39.4932,0.0669,0.0164,2.9161,0.0658,0.0265,52.3781,0.0014,1,0.0361,0.1100,0.0450,0.0594,37.1799,0.0000,37.1799,1.4272,0.0000,0.0000,791,19,1922,25.80,795.8
936,110.9610,55.4872,0.0682,0.0173,7.5803,0.0649,0.0248,16.5123,0.0015,1,0.0362,0.1028,0.0445,0.0597,36.8041,0.0000,36.8041,1.4280,0.0000,0.0000,791,19,1922,25.80,795.8
937,110.9853,24.2895,0.0748,0.0170,3.1534,0.0698,0.0253,75.2382,0.0011,1,0.0372,0.0980,0.0451,0.0586,36.6685,0.0000,36.6685,1.7339,0.0000,0.0000,791,19,1922,25.74,795.8
938,111.0639,78.5948,0.5155,0.0210,5.1985,0.0671,0.0248,5.4230,0.0013,1,0.0372,0.1060,0.0448,0.0594,36.9217,0.0000,36.9217,1.4251,0.0000,0.0000,791,19,1922,25.51,795.8
939,111.0751,11.2653,0.0629,0.0139,3.0563,0.0658,0.0245,29.7328,0.0012,1,0.0382,0.1130,0.0435,0.0612,37.3296,0.0000,37.3296,1.5802,0.0000,0.0000,791,19,1922,26.00,795.8
940,111.1081,32.9717,0.0625,0.0141,2.7150,0.0640,0.0242,76.6057,0.0014,1,0.0359,0.1069,0.0475,0.0584,34.1438,0.0000,34.1438,1.4023,0.0000,0.0000,791,19,1922,25.92,795.8
941,111.1876,79.5026,0.2150,0.0140,2.9081,0.0675,0.0255,5.6094,0.0012,1,0.0372,0.1068,0.0448,0.0566,35.0180,0.0000,35.0180,1.4146,0.0000,0.0000,791,19,1922,25.61,795.8
942,111.1965,8.8576,0.2494,0.0153,11.0767,0.1286,0.0497,21.3777,0.0017,1,0.0381,0.1082,0.0451,0.0597,34.0581,0.0000,34.0581,1.6385,0.0000,0.0000,791,19,1922,25.79,795.8
943,111.2294,32.9144,0.0659,0.0153,3.7306,0.0679,0.0255,66.9429,0.0012,1,0.0371,0.1129,0.0444,0.0592,31.5554,0.0000,31.5554,1.5422,0.0000,0.0000,791,19,1922,25.94,795.8
944,111.3002,70.8650,0.0626,0.0147,3.5802,0.0734,0.0264,5.4303,0.0014,1,0.0374,0.1309,0.0452,0.0587,31.6684,0.0000,31.6684,1.3849,0.0000,0.0000,791,19,1922,25.64,795.8
945,111.3095,9.2211,0.0641,0.0152,2.8348,0.0696,0.0245,27.0780,0.0016,1,0.0367,0.1149,0.0451,0.0643,30.8117,0.0000,30.8117,1.3983,0.0000,0.0000,791,19,1922,25.78,795.8
946,111.3396,30.1118,0.2124,0.0161,2.7915,0.0788,0.0283,32.2890,0.0012,1,0.0360,0.1049,0.0446,0.0588,30.2808,0.0000,30.2808,1.3835,0.0000,0.0000,791,19,1922,25.81,795.8
947,111.3750,35.4323,0.0694,0.0139,3.3906,0.0640,0.0254,43.5887,0.0019,1,0.0342,0.1075,0.0437,0.0578,29.5757,0.0000,29.5757,1.3611,0.0000,0.0000,791,19,1922,25.79,795.8
948,111.4222,47.1744,0.0599,0.0136,2.7253,0.0643,0.0245,43.8318,0.0012,1,0.0357,0.1118,0.0435,0.0572,29.6393,0.0000,29.6393,1.5876,0.0000,0.0000,791,19,1922,25.91,795.8
949,111.4689,46.7390,0.6046,0.0153,2.9193,0.0618,0.0224,4.7898,0.0011,1,0.0354,0.1085,0.0492,0.0574,29.0284,0.0000,29.0284,1.3612,0.0000,0.0000,791,19,1922,25.70,795.8
950,111.4773,8.4291,0.2334,0.0149,3.3635,0.0991,0.0236,25.6356,0.0017,1,0.0362,0.1195,0.0447,0.0572,28.5087,0.0000,28.5087,1.3690,0.0000,0.0000,791,19,1922,25.83,795.8
951,111.5067,29.3863,0.2436,0.0149,2.9732,0.0691,0.0244,59.4857,0.0013,1,0.0346,0.1065,0.0439,0.0560,28.2008,0.0000,28.2008,1.6157,0.0000,0.0000,791,19,1922,25.86,795.8
952,111.5696,62.8286,0.9510,0.0173,2.9794,0.0668,0.0242,4.8012,0.0015,1,0.0373,0.1321,0.0446,0.0681,28.2628,0.0000,28.2628,1.3517,0.0000,0.0000,791,19,1922,25.71,795.8
953,111.5784,8.8566,0.2060,0.0153,4.0166,0.0598,0.0236,23.8333,0.0013,1,0.0400,0.1171,0.0437,0.0573,26.8700,0.0000,26.8700,1.3347,0.0000,0.0000,791,20,1962,25.87,795.8
954,111.6066,28.1703,0.4292,0.0132,2.7120,0.0633,0.0236,51.6944,0.0019,1,0.0369,0.1237,0.0450,0.0607,26.2834,0.0000,26.2834,1.3278,0.0000,0.0000,791,20,1962,25.95,795.8
955,111.6615,54.9544,1.1427,0.0221,2.6191,0.0765,0.0233,6.8575,0.0013,1,0.0387,0.1270,0.0451,0.0614,26.3986,0.0000,26.3986,1.3163,0.0000,0.0000,791,20,1962,25.91,795.8
956,111.6723,10.7591,0.1568,0.0136,2.5717,0.0607,0.0237,19.1433,0.0015,1,0.0368,0.1254,0.0444,0.0597,26.2079,0.0000,26.2079,1.3172,0.0000,0.0000,791,20,1962,25.97,795.8
957,111.6943,21.9876,0.0628,0.0146,2.7516,0.0613,0.0231,57.6757,0.0014,1,0.0376,0.1118,0.0477,0.0622,25.8259,0.0000,25.8259,1.3121,0.0000,0.0000,791,20,1962,26.06,795.8
958,111.7549,60.6059,0.2520,0.0149,3.7947,0.0892,0.0237,5.0939,0.0009,1,0.0376,0.1090,0.0448,0.0633,25.9972,0.0000,25.9972,1.3145,0.0000,0.0000,791,20,1962,25.93,795.8
959,111.7642,9.2847,0.4220,0.0151,3.8652,0.0714,0.0241,20.9702,0.0017,1,0.0372,0.1058,0.0449,0.0618,25.7647,0.0000,25.7647,1.3141,0.0000,0.0000,791,20,1962,26.09,795.8
960,111.7896,25.3853,0.2591,0.0157,3.2020,0.0765,0.0241,24.6702,0.0013,1,0.0351,0.1063,0.0432,0.0597,25.5769,0.0000,25.5769,1.2962,0.0000,0.0000,791,20,1962,26.15,795.8
961,111.8178,28.2645,0.5543,0.0160,4.1953,0.0607,0.0281,23.8021,0.0013,1,0.0361,0.1119,0.0487,0.0591,25.5937,0.0000,25.5937,1.2758,0.0000,0.0000,791,21,2042,26.20,795.8
962,111.8465,28.6726,0.4552,0.0148,3.2760,0.1841,0.0699,53.8854,0.0013,1,0.0360,0.1158,0.0451,0.0620,25.0426,0.0000,25.0426,1.2814,0.0000,0.0000,791,21,2042,26.26,795.8
963,111.9044,57.9040,0.3414,0.0384,2.8246,0.0607,0.0232,4.0682,0.0015,1,0.0375,0.1131,0.0446,0.0594,24.7845,0.0000,24.7845,1.4782,0.0000,0.0000,791,21,2042,26.15,795.8
964,111.9118,7.3723,0.4589,0.0195,2.5291,0.0599,0.0241,22.4706,0.0012,1,0.0368,0.1152,0.0440,0.0587,24.8169,0.0000,24.8169,1.2344,0.0000,0.0000,791,21,2042,26.31,795.8
965,111.9374,25.5786,0.2662,0.0149,2.7346,0.0625,0.0246,35.1925,0.0011,1,0.0374,0.1157,0.0434,0.0635,25.0629,0.0000,25.0629,1.2394,0.0000,0.0000,791,21,2042,26.60,795.8
966,111.9757,38.3118,3.7713,0.0149,3.1553,0.0659,0.0286,9.3064,0.0012,1,0.0729,0.3285,0.0451,0.0687,25.3670,0.0000,25.3670,1.4053,0.0000,0.0000,791,21,2042,26.43,795.8
967,111.9920,16.3581,0.4165,0.0149,2.4205,0.0749,0.0232,25.0591,0.0011,1,0.0375,0.0985,0.0451,0.0594,24.9714,0.0000,24.9714,1.2545,0.0000,0.0000,791,21,2042,26.53,795.8
968,112.0201,28.0247,0.2785,0.0168,2.9971,0.0637,0.0273,25.1680,0.0017,1,0.0374,0.1168,0.0435,0.0594,26.1615,0.0000,26.1615,1.3001,0.0000,0.0000,791,21,2042,26.59,795.8
969,112.0486,28.5684,0.2245,0.0148,3.6421,0.0789,0.0292,25.7286,0.0014,1,0.0363,0.1208,0.0447,0.0634,26.2970,0.0000,26.2970,1.3061,0.0000,0.0000,791,21,2042,26.64,795.8
970,112.0784,29.7360,18.9872,0.0161,3.0486,0.0684,0.0269,7.8953,0.0014,1,0.0369,0.1037,0.0430,0.0604,26.1640,0.0000,26.1640,1.2995,0.0000,0.0000,791,21,2042,26.87,795.8
971,112.1084,30.0611,0.0702,0.0158,3.9169,0.0697,0.0353,27.8619,0.0015,1,0.0350,0.1143,0.0471,0.0622,26.5828,0.0000,26.5828,1.3065,0.0000,0.0000,791,21,2042,26.74,795.8
972,112.1404,31.9874,1.2669,0.0185,2.9304,0.0657,0.0256,18.9065,0.0018,1,0.0349,0.1086,0.0486,0.0629,25.5355,0.0000,25.5355,1.3063,0.0000,0.0000,791,21,2042,26.75,795.8
973,112.1636,23.2335,0.0532,0.0140,2.6734,0.0637,0.0250,89.7001,0.0015,1,0.0346,0.1113,0.0451,0.0652,26.2398,0.0000,26.2398,1.4572,0.0000,0.0000,791,21,2042,26.83,795.8
974,112.2562,92.5470,0.0665,0.0166,3.7730,0.0939,0.0273,5.3636,0.0018,1,0.0356,0.1161,0.0478,0.0648,25.7998,0.0000,25.7998,1.3037,0.0000,0.0000,791,21,2042,26.52,795.8
975,112.2655,9.3579,0.0641,0.0154,4.0237,0.0692,0.0268,21.4727,0.0013,1,0.0357,0.1101,0.0433,0.0639,25.4642,0.0000,25.4642,1.3012,0.0000,0.0000,791,21,2042,26.67,795.8
976,112.2912,25.6899,0.8174,0.0167,3.3314,0.0708,0.0273,51.9893,0.0015,1,0.0349,0.1028,0.0468,0.0594,26.7987,0.0000,26.7987,1.3020,0.0000,0.0000,791,21,2042,26.97,795.8
977,112.3475,56.2776,0.5730,0.0165,3.6612,0.0749,0.0282,6.5718,0.0014,1,0.0355,0.1356,0.0471,0.0635,25.8148,0.0000,25.8148,1.3059,0.0000,0.0000,791,21,2042,26.69,795.8
978,112.3585,10.9425,0.0656,0.0153,3.8277,0.0665,0.0260,19.8940,0.0013,1,0.0372,0.1163,0.0431,0.0614,26.4327,0.0000,26.4327,1.3046,0.0000,0.0000,791,21,2042,26.82,795.8
979,112.3824,23.9129,0.0671,0.0155,4.0709,0.0688,0.0276,54.8226,0.0010,1,0.0361,0.1015,0.0473,0.0594,25.5100,0.0000,25.5100,1.4580,0.0000,0.0000,791,21,2042,27.13,795.8
980,112.4415,59.0888,0.4390,0.0152,2.9539,0.0903,0.0264,5.0130,0.0014,1,0.0351,0.1067,0.0450,0.0575,26.0247,0.0000,26.0247,1.3078,0.0000,0.0000,791,21,2042,26.84,795.8
981,112.4500,8.5554,0.4666,0.0151,4.3690,0.0795,0.0300,22.3954,0.0017,1,0.0363,0.1117,0.0446,0.0606,25.8696,0.0000,25.8696,1.3012,0.0000,0.0000,791,21,2042,27.27,795.8
982,112.4774,27.3732,0.4682,0.0152,2.8811,0.0625,0.0250,56.5396,0.0013,1,0.0356,0.1430,0.0442,0.0592,27.2651,0.0000,27.2651,1.3047,0.0000,0.0000,791,21,2042,27.16,795.8
983,112.5374,60.0085,0.5548,0.0157,3.5480,0.0699,0.0254,5.3034,0.0014,1,0.0367,0.1147,0.0451,0.0581,27.1869,0.0000,27.1869,1.3162,0.0000,0.0000,791,21,2042,27.05,795.8
984,112.5470,9.5969,0.0615,0.0142,3.3142,0.0636,0.0248,55.6149,0.0014,1,0.0388,0.1080,0.0431,0.0614,27.4086,0.0000,27.4086,1.3187,0.0000,0.0000,791,21,2042,27.26,795.8
985,112.6061,59.1105,0.3484,0.0143,4.5624,0.0669,0.0237,4.8860,0.0013,1,0.0362,0.1164,0.0476,0.0620,28.6232,0.0000,28.6232,1.3206,0.0000,0.0000,791,16,2042,27.15,795.8
986,112.6160,9.9179,0.5571,0.0150,4.3545,0.2739,0.0248,17.7230,0.0011,1,0.0372,0.0863,0.0447,0.0581,29.0073,0.0000,29.0073,1.3195,0.0000,0.0000,791,16,1458,27.37,795.8
987,112.6390,22.9643,0.2235,0.0153,3.4521,0.0683,0.0242,29.6953,0.0014,1,0.0351,0.0892,0.0471,0.0570,28.5417,0.0000,28.5417,1.3106,0.0000,0.0000,791,16,1458,27.48,795.8
988,112.6725,33.4944,0.2296,0.0156,2.7407,0.0757,0.0241,26.9683,0.0011,1,0.0369,0.0955,0.0498,0.0560,27.9739,0.0000,27.9739,1.3269,0.0000,0.0000,791,16,1458,27.56,795.8
989,112.7025,30.0696,0.6343,0.0156,4.7850,0.0616,0.0234,55.8346,0.0012,1,0.0354,0.0971,0.0472,0.0589,28.3002,0.0000,28.3002,1.4703,0.0000,0.0000,791,16,1458,27.66,795.8
990,112.7639,61.3749,0.1958,0.0142,2.5258,0.0584,0.0235,6.6661,0.0012,1,0.0371,0.0998,0.0446,0.0576,28.2709,0.0000,28.2709,1.3227,0.0000,0.0000,791,17,1586,27.53,795.8
991,112.7734,9.5008,0.2507,0.0143,3.1901,0.0597,0.0241,22.5209,0.0017,1,0.0355,0.1093,0.0438,0.0569,28.0012,0.0000,28.0012,1.3286,0.0000,0.0000,791,21,2042,27.74,795.8
992,112.7995,26.0756,0.4509,0.0153,2.6447,0.0638,0.0231,60.3184,0.0012,1,0.0381,0.1292,0.0444,0.0575,29.5629,0.0000,29.5629,1.3192,0.0000,0.0000,791,21,2042,28.02,795.8
993,112.8630,63.5316,1.0802,0.0175,2.3568,0.0548,0.0209,4.9039,0.0014,1,0.0389,0.1167,0.0439,0.0593,29.6709,0.0000,29.6709,1.3260,0.0000,0.0000,791,21,2042,27.74,795.8
994,112.8715,8.4510,0.1773,0.0142,3.0996,0.0554,0.0281,24.3078,0.0010,1,0.0374,0.1211,0.0446,0.0573,29.4901,0.0000,29.4901,1.3189,0.0000,0.0000,791,21,2042,28.23,795.8
995,112.8992,27.6977,1.3107,0.0140,2.5339,0.0594,0.0237,60.8290,0.0025,1,0.0364,0.1230,0.0449,0.0573,29.3241,0.0000,29.3241,1.2871,0.0000,0.0000,791,15,2122,28.11,795.8
996,112.9640,64.7984,0.8836,0.0153,2.3063,0.0553,0.0212,5.4388,0.0013,1,0.0403,0.0874,0.0450,0.0580,29.7126,0.0000,29.7126,1.2916,0.0000,0.0000,791,17,1538,27.94,795.9
997,112.9727,8.7378,0.2117,0.0151,3.6221,0.0578,0.0239,24.0923,0.0015,1,0.0361,0.1804,0.0450,0.0591,29.2505,0.0000,29.2505,1.2705,0.0000,0.0000,791,31,3274,28.17,795.9
998,113.0008,28.0385,0.5260,0.0133,2.4925,0.0604,0.0237,60.8024,0.0021,1,0.0397,0.2482,0.0446,0.0703,29.0926,0.0000,29.0926,1.4776,0.0000,0.0000,791,36,3802,28.25,795.9
999,113.0647,63.9408,29.2322,0.0149,3.6297,0.0567,0.0219,4.3264,0.0016,1,0.0375,0.2468,0.0439,0.0679,28.8330,0.0000,28.8330,1.2340,0.0000,0.0000,791,36,3802,28.14,795.9
1000,113.1020,37.3052,0.2168,0.0141,3.3755,0.0614,0.0241,33.3909,0.0012,1,0.0371,0.1924,0.0448,0.0679,28.9405,0.0000,28.9405,1.2296,0.0000,0.0000,791,36,3802,28.16,795.9
1001,113.1391,37.0990,1.4203,0.0154,2.7581,0.0693,0.0252,4.8018,0.0012,1,0.0387,0.2379,0.0449,0.0756,28.6523,0.0000,28.6523,1.2038,0.0000,0.0000,791,36,3802,28.48,795.9
1002,113.1482,9.1059,0.1983,0.0144,2.7643,0.0684,0.0256,25.7679,0.0012,1,0.0378,0.2136,0.0439,0.0738,28.7929,0.0000,28.7929,1.4340,0.0000,0.0000,791,36,3802,28.48,795.9
1003,113.1771,28.8568,0.9482,0.0149,2.6073,0.0609,0.0224,28.5714,0.0011,1,0.0397,0.2519,0.0436,0.0692,29.1074,0.0000,29.1074,1.2051,0.0000,0.0000,791,36,3802,28.71,795.9
1004,113.2093,32.2406,0.5369,0.0165,3.0131,0.0610,0.0232,26.3084,0.0013,1,0.0372,0.2001,0.0442,0.0683,29.2538,0.0000,29.2538,1.2041,0.0000,0.0000,791,36,3802,28.64,795.9
1005,113.2393,29.9767,0.2504,0.0169,3.2275,0.0600,0.0244,27.8131,0.0012,1,0.0368,0.2230,0.0444,0.0739,29.2534,0.0000,29.2534,1.2018,0.0000,0.0000,791,33,3762,28.69,795.9
1006,113.2707,31.4081,0.4277,0.0138,3.1195,0.0635,0.0247,28.2350,0.0014,1,0.0369,0.2063,0.0444,0.0697,28.9935,0.0000,28.9935,1.1819,0.0000,0.0000,791,35,3762,28.80,795.9
1007,113.3026,31.9004,2.7284,0.0147,4.7885,0.0654,0.0235,24.6052,0.0016,1,0.0389,0.2273,0.0449,0.0709,28.7798,0.0000,28.7798,1.1700,0.0000,0.0000,791,35,3890,28.85,795.9
1008,113.3348,32.2511,0.9533,0.0159,5.0000,0.0719,0.0255,26.5313,0.0014,1,0.0345,0.5065,0.0438,0.0908,28.9832,0.0000,28.9832,1.1551,0.0000,0.0000,791,97,11362,29.33,795.9
1009,113.3675,32.6149,0.5411,0.0173,3.6103,0.0792,0.0281,60.9067,0.0020,1,0.0371,0.8692,0.0451,0.1208,28.4185,0.0000,28.4185,1.3144,0.0000,0.0000,791,164,18994,29.16,795.9
1010,113.4327,65.2072,0.5708,0.0206,3.0660,0.0720,0.0280,7.1764,0.0015,1,0.0378,0.9612,0.0442,0.1063,29.3816,0.0000,29.3816,1.3311,0.0000,0.0000,791,204,23770,28.97,795.9
1011,113.4436,10.9526,0.4174,0.0207,3.2734,0.0664,0.0259,24.0117,0.0012,1,0.0373,1.3354,0.0451,0.1153,29.0984,0.0000,29.0984,1.1796,0.0000,0.0000,791,261,31282,29.53,795.9
1012,113.4715,27.8342,0.3508,0.0164,4.8828,0.0682,0.0271,68.9489,0.0018,1,0.0399,1.6548,0.0451,0.1263,30.9404,0.0000,30.9404,1.1855,0.0000,0.0000,791,323,38802,29.40,795.9
1013,113.5458,74.3181,0.3855,0.0227,2.9059,0.0658,0.0237,31.4063,0.0018,1,0.0410,1.6935,0.0451,0.1290,30.5635,0.0000,30.5635,1.3382,0.0000,0.0000,791,339,40514,29.15,795.9
1014,113.5807,34.9807,0.8033,0.0218,2.8088,0.0653,0.0257,5.2969,0.0011,1,0.0462,1.9644,0.0450,0.1384,30.3317,0.0000,30.3317,1.4234,0.0000,0.0000,791,344,42730,29.16,795.9
1015,113.5898,9.0395,0.0568,0.0138,4.2229,0.0643,0.0254,64.2165,0.0019,1,0.0395,1.7956,0.0440,0.1338,32.1736,0.0000,32.1736,1.2090,0.0000,0.0000,791,353,42274,29.35,795.9
1016,113.6584,68.6238,1.3056,0.0240,4.8587,0.0878,0.0363,6.4545,0.0014,1,0.0402,1.6376,0.0451,0.1199,30.2811,0.0000,30.2811,1.4369,0.0000,0.0000,791,353,41986,29.40,795.9
1017,113.6712,12.7864,0.6709,0.0197,4.9531,0.0882,0.0886,45.1826,0.0014,1,0.0455,1.7301,0.0451,0.1411,30.7487,0.0000,30.7487,1.1983,0.0000,0.0000,791,353,41986,29.53,795.9
1018,113.7222,51.0218,0.2254,0.0185,7.2920,0.0825,0.0282,43.7683,0.0021,1,0.0399,1.8936,0.0440,0.1449,32.1853,0.0000,32.1853,1.2181,0.0000,0.0000,791,355,42594,29.28,795.9
1019,113.7737,51.4418,1.0733,0.0224,3.9464,0.0745,0.0316,5.1820,0.0014,1,0.0400,1.6590,0.0451,0.1246,32.7117,0.0000,32.7117,1.2285,0.0000,0.0000,791,360,42562,29.17,795.9
1020,113.7840,10.3474,0.6215,0.0182,3.0696,0.0710,0.0282,30.4093,0.0012,1,0.0405,1.9339,0.0441,0.2660,34.5399,0.0000,34.5399,1.2492,0.0000,0.0000,791,360,42562,29.33,795.9
1021,113.8182,34.2355,0.4431,0.0153,2.9155,0.0636,0.0261,35.4461,0.0018,1,0.0411,1.7200,0.0451,0.1245,32.7786,0.0000,32.7786,1.2567,0.0000,0.0000,791,365,43076,29.33,795.9
1022,113.8572,38.9275,0.2470,0.0153,3.4726,0.0730,0.0290,33.5775,0.0013,1,0.0441,2.4645,0.0452,0.1265,33.5287,0.0000,33.5287,1.2626,0.0000,0.0000,791,365,43076,29.43,795.9
1023,113.8946,37.4460,0.2652,0.0181,2.9686,0.0617,0.0254,36.8417,0.0011,1,0.0402,1.7430,0.0472,0.1408,31.7430,0.0000,31.7430,1.4249,0.0000,0.0000,791,366,43332,29.24,795.9
1024,113.9348,40.1975,0.4960,0.0169,3.4869,0.0695,0.0310,28.1795,0.0013,1,0.0435,2.1629,0.0450,0.1290,30.7370,0.0000,30.7370,1.5162,0.0000,0.0000,791,375,44356,29.12,795.9
1025,113.9671,32.2994,0.8761,0.0167,3.0656,0.0795,0.0319,31.2703,0.0014,1,0.0400,1.8794,0.0454,0.1227,29.8997,0.0000,29.8997,1.4970,0.0000,0.0000,791,377,44612,29.05,795.9
1026,114.0025,35.3573,0.4650,0.0160,3.3623,0.1001,0.0328,18.2687,0.0012,1,0.0402,2.1091,0.0438,0.1198,17.1646,0.0000,17.1646,0.8308,0.0000,0.0000,791,369,44740,28.99,795.9
1027,114.0247,22.2665,0.2820,0.0200,3.0879,0.0673,0.0272,19.2837,0.0017,1,0.0420,1.9109,0.0442,0.0609,7.0502,0.0000,7.0502,0.4603,0.0000,0.0000,791,375,45628,29.00,795.9
1028,114.0475,22.7927,0.2621,0.0196,2.8383,0.0698,0.0263,30.7303,0.0024,1,0.0435,1.9801,0.0451,0.0597,6.5496,0.0000,6.5496,0.4646,0.0000,0.0000,791,376,45370,29.00,795.9
1029,114.0815,33.9703,0.4623,0.0194,2.6392,0.0666,0.0270,4.7310,0.0021,1,0.0410,2.0124,0.0443,0.0605,6.8102,0.0000,6.8102,0.4646,0.0000,0.0000,791,376,45178,28.94,795.9
1030,114.0895,7.9664,0.0666,0.0163,3.0780,0.0901,0.1284,6.0829,0.0012,1,0.0408,1.9879,0.0437,0.0587,6.7257,0.0000,6.7257,0.4576,0.0000,0.0000,791,375,45178,29.07,795.9
1031,114.0989,9.4773,0.3453,0.0145,2.5816,0.0569,0.0237,5.2403,0.0018,1,0.0424,1.9302,0.0433,0.0596,7.1628,0.0000,7.1628,0.4577,0.0000,0.0000,791,370,44626,29.35,795.9
1032,114.1072,8.2794,1.9615,0.0153,4.9648,0.0807,0.0315,5.1304,0.0013,1,0.0429,1.8540,0.0431,0.0594,7.1571,0.0000,7.1571,0.4762,0.0000,0.0000,791,370,44554,29.58,795.9
1033,114.1194,12.2036,0.0613,0.0136,2.5796,0.0588,0.0251,8.1752,0.0015,1,0.0414,2.0907,0.0434,0.0614,6.8263,0.0000,6.8263,0.4664,0.0000,0.0000,791,370,44554,29.55,795.9
1034,114.1304,10.9308,0.2236,0.0149,2.9647,0.0678,0.0252,23.9275,0.0013,1,0.0404,1.7994,0.0434,0.0607,7.1604,0.0000,7.1604,0.4629,0.0000,0.0000,791,368,44242,29.84,795.9
1035,114.1576,27.2416,1.9926,0.2753,2.7068,0.0674,0.0278,5.2679,0.0016,1,0.0415,2.0378,0.0439,0.0614,7.1310,0.0000,7.1310,0.4650,0.0000,0.0000,791,368,44242,29.72,795.9
1036,114.1680,10.3543,0.2381,0.0147,2.7528,0.0645,0.0268,8.2147,0.0013,1,0.0401,1.8613,0.0442,0.0613,7.1520,0.0000,7.1520,0.4682,0.0000,0.0000,791,368,44242,29.80,795.9
1037,114.1793,11.3288,0.2141,0.0187,2.7768,0.0649,0.0248,25.1510,0.0014,1,0.0427,1.9642,0.0431,0.0628,7.0954,0.0000,7.0954,0.4704,0.0000,0.0000,791,368,44242,30.17,795.9
1038,114.2076,28.2669,0.3336,0.0173,5.0682,0.0653,0.0255,4.8015,0.0011,1,0.2677,1.9768,0.0446,0.0629,7.0177,0.0000,7.0177,0.4644,0.0000,0.0000,791,369,44284,30.02,795.9
1039,114.2179,10.3266,0.4100,0.0145,2.4961,0.0633,0.0269,6.9504,0.0012,1,0.0418,1.9332,0.0441,0.2001,7.0658,0.0000,7.0658,0.4673,0.0000,0.0000,791,369,44284,30.16,795.9
1040,114.2279,9.9800,0.8458,0.0186,3.1230,0.0914,0.0299,25.8889,0.0013,1,0.0417,2.1537,0.0444,0.0601,7.1611,0.0000,7.1611,0.4615,0.0000,0.0000,791,368,44100,30.86,795.9
1041,114.2579,30.0129,2.9745,0.0225,8.2513,0.0957,0.0337,5.1026,0.0016,1,0.0420,2.0051,0.2708,0.0604,6.9421,0.0000,6.9421,0.4706,0.0000,0.0000,791,368,44100,30.75,795.9
1042,114.2744,16.4960,3.5197,0.0155,4.9567,0.0647,0.0328,6.1481,0.0013,1,0.0424,2.2087,0.0433,0.2048,6.9861,0.0000,6.9861,0.4643,0.0000,0.0000,791,365,43716,30.99,795.9
1043,114.2892,14.8206,0.7817,0.0390,6.5816,0.0656,0.0243,6.1929,0.0013,1,0.0425,1.9327,0.0437,0.1985,7.0242,0.0000,7.0242,0.4661,0.0000,0.0000,791,361,43330,30.94,795.9
1044,114.3029,13.7018,0.2303,0.0127,30.7011,0.0565,0.0254,4.7411,0.0027,1,0.0384,1.8420,0.0431,0.0616,7.2535,0.0000,7.2535,0.4585,0.0000,0.0000,791,354,42466,31.16,795.9
1045,114.3387,35.8297,0.2348,0.0200,4.1543,0.0672,0.0243,10.8462,0.0019,1,0.0389,1.9095,0.0451,0.0627,7.1242,0.0000,7.1242,0.4664,0.0000,0.0000,791,351,42082,31.56,795.9
1046,114.3541,15.3694,0.5090,0.0204,3.6918,0.0610,0.0242,5.9556,0.0012,1,0.0409,1.8243,0.0440,0.0613,7.1666,0.0000,7.1666,0.4637,0.0000,0.0000,791,345,41442,31.57,795.9
1047,114.3644,10.2777,0.8523,0.0208,3.5255,0.0608,0.0270,4.7392,0.0013,1,0.0414,1.6909,0.0440,0.0602,7.1082,0.0000,7.1082,0.4674,0.0000,0.0000,791,335,40338,31.73,795.9
1048,114.3736,9.2405,0.0546,0.0129,4.7733,0.0675,0.0264,6.5539,0.0015,1,0.0427,1.8498,0.0435,0.0614,7.0543,0.0000,7.0543,0.4721,0.0000,0.0000,791,334,40466,32.00,795.9
1049,114.3851,11.5070,0.0619,0.0139,2.4070,0.0656,0.0235,19.3987,0.0013,1,0.0418,1.7224,0.0449,0.0614,7.3171,0.0000,7.3171,0.4649,0.0000,0.0000,791,334,40392,32.25,795.9
1050,114.4071,21.9865,0.0577,0.0140,2.6984,0.0723,0.0280,6.2899,0.0012,1,0.0399,1.8212,0.0443,0.0598,7.2265,0.0000,7.2265,0.4637,0.0000,0.0000,791,334,40392,32.41,795.9
1051,114.4163,9.1760,0.0611,0.0143,2.3137,0.0654,0.0228,4.9549,0.0014,1,0.0392,1.7500,0.0431,0.0602,7.1311,0.0000,7.1311,0.4673,0.0000,0.0000,791,334,40392,32.68,795.9
1052,114.4237,7.4476,0.0607,0.0137,3.3740,0.0839,0.0313,31.3723,0.0014,1,0.0411,1.7609,0.0442,0.0606,7.1284,0.0000,7.1284,0.4623,0.0000,0.0000,791,334,40392,33.00,795.9
1053,114.4587,34.9516,0.0546,0.0133,3.2376,0.0531,0.0233,5.0736,0.0013,1,0.0392,1.8626,0.0436,0.0594,7.1591,0.0000,7.1591,0.4615,0.0000,0.0000,791,334,40392,33.02,795.9
1054,114.4671,8.4720,0.0634,0.0144,3.2939,0.0633,0.0245,6.1076,0.0019,1,0.0401,1.7629,0.0430,0.0596,7.2098,0.0000,7.2098,0.4679,0.0000,0.0000,791,334,40392,33.32,795.9
1055,114.4767,9.5930,0.1464,0.1035,4.5756,0.0683,0.0280,26.9757,0.0011,1,0.0402,1.8104,0.0436,0.0594,7.1878,0.0000,7.1878,0.4655,0.0000,0.0000,791,334,40392,33.60,795.9
1056,114.5087,31.9166,0.0646,0.0145,4.6521,0.0789,0.0256,4.6633,0.0011,1,0.0399,1.7644,0.0434,0.0608,7.1897,0.0000,7.1897,0.4718,0.0000,0.0000,791,334,40392,33.82,795.9
1057,114.5182,9.5147,0.0596,0.0139,20.5934,0.0568,0.0237,6.8084,0.0019,1,0.0430,1.8352,0.0450,0.0611,6.9892,0.0000,6.9892,0.4641,0.0000,0.0000,791,334,40392,33.97,795.9
1058,114.5457,27.5794,0.5941,0.0198,2.8857,0.0812,0.0230,4.6089,0.0010,1,0.0410,1.7621,0.0431,0.0611,7.1118,0.0000,7.1118,0.4685,0.0000,0.0000,791,334,40392,34.46,795.9
1059,114.5540,8.2290,0.0565,0.0130,2.9916,0.0555,0.0237,7.2268,0.0010,1,0.0433,2.0904,0.0430,0.0610,6.9621,0.0000,6.9621,0.4659,0.0000,0.0000,791,334,40392,34.49,795.9
1060,114.5644,10.3832,0.0556,0.0130,2.5356,0.0667,0.0254,23.9909,0.0011,1,0.0425,1.8192,0.0443,0.0628,7.2284,0.0000,7.2284,0.4564,0.0000,0.0000,791,334,40266,34.72,795.9
1061,114.5911,26.7031,0.0563,0.0122,3.5927,0.1237,0.0322,6.4094,0.0012,1,0.0416,1.8775,0.0441,0.0604,6.9765,0.0000,6.9765,0.4672,0.0000,0.0000,791,334,40266,35.26,795.9
1062,114.6013,10.2420,0.0632,0.0131,2.3247,0.0572,0.0273,4.6265,0.0012,1,0.0420,1.7037,0.0442,0.0614,7.1397,0.0000,7.1397,0.4583,0.0000,0.0000,791,334,40266,35.24,795.9
1063,114.6084,7.1278,0.0575,0.0136,2.7756,0.3171,0.0345,30.4118,0.0010,1,0.0437,1.8132,0.0451,0.0595,7.1937,0.0000,7.1937,0.4627,0.0000,0.0000,791,335,40338,35.51,795.9
1064,114.6421,33.6265,0.0623,0.0143,3.0798,0.0800,0.0318,4.9660,0.0013,1,0.0411,1.8375,0.0451,0.0614,7.1290,0.0000,7.1290,0.4650,0.0000,0.0000,791,335,40338,35.91,795.9
1065,114.6503,8.2520,0.4105,0.0181,2.7884,0.0643,0.0270,5.0332,0.0014,1,0.0398,1.7966,0.0434,0.0586,7.1504,0.0000,7.1504,0.4588,0.0000,0.0000,791,335,40338,35.92,795.9
1066,114.6587,8.3588,0.0738,0.0173,3.9526,0.0707,0.0266,53.2866,0.0026,1,0.0412,1.7477,0.0438,0.0636,8.4196,0.0000,8.4196,0.5441,0.0000,0.0000,791,336,40274,36.15,795.9
1067,114.7161,57.4526,0.0731,0.0180,2.9742,0.0667,0.0282,4.6865,0.0013,1,0.0397,1.7831,0.0451,0.1413,26.9033,0.0000,26.9033,1.1967,0.0000,0.0000,791,328,40402,35.92,795.9
1068,114.7240,7.8635,0.0652,0.0140,3.6980,0.0651,0.0276,23.6402,0.0011,1,0.0399,1.8005,0.0445,0.1305,26.6086,0.0000,26.6086,1.3592,0.0000,0.0000,791,329,39186,36.34,795.9
1069,114.7515,27.5249,0.0597,0.0134,23.7501,0.0686,0.0268,11.1317,0.0014,1,0.0414,1.6543,0.0448,0.1283,28.6688,0.0000,28.6688,1.1839,0.0000,0.0000,791,331,39442,36.56,795.9
1070,114.7866,35.0675,0.0643,0.0150,2.6293,0.0598,0.0248,30.6951,0.0012,1,0.0389,1.6640,0.0449,0.1441,28.0616,0.0000,28.0616,1.2084,0.0000,0.0000,791,331,39442,36.26,795.9
1071,114.8201,33.5040,0.0509,0.0135,2.6349,0.0603,0.0256,29.3193,0.0218,1,0.0386,1.7022,0.0450,0.1208,28.6591,0.0000,28.6591,1.4213,0.0000,0.0000,791,331,39442,36.22,795.9
1072,114.8522,32.1423,0.0705,0.0134,2.8858,0.0696,0.0275,30.5002,0.0019,1,0.0392,2.0076,0.0438,0.1516,28.6272,0.0000,28.6272,1.1855,0.0000,0.0000,791,331,39442,36.56,795.9
1073,114.8858,33.5841,0.0577,0.0134,2.5737,0.0627,0.0583,30.6174,0.0017,1,0.0398,1.7132,0.0451,0.1205,28.1535,0.0000,28.1535,1.3421,0.0000,0.0000,791,331,39442,36.28,795.9
1074,114.9192,33.3997,0.0602,0.0134,2.6153,0.0824,0.0260,31.3071,0.0014,1,0.0377,2.0318,0.0447,0.1369,29.0413,0.0000,29.0413,1.1957,0.0000,0.0000,791,331,39442,36.23,795.9
1075,114.9533,34.1206,0.0648,0.0148,2.8437,0.0758,0.0284,29.4209,0.0014,1,0.0435,1.8113,0.0451,0.1364,28.1434,0.0000,28.1434,1.4192,0.0000,0.0000,791,331,39442,36.45,795.9
1076,114.9858,32.4646,0.0660,0.0146,2.6456,0.0647,0.0272,30.3138,0.0013,1,0.0397,1.6295,0.0451,0.1412,28.8305,0.0000,28.8305,1.4342,0.0000,0.0000,791,331,39442,36.22,795.9
1077,115.0189,33.1480,0.0684,0.0145,2.6788,0.0598,0.0287,30.0192,0.0014,1,0.0410,1.7119,0.0451,0.1422,28.4363,0.0000,28.4363,1.1840,0.0000,0.0000,791,331,39442,36.09,795.9
1078,115.0518,32.8853,0.0810,0.0134,2.5583,0.0582,0.0257,29.4809,0.0014,1,0.0403,1.8995,0.0451,0.2917,28.4505,0.0000,28.4505,1.1840,0.0000,0.0000,791,331,39442,36.40,795.9
1079,115.0841,32.2345,0.2236,0.0143,2.5460,0.0939,0.0282,31.2521,0.0011,1,0.0406,1.8808,0.0451,0.2958,28.7191,0.0000,28.7191,1.1868,0.0000,0.0000,791,331,39442,36.15,795.9
1080,115.1182,34.1753,0.6371,0.0194,7.0341,0.0765,0.0282,24.9848,0.0016,1,0.0419,1.8862,0.0451,0.2867,28.4755,0.0000,28.4755,1.1832,0.0000,0.0000,791,331,39442,36.05,795.9
1081,115.1510,32.7954,0.0574,0.0141,2.5738,0.0610,0.0251,61.5119,0.0020,1,0.0398,1.8516,0.0460,0.2683,28.0395,0.0000,28.0395,1.4292,0.0000,0.0000,791,331,39442,36.00,795.9
1082,115.2153,64.2682,0.2200,0.0202,2.9126,0.0749,0.0276,4.8240,0.0014,1,0.0460,1.7983,0.0444,0.1621,28.0016,0.0000,28.0016,1.1900,0.0000,0.0000,791,331,39442,35.62,795.9
1083,115.2234,8.0958,0.0654,0.0226,2.6959,0.0660,0.0262,61.5436,0.0019,1,0.0403,1.8104,0.0454,0.1368,28.8978,0.0000,28.8978,1.1869,0.0000,0.0000,791,331,39442,36.16,795.9
1084,115.2878,64.4436,0.4945,0.0198,2.8392,0.0669,0.0265,5.6717,0.0014,1,0.0409,1.7724,0.0451,0.1354,28.0966,0.0000,28.0966,1.1895,0.0000,0.0000,791,331,39442,35.54,795.9
1085,115.5417,100.0000,0.6084,0.0134,2.9525,0.0656,0.0260,8.5149,0.0019,1,0.0433,1.7073,0.0467,0.1536,28.2021,0.0000,28.2021,1.1874,0.0000,0.0000,791,331,39442,34.78,795.9
1086,115.5539,12.2051,0.4225,0.0191,3.4778,0.0606,0.0258,41.5450,0.0018,1,0.0417,1.7863,0.0449,0.1336,29.4737,0.0000,29.4737,1.2094,0.0000,0.0000,791,336,39938,35.04,795.9
1087,115.5995,45.5730,0.5560,0.0173,2.7850,0.0902,0.0333,5.2021,0.0012,1,0.0400,3.8078,0.0439,0.2294,33.9079,0.0000,33.9079,1.2767,0.0000,0.0000,791,729,88128,34.75,795.9
1088,115.6082,8.7006,0.4148,0.0166,31.8943,0.0849,0.0353,5.2892,0.0017,1,0.0474,4.0349,0.0448,0.2540,31.6641,0.0000,31.6641,1.4213,0.0000,0.0000,791,690,87472,34.94,795.9
1089,115.6459,37.7529,3.2722,0.0171,3.8467,0.0810,0.0294,27.3637,0.0013,1,0.0446,3.6390,0.0447,0.2429,29.9634,0.0000,29.9634,1.2162,0.0000,0.0000,791,699,86940,34.85,795.9
1090,115.6806,34.6282,0.2785,0.0170,3.4018,0.0712,0.0300,34.5500,0.0016,1,0.0449,3.7294,0.0453,0.2597,29.6703,0.0000,29.6703,1.3655,0.0000,0.0000,791,723,87540,34.80,795.9
1091,115.7189,38.3666,0.2847,0.0199,3.9841,0.0779,0.0336,29.0793,0.0019,1,0.0468,3.8727,0.0452,0.2459,28.0854,0.0000,28.0854,1.1976,0.0000,0.0000,791,677,87294,34.72,795.9
1092,115.7524,33.5035,0.3031,0.0167,3.2045,0.0702,0.0279,57.0091,0.0025,1,0.0428,3.4739,0.0462,0.2540,27.1873,0.0000,27.1873,1.1856,0.0000,0.0000,791,701,84760,34.70,795.9
1093,115.8131,60.6589,3.3001,0.0215,3.2008,0.0645,0.0277,4.8838,0.0012,1,0.0452,3.5700,0.0450,0.2316,26.5328,0.0000,26.5328,1.2230,0.0000,0.0000,791,693,84088,34.33,795.9
1094,115.8246,11.5140,0.5022,0.0157,3.4542,0.0610,0.0246,24.3145,0.0014,1,0.0459,3.7940,0.0431,0.4286,25.6192,0.0000,25.6192,1.2276,0.0000,0.0000,791,691,83308,35.14,795.9
1095,115.8530,28.3972,0.4127,0.0159,3.5196,0.0788,0.0308,27.0362,0.0013,1,0.0432,3.7303,0.0437,0.2662,27.0931,0.0000,27.0931,1.2712,0.0000,0.0000,791,715,85760,34.95,795.9
1096,115.8841,31.1118,1.0973,0.0178,3.4995,0.0709,0.0293,65.7288,0.0017,1,0.0430,3.5256,0.0451,0.2004,27.7179,0.0000,27.7179,1.2902,0.0000,0.0000,791,711,86206,34.89,795.9
1097,115.9546,70.4693,0.5456,0.0276,3.2466,0.0646,0.0273,5.0347,0.0014,1,0.0438,3.5509,0.0440,0.2445,28.1018,0.0000,28.1018,1.3149,0.0000,0.0000,791,717,86952,34.75,795.9
1098,115.9635,8.9650,0.0651,0.0157,6.5798,0.0599,0.0251,23.6881,0.0012,1,0.0450,3.5798,0.0448,0.2556,28.3083,0.0000,28.3083,1.5663,0.0000,0.0000,791,722,86912,34.77,795.9
1099,115.9940,30.4414,0.4354,0.0160,2.7027,0.0724,0.0280,32.2628,0.0012,1,0.0427,3.3748,0.0446,0.2285,28.2306,0.0000,28.2306,1.5748,0.0000,0.0000,791,721,85560,34.70,795.9
1100,116.0295,35.5255,0.0625,0.0142,3.5666,0.0740,0.0254,59.3600,0.0015,1,0.0477,3.7227,0.0436,0.2914,29.6641,0.0000,29.6641,1.4818,0.0000,0.0000,791,721,85432,34.94,795.9
1101,116.0926,63.1112,0.0569,0.0148,2.5254,0.0569,0.0296,52.8719,0.0015,1,0.0484,3.5053,0.0443,0.2924,35.3761,0.0000,35.3761,1.3266,0.0000,0.0000,791,721,85432,34.40,795.9
1102,116.1482,55.5661,4.3100,0.0166,3.6284,0.0664,0.0280,4.8031,0.0012,1,0.0453,3.6262,0.0451,0.2187,34.8232,0.0000,34.8232,1.3202,0.0000,0.0000,791,721,85432,34.12,795.9
1103,116.1610,12.8679,1.6465,0.0159,9.8846,0.0619,0.0257,22.3367,0.0015,1,0.0453,4.0699,0.0437,0.2764,35.1003,0.0000,35.1003,1.3132,0.0000,0.0000,791,721,85432,34.58,795.9
1104,116.1950,33.9895,0.8542,0.0160,3.8310,0.1090,0.0294,30.8076,0.0012,1,0.0433,3.2888,0.0433,0.2381,29.4155,0.0000,29.4155,1.3108,0.0000,0.0000,791,715,85432,34.34,795.9
1105,116.2307,35.6634,0.2570,0.0153,5.4854,0.0666,0.0347,30.8566,0.0019,1,0.0439,3.3560,0.0447,0.2216,28.9524,0.0000,28.9524,1.3171,0.0000,0.0000,791,713,84888,34.57,795.9
1106,116.2675,36.7771,0.4479,0.0158,3.2459,0.0660,0.0261,41.0629,0.0012,1,0.0456,3.5663,0.0451,0.2601,29.2468,0.0000,29.2468,1.4723,0.0000,0.0000,791,708,85380,34.31,795.9
1107,116.3124,44.8809,0.5506,0.0151,5.1496,0.0670,0.0269,24.4874,0.0012,1,0.0447,3.6231,0.0439,0.2540,32.1022,0.0000,32.1022,1.3601,0.0000,0.0000,791,701,85164,34.10,795.9
1108,116.3427,30.3129,0.4475,0.0155,2.8177,0.0603,0.0253,76.3127,0.0027,1,0.0444,3.7100,0.0451,0.2303,33.4089,0.0000,33.4089,1.3660,0.0000,0.0000,791,700,84766,34.13,795.9
1109,116.4224,79.7064,0.9180,0.0228,3.1750,0.0671,0.0269,4.7354,0.0013,1,0.0434,3.3582,0.0450,0.2628,33.2574,0.0000,33.2574,1.3743,0.0000,0.0000,791,698,84088,33.65,795.9
1110,116.4313,8.9626,0.0755,0.0153,3.2972,0.0758,0.0302,41.6767,0.0015,1,0.0440,3.5286,0.0451,0.2212,33.8377,0.0000,33.8377,1.3715,0.0000,0.0000,791,697,83864,34.15,795.9
1111,116.4765,45.1921,2.8761,0.0178,10.1658,0.0680,0.0256,20.6182,0.0014,1,0.0441,3.4468,0.0456,0.3359,33.4115,0.0000,33.4115,1.4901,0.0000,0.0000,791,695,83832,33.81,795.9
1112,116.5103,33.7897,0.0695,0.0179,3.1017,0.0717,0.0269,34.0144,0.0013,1,0.0437,3.6112,0.0452,0.2092,32.7532,0.0000,32.7532,1.5007,0.0000,0.0000,791,696,83832,33.74,795.9
1113,116.5476,37.3200,0.0626,0.0155,4.8490,0.0733,0.0276,36.2789,0.0013,1,0.0441,3.3055,0.0451,0.2109,32.2994,0.0000,32.2994,1.3386,0.0000,0.0000,791,698,83968,33.99,795.9
1114,116.5890,41.3270,0.6240,0.0165,2.9150,0.0852,0.0267,35.1421,0.0017,1,0.0460,3.5471,0.0451,0.2388,31.8355,0.0000,31.8355,1.3429,0.0000,0.0000,791,713,85744,33.67,795.9
1115,116.6278,38.8283,0.4270,0.0164,2.9194,0.0680,0.0253,65.2618,0.0021,1,0.0468,4.0881,0.0457,0.2273,30.3231,0.0000,30.3231,1.3155,0.0000,0.0000,791,714,86112,33.57,795.9
1116,116.6965,68.7449,0.1082,0.0225,3.3341,0.0980,0.0436,6.6608,0.0014,1,0.0468,3.4084,0.0439,0.2432,28.4030,0.0000,28.4030,1.2751,0.0000,0.0000,791,714,85984,33.53,795.9
1117,116.7068,10.2859,0.0717,0.0200,3.1832,0.0646,0.0246,27.6296,0.0016,1,0.0464,3.5744,0.0439,0.2741,27.9048,0.0000,27.9048,1.2862,0.0000,0.0000,791,716,85888,33.52,795.9
1118,116.7378,31.0106,0.0586,0.0152,3.1117,0.0682,0.0261,65.0955,0.0022,1,0.0478,3.8420,0.0437,0.2430,27.6205,0.0000,27.6205,1.5232,0.0000,0.0000,791,717,86144,33.49,795.9
1119,116.8063,68.4171,0.0768,0.0225,3.2242,0.0781,0.0282,5.0803,0.0013,1,0.0454,3.7854,0.0450,0.2662,28.2419,0.0000,28.2419,1.4309,0.0000,0.0000,791,717,86016,33.45,795.9
1120,116.8148,8.5273,0.0622,0.0151,4.3758,0.0679,0.0321,27.0075,0.0015,1,0.0496,3.6133,0.0449,0.2235,28.0604,0.0000,28.0604,1.3000,0.0000,0.0000,791,719,86272,33.72,795.9
1121,116.8464,31.5771,0.0618,0.0164,31.0383,0.0885,0.0320,4.8612,0.0015,1,0.0426,3.3623,0.0451,0.2057,28.1580,0.0000,28.1580,1.2894,0.0000,0.0000,791,712,86152,33.77,795.9
1122,116.8825,36.1150,0.0707,0.0148,3.5311,0.0735,0.0248,30.0017,0.0013,1,0.0474,3.6673,0.0451,0.2537,28.0051,0.0000,28.0051,1.2930,0.0000,0.0000,791,712,85568,33.52,795.9
1123,116.9162,33.7332,1.5105,0.0288,3.9097,0.0608,0.0229,28.9470,0.0020,1,0.0454,3.8604,0.0445,0.2780,28.4802,0.0000,28.4802,1.5338,0.0000,0.0000,791,712,85568,33.47,795.9
1124,116.9507,34.4962,2.2440,0.0161,3.3345,0.0596,0.0235,30.4222,0.0020,1,0.0447,3.3933,0.0451,0.2211,28.5585,0.0000,28.5585,1.4901,0.0000,0.0000,791,710,85856,33.45,795.9
1125,116.9868,36.1184,0.0760,0.0194,3.7641,0.0646,0.0310,32.3629,0.0014,1,0.0432,3.4368,0.0452,0.2396,28.1500,0.0000,28.1500,1.5289,0.0000,0.0000,791,704,85856,33.39,795.9
1126,117.0232,36.3352,0.0589,0.0153,3.2397,0.0780,0.0286,32.5865,0.0012,1,0.0492,4.5213,0.0451,0.2480,29.5322,0.0000,29.5322,1.2793,0.0000,0.0000,791,712,85904,33.35,795.9
1127,117.0592,36.0238,0.2311,0.0170,2.8996,0.0659,0.0257,30.8580,0.0012,1,0.0457,3.8374,0.0451,0.2350,28.5056,0.0000,28.5056,1.2666,0.0000,0.0000,791,702,85872,33.31,795.9
1128,117.0933,34.1133,0.5353,0.0149,4.1444,0.0966,0.0408,29.2078,0.0016,1,0.0454,4.1336,0.0451,0.2580,28.8450,0.0000,28.8450,1.2607,0.0000,0.0000,791,707,84984,33.29,795.9
1129,117.1274,34.0580,0.0694,0.0184,3.6199,0.0731,0.0284,30.2438,0.0013,1,0.0431,3.3670,0.0451,0.2091,28.4861,0.0000,28.4861,1.4011,0.0000,0.0000,791,648,84552,33.28,795.9
1130,117.1614,34.0702,0.4786,0.0171,2.7839,0.0740,0.0272,31.0667,0.0012,1,0.0449,3.7896,0.0451,0.2260,29.4890,0.0000,29.4890,1.2207,0.0000,0.0000,791,614,77196,33.57,795.9
1131,117.1959,34.4633,0.4408,0.0141,2.8029,0.0705,0.0269,68.7606,0.0016,1,0.0453,3.3352,0.0450,0.2611,29.5884,0.0000,29.5884,1.4362,0.0000,0.0000,791,646,77972,33.35,795.9
1132,117.2680,72.1389,0.5788,0.0203,4.4103,0.0637,0.0270,4.9377,0.0013,1,0.0439,3.1576,0.0450,0.2404,30.3551,0.0000,30.3551,1.1984,0.0000,0.0000,791,657,78336,32.94,795.9
1133,117.2781,10.0545,0.5284,0.0166,2.8085,0.0702,0.0244,30.0300,0.0012,1,0.0523,3.8060,0.0452,0.2928,31.4294,0.0000,31.4294,1.3413,0.0000,0.0000,791,746,88840,33.53,795.9
1134,117.3116,33.4952,0.4901,0.0155,2.7394,0.0641,0.0252,36.1765,0.0013,1,0.0434,3.7312,0.0451,0.5912,33.2446,0.0000,33.2446,1.3798,0.0000,0.0000,791,738,88456,33.55,795.9
1135,117.3511,39.5293,0.4922,0.0163,3.7637,0.0658,0.0236,37.7915,0.0013,1,0.0498,3.6825,0.0470,0.3849,33.9892,0.0000,33.9892,1.1782,0.0000,0.0000,791,737,87816,33.26,795.9
1136,117.3933,42.1701,0.4906,0.0150,2.6484,0.0613,0.0231,65.8414,0.0010,1,0.0451,3.6084,0.0492,0.3850,35.4933,0.0000,35.4933,1.1737,0.0000,0.0000,791,730,87432,33.51,795.9
1137,117.4624,69.0960,1.4850,0.0196,2.5390,0.0622,0.0246,11.2529,0.0014,1,0.0541,4.2366,0.0471,0.7803,38.1190,0.0000,38.1190,1.3012,0.0000,0.0000,791,733,87560,32.99,795.9
1138,117.4778,15.4010,0.5691,0.0149,2.3767,0.0751,0.0290,45.5161,0.0015,1,0.0471,3.7656,0.0471,0.4266,39.5732,0.0000,39.5732,1.1737,0.0000,0.0000,791,729,86920,33.32,795.9
1139,117.5264,48.5989,1.4709,0.0170,2.4993,0.0858,0.0255,46.2390,0.0011,1,0.0591,3.5999,0.0458,0.7066,43.0787,0.0000,43.0787,1.2278,0.0000,0.0000,791,727,86536,33.34,795.9
1140,117.5767,50.3533,1.5976,0.0274,2.6332,0.0676,0.0240,45.7574,0.0012,1,0.0503,3.7464,0.0455,0.7239,43.8766,0.0000,43.8766,1.2367,0.0000,0.0000,791,728,86664,32.98,795.9
1141,117.6269,50.1246,2.1122,0.0177,2.8239,0.0683,0.0316,46.0338,0.0012,1,0.0440,3.5788,0.0492,0.4999,46.5201,0.0000,46.5201,1.5220,0.0000,0.0000,791,721,85768,32.83,795.9
1142,117.6780,51.1038,1.4428,0.0189,2.6158,0.0634,0.0235,114.3426,0.0014,1,0.0463,3.6659,0.0458,0.5489,51.2280,0.0000,51.2280,1.3195,0.0000,0.0000,791,716,85128,32.72,795.9
1143,117.7965,100.0000,1.5613,0.0233,3.1417,0.0703,0.0250,7.4427,0.0014,1,0.0450,3.1682,0.0452,0.6167,53.4253,0.0000,53.4253,1.3648,0.0000,0.0000,791,705,84104,32.18,795.9
1144,117.8088,12.2824,0.5069,0.0174,3.2426,0.0858,0.0602,51.9502,0.0012,1,0.0441,3.2159,0.0456,0.6095,55.5041,0.0000,55.5041,1.5601,0.0000,0.0000,791,691,82056,32.42,795.9
1145,117.8646,55.8808,2.1046,0.0176,3.4362,0.0916,0.0340,121.6193,0.0016,1,0.0437,3.0372,0.0457,0.5796,57.6843,0.0000,57.6843,1.4497,0.0000,0.0000,791,654,77632,32.21,795.9
1146,117.9920,100.0000,1.8333,0.0215,2.9321,0.0694,0.0241,5.1559,0.0014,1,0.0481,3.4736,0.0470,0.6287,57.8786,0.0000,57.8786,1.4593,0.0000,0.0000,791,653,77536,31.66,795.9
1147,118.0020,10.0543,0.0702,0.0136,3.4586,0.0744,0.0246,73.1280,0.0013,1,0.0457,3.0841,0.0451,0.6309,59.9835,0.0000,59.9835,1.5302,0.0000,0.0000,791,642,76128,31.77,795.9
1148,118.0788,76.7878,2.2660,0.0164,3.2720,0.0642,0.0236,59.7863,0.0013,1,0.0422,2.9547,0.0457,0.6888,69.6732,0.0000,69.6732,1.6937,0.0000,0.0000,791,637,75520,31.32,795.9
1149,118.1443,65.4458,0.7456,0.0154,2.6934,0.0612,0.0218,69.3452,0.0015,1,0.0444,4.6308,0.0511,0.7881,67.5461,0.0000,67.5461,1.8454,0.0000,0.0000,791,635,75360,31.06,795.9
1150,118.2172,72.8995,1.5525,0.0168,2.8725,0.0633,0.0233,75.2434,0.0012,1,0.0433,2.8782,0.0471,0.6376,73.7604,0.0000,73.7604,1.7690,0.0000,0.0000,791,622,73888,30.55,795.9
1151,118.2970,79.7881,0.4567,0.0194,2.5290,0.0584,0.0210,83.2943,0.0023,1,0.0449,3.6167,0.0492,0.6641,78.4023,0.0000,78.4023,1.8922,0.0000,0.0000,791,645,76584,30.01,795.9
1152,118.3834,86.4014,0.8695,0.0207,3.8239,0.1056,0.0363,90.9938,0.0011,1,0.0452,3.1408,0.0492,0.8384,86.3752,0.0000,86.3752,1.8580,0.0000,0.0000,791,673,81028,29.44,795.9
1153,118.4792,95.8673,6.1025,0.0180,2.9468,0.0651,0.0236,79.5672,0.0016,1,0.0453,3.3139,0.0550,0.7885,85.8525,0.0000,85.8525,2.0954,0.0000,0.0000,791,655,79320,28.85,795.9
1154,118.5680,88.7405,0.4319,0.0156,2.6454,0.0950,0.0261,182.3954,0.0022,1,0.0451,3.0641,0.0487,0.7876,86.1152,0.0000,86.1152,1.8553,0.0000,0.0000,791,636,77390,28.32,795.9
1155,118.7536,100.0000,0.7687,0.0205,3.2982,0.0739,0.0269,7.2746,0.0014,1,0.0446,3.1361,0.0489,0.8538,84.2225,0.0000,84.2225,1.8596,0.0000,0.0000,791,644,77968,27.84,795.9
1156,118.7651,11.4817,0.2220,0.0169,2.9861,0.0677,0.0256,81.1723,0.0011,1,0.0434,2.9212,0.0495,0.7042,83.1497,0.0000,83.1497,2.1108,0.0000,0.0000,791,652,78780,27.83,795.9
1157,118.8496,84.5055,0.0609,0.0156,2.9376,0.0658,0.0242,189.0987,0.0039,1,0.0452,3.4349,0.0508,0.8466,78.6390,0.0000,78.6390,2.2648,0.0000,0.0000,791,680,81966,27.37,795.9
1158,119.0418,100.0000,0.0850,0.0188,5.3146,0.0858,0.0251,4.8089,0.0012,1,0.0442,3.1996,0.0492,0.8363,81.1188,0.0000,81.1188,1.8642,0.0000,0.0000,791,683,82254,26.93,795.9
1159,119.0522,10.3547,0.0613,0.0150,2.7185,0.0623,0.0231,79.2394,0.0012,1,0.0496,3.6127,0.0502,1.0337,77.4460,0.0000,77.4460,1.8730,0.0000,0.0000,791,694,83450,26.93,795.9
1160,119.1343,82.1369,0.2450,0.0159,3.2396,0.0733,0.0259,154.7878,0.0020,1,0.0445,3.9967,0.0474,0.9073,72.6626,0.0000,72.6626,1.8785,0.0000,0.0000,791,700,84026,26.50,799.7
1161,119.2927,100.0000,1.0349,0.0201,7.9162,0.0655,0.0248,5.0850,0.0015,1,0.0464,3.1681,0.0490,1.0319,73.5324,0.0000,73.5324,1.8837,0.0000,0.0000,791,700,84026,26.09,799.7
1162,119.3069,14.1653,1.5892,0.0176,3.9326,0.0775,0.0263,65.0696,0.0021,1,0.0437,3.1795,0.0477,1.1059,70.0067,0.0000,70.0067,1.8821,0.0000,0.0000,791,702,84166,26.11,799.7
1163,119.3776,70.7345,1.0148,0.0186,3.6130,0.1523,0.0311,140.2902,0.0018,1,0.0433,3.0779,0.0488,0.8436,65.7802,0.0000,65.7802,2.1319,0.0000,0.0000,791,709,84926,25.79,799.7
1164,119.5228,100.0000,1.9607,0.0223,3.5319,0.1250,0.0280,7.2265,0.0013,1,0.0448,3.2700,0.0472,1.2144,66.9354,0.0000,66.9354,1.8855,0.0000,0.0000,791,709,84926,25.32,799.7
1165,119.5357,12.9114,0.5685,0.0166,3.4629,0.0674,0.0260,62.6248,0.0013,1,0.0448,3.2150,0.0477,0.8591,64.5002,0.0000,64.5002,1.8797,0.0000,0.0000,791,715,85348,25.45,799.7
1166,119.6025,66.7863,3.7631,0.0229,3.1136,0.0697,0.0250,59.6169,0.0013,1,0.0459,3.5480,0.0492,0.9862,60.1408,0.0000,60.1408,1.8677,0.0000,0.0000,791,722,85956,25.17,799.7
1167,119.6691,66.6282,2.2255,0.0207,3.0835,0.0811,0.0268,61.5855,0.0012,1,0.0480,3.8399,0.0474,1.0176,60.0012,0.0000,60.0012,1.8613,0.0000,0.0000,791,723,85968,24.88,799.7
1168,119.7361,67.0398,1.3306,0.0156,2.3716,0.0586,0.0212,128.6590,0.0020,1,0.0444,3.6890,0.0452,1.0576,57.4746,0.0000,57.4746,1.8519,0.0000,0.0000,791,728,86248,24.58,799.7
1169,119.8686,100.0000,1.3820,0.0218,3.2564,0.0627,0.0235,5.7003,0.0015,1,0.0470,3.7420,0.0472,0.9309,56.9048,0.0000,56.9048,1.8410,0.0000,0.0000,791,729,86260,24.15,799.8
1170,119.8794,10.8235,1.2248,0.0147,3.4483,0.0643,0.0227,53.1849,0.0018,1,0.0478,3.9437,0.0460,1.0097,56.6476,0.0000,56.6476,2.0045,0.0000,0.0000,791,729,86260,24.20,799.8
1171,119.9374,57.9897,0.7172,0.0203,2.3997,0.0613,0.0221,124.3828,0.0023,1,0.0494,3.8951,0.0466,1.0875,55.0172,0.0000,55.0172,1.8412,0.0000,0.0000,791,736,87068,23.96,799.8
1172,120.0650,100.0000,3.8321,0.0206,7.9373,0.0658,0.0245,8.7368,0.0015,1,0.0478,4.5287,0.0471,1.0076,55.0564,0.0000,55.0564,1.8370,0.0000,0.0000,791,738,87324,23.53,799.8
1173,120.0857,20.6366,0.0569,0.0159,3.8581,0.0740,0.0237,44.2287,0.0013,1,0.0457,3.6557,0.0473,0.8909,53.3788,0.0000,53.3788,1.8451,0.0000,0.0000,791,739,87404,23.60,799.8
1174,120.1340,48.2737,1.7482,0.0157,3.9217,0.0674,0.0251,53.9924,0.0013,1,0.0520,3.4807,0.0465,0.7680,54.5100,0.0000,54.5100,1.8509,0.0000,0.0000,791,741,87660,23.41,799.8
1175,120.1937,59.7864,0.3407,0.0144,3.3447,0.0664,0.0230,70.1648,0.0013,1,0.0471,3.6162,0.0466,0.7436,53.4157,0.0000,53.4157,1.8532,0.0000,0.0000,791,741,87660,23.18,799.8
1176,120.2677,73.9708,0.4771,0.0162,2.8387,0.0618,0.0245,102.8798,0.0024,1,0.0451,3.5328,0.0471,0.7752,51.7277,0.0000,51.7277,1.8510,0.0000,0.0000,791,741,87660,23.00,799.8
1177,120.3740,100.0000,0.8379,0.0209,3.1267,0.0689,0.0247,7.2531,0.0014,1,0.0448,3.3355,0.0465,0.9380,52.5368,0.0000,52.5368,1.8450,0.0000,0.0000,791,741,87660,22.61,799.8
1178,120.3854,11.3507,0.5179,0.0162,3.0764,0.0666,0.0243,50.5368,0.0017,1,0.0467,3.3157,0.0460,0.7717,52.6198,0.0000,52.6198,1.9824,0.0000,0.0000,791,741,87660,22.68,799.8
1179,120.4396,54.2564,0.4690,0.0173,3.0308,0.0714,0.0254,117.5347,0.0018,1,0.0486,3.4918,0.0472,0.8127,53.4588,0.0000,53.4588,1.8432,0.0000,0.0000,791,741,87660,22.48,799.8
1180,120.5608,100.0000,0.0868,0.0187,3.0922,0.3571,0.0356,6.8387,0.0017,1,0.0451,3.2955,0.0492,0.8539,53.6750,0.0000,53.6750,1.8449,0.0000,0.0000,791,741,87660,22.11,799.8
1181,120.5713,10.4493,0.0658,0.0155,2.9914,0.0722,0.0261,53.2661,0.0015,1,0.0464,3.6021,0.0462,0.8764,54.3548,0.0000,54.3548,1.8404,0.0000,0.0000,791,741,87660,22.18,799.8
1182,120.6277,56.4549,0.0774,0.0145,3.6543,0.0718,0.0271,59.2702,0.0016,1,0.0488,3.5182,0.0471,0.9109,54.1582,0.0000,54.1582,1.8469,0.0000,0.0000,791,741,87660,21.99,799.8
1183,120.6909,63.1337,0.0665,0.0158,3.1795,0.0904,0.0286,56.1815,0.0013,1,0.0462,3.7963,0.0468,0.7354,51.6941,0.0000,51.6941,1.8301,0.0000,0.0000,791,741,87660,21.76,799.8
1184,120.7504,59.5853,0.0659,0.0151,3.3385,0.0751,0.0264,118.1402,0.0023,1,0.0499,3.9301,0.0470,0.9086,53.4779,0.0000,53.4779,1.8372,0.0000,0.0000,791,741,87660,21.66,799.8
1185,120.8721,100.0000,0.9594,0.0242,3.2847,0.0781,0.0255,5.6536,0.0013,1,0.0462,3.3776,0.0457,0.7411,53.6017,0.0000,53.6017,1.8325,0.0000,0.0000,791,741,87660,21.31,799.8
1186,120.8822,10.0445,0.0918,0.0172,4.5204,0.2033,0.0287,53.6452,0.0017,1,0.0477,3.6712,0.0453,0.8008,53.7208,0.0000,53.7208,1.8393,0.0000,0.0000,791,741,87660,21.30,799.8
1187,121.1410,100.0000,2.4308,0.0151,7.7837,0.0617,0.0246,6.7985,0.0018,1,0.0503,3.9516,0.0457,0.8796,53.5557,0.0000,53.5557,1.9697,0.0000,0.0000,791,741,87660,21.14,799.8
1188,121.1581,17.1259,0.3696,0.0233,2.7930,0.0826,0.0263,75.3988,0.0014,1,0.0491,4.1597,0.0473,1.0249,56.5069,0.0000,56.5069,1.8508,0.0000,0.0000,791,741,87660,21.11,799.8
1189,121.2368,78.7036,0.0713,0.0171,3.2225,0.0838,0.0269,5.1056,0.0013,1,0.0488,3.6177,0.0471,1.0004,64.5508,0.0000,64.5508,2.0660,0.0000,0.0000,791,741,87660,20.92,799.8
1190,121.2454,8.5352,0.0552,0.0129,2.8811,0.0610,0.0229,68.7975,0.0013,1,0.0445,3.7980,0.0468,0.9073,66.2334,0.0000,66.2334,1.8278,0.0000,0.0000,791,741,87660,21.02,799.8
1191,121.3172,71.8384,0.0562,0.0132,3.0659,0.0728,0.0244,67.5934,0.0011,1,0.0454,3.5904,0.0457,0.7652,63.0217,0.0000,63.0217,1.8323,0.0000,0.0000,791,741,87660,20.88,799.8
1192,121.3880,70.8344,0.0554,0.0143,2.9253,0.0659,0.0240,66.6949,0.0015,1,0.0446,4.0064,0.0475,0.8929,62.4004,0.0000,62.4004,1.8068,0.0000,0.0000,791,741,87660,20.74,799.8
1193,121.4578,69.7885,0.0627,0.0151,2.5319,0.0590,0.0224,67.8040,0.0014,1,0.0464,4.0683,0.0471,0.9040,62.8987,0.0000,62.8987,1.8038,0.0000,0.0000,791,741,87660,20.61,799.8
1194,121.5283,70.5026,0.0554,0.0138,2.7870,0.0590,0.0265,68.2465,0.0013,1,0.0454,3.7828,0.0471,0.9319,63.6228,0.0000,63.6228,1.7935,0.0000,0.0000,791,741,87660,20.48,799.8
1195,121.5995,71.1957,0.0563,0.0137,3.8094,0.0614,0.0214,139.6117,0.0020,1,0.0446,3.7817,0.0471,0.9053,64.0282,0.0000,64.0282,1.7865,0.0000,0.0000,791,741,87660,20.35,799.8
1196,121.7431,100.0000,0.0888,0.0183,3.0277,0.0892,0.0259,5.6756,0.0013,1,0.0455,3.7731,0.0473,0.9546,63.3273,0.0000,63.3273,1.7909,0.0000,0.0000,791,741,87660,20.12,799.8
1197,121.7520,8.9341,0.0602,0.0149,28.8492,0.0656,0.0249,42.6167,0.0013,1,0.0454,3.5311,0.0466,0.8460,64.2258,0.0000,64.2258,1.7869,0.0000,0.0000,791,741,87660,20.20,799.8
1198,121.8237,71.6407,0.0655,0.0162,3.7488,0.0706,0.0260,134.2567,0.0017,1,0.0476,3.4555,0.0469,0.7896,63.2314,0.0000,63.2314,1.7681,0.0000,0.0000,791,741,87660,20.07,799.8
1199,121.9619,100.0000,0.0844,0.0254,2.9968,0.0842,0.0307,5.7444,0.0019,1,0.0491,3.6862,0.0466,0.9134,63.4618,0.0000,63.4618,1.9186,0.0000,0.0000,791,741,87660,19.85,799.8
1200,121.9708,8.9761,0.3992,0.0181,3.0221,0.0666,0.0238,64.0334,0.0016,1,0.0479,3.8343,0.0460,0.8844,62.2007,0.0000,62.2007,1.7856,0.0000,0.0000,791,741,87660,19.93,799.8
1201,122.0384,67.5719,0.2651,0.0159,2.9276,0.0681,0.0246,67.5524,0.0015,1,0.0491,3.4349,0.0460,0.9567,63.2098,0.0000,63.2098,1.7624,0.0000,0.0000,791,741,87660,19.81,799.8
1202,122.1093,70.8620,2.3303,0.0210,6.2259,0.1005,0.0380,60.1472,0.0015,1,0.0462,3.5939,0.0451,1.0445,61.4277,0.0000,61.4277,1.7564,0.0000,0.0000,791,741,87660,19.79,799.8
1203,122.1782,68.8713,0.5912,0.0164,3.1774,0.0760,0.0256,216.4350,0.0016,1,0.0524,3.9231,0.0467,0.9271,62.8787,0.0000,62.8787,2.0456,0.0000,0.0000,791,741,87660,19.60,799.8
1204,122.3985,100.0000,269.2070,0.0329,8.1794,0.0663,0.0213,5.5739,0.0013,1,0.0454,3.8887,0.0467,0.6922,65.1868,0.0000,65.1868,1.7623,0.0000,0.0000,791,741,87660,19.48,799.8
1205,122.6816,100.0000,0.7823,0.0191,2.6579,0.0706,0.0277,9.5018,0.0013,1,0.0459,4.4923,0.0486,0.7813,65.2959,0.0000,65.2959,1.7433,0.0000,0.0000,791,741,87660,19.48,799.8
1206,122.6946,13.0662,0.0183,0.0136,3.8731,0.0541,0.0213,140.0593,0.0023,1,0.0475,3.6131,0.0477,0.8294,65.0857,0.0000,65.0857,1.7395,0.0000,0.0000,791,741,87660,19.48,799.8
1207,122.8387,100.0000,0.1208,0.0230,11.6133,0.0714,0.0251,153.4773,0.0022,1,0.0452,3.5703,0.0475,0.8920,65.5741,0.0000,65.5741,1.9002,0.0000,0.0000,791,741,87660,19.31,799.8
1208,123.0040,100.0000,0.0294,0.0177,13.5636,0.1334,0.0298,171.0418,0.0015,1,0.0476,3.4186,0.0458,0.9528,65.9227,0.0000,65.9227,2.0968,0.0000,0.0000,791,741,87660,19.03,799.8
1209,123.1889,100.0000,0.0288,0.0189,8.1458,0.0790,0.0280,126.6954,0.0019,1,0.0452,3.5225,0.0468,0.8265,64.8955,0.0000,64.8955,1.7577,0.0000,0.0000,791,741,87660,18.84,799.8
1210,123.3239,100.0000,0.8526,0.0191,3.2818,0.0715,0.0250,5.7191,0.0013,1,0.0442,3.8022,0.0471,0.7418,61.2823,0.0000,61.2823,1.7346,0.0000,0.0000,791,741,87660,18.65,799.8
1211,123.3338,9.9780,0.1326,0.0157,5.2890,0.0789,0.0248,102.0409,0.0013,1,0.0459,3.4768,0.0455,0.7680,59.3728,0.0000,59.3728,1.7214,0.0000,0.0000,791,741,87660,18.74,799.8
1212,123.4414,100.0000,0.0281,0.0149,5.5335,0.0667,0.0237,60.4400,0.0015,1,0.0487,3.8994,0.2447,0.8639,60.8465,0.0000,60.8465,1.7285,0.0000,0.0000,791,741,87660,18.54,799.8
1213,123.5076,66.1162,0.0224,0.0144,5.8248,0.0724,0.0331,18.4013,0.0015,1,0.0452,3.7144,0.0471,0.7556,60.5069,0.0000,60.5069,1.7303,0.0000,0.0000,791,741,87660,18.53,799.8
1214,123.5319,24.3772,0.0186,0.0136,3.6626,0.0688,0.0245,65.1545,0.0016,1,0.0460,3.3511,0.0452,0.7484,60.6006,0.0000,60.6006,1.7272,0.0000,0.0000,791,741,87660,18.49,799.8
1215,123.6009,68.9518,0.0252,0.0169,3.5061,0.0643,0.0245,62.5304,0.0014,1,0.0446,3.2845,0.0451,0.8110,60.8976,0.0000,60.8976,1.7097,0.0000,0.0000,791,741,87660,18.38,799.8
1216,123.6671,66.1754,0.0249,0.0229,3.0922,0.0702,0.0256,65.2008,0.0015,1,0.0447,3.3262,0.0454,0.6704,61.8308,0.0000,61.8308,2.0360,0.0000,0.0000,791,741,87660,18.28,799.8
1217,123.7355,68.4446,0.0247,0.0144,3.0228,0.0984,0.0256,81.8804,0.0015,1,0.0449,3.2491,0.0471,0.6663,63.4960,0.0000,63.4960,1.7199,0.0000,0.0000,791,741,87660,18.28,799.8
1218,123.8206,85.0738,0.0477,0.0147,3.3219,0.0844,0.0260,118.2398,0.0018,1,0.0457,3.3971,0.0468,0.8729,61.2957,0.0000,61.2957,1.7155,0.0000,0.0000,791,741,87660,18.07,799.8
1219,123.9423,100.0000,0.0276,0.0205,5.3088,0.0772,0.0265,6.5386,0.0014,1,0.0436,3.4159,0.0456,0.7150,59.6627,0.0000,59.6627,1.7057,0.0000,0.0000,791,741,87660,17.89,799.8
1220,123.9543,12.0090,0.0288,0.0171,3.9202,0.0838,0.0274,60.7331,0.0014,1,0.0462,3.7458,0.0471,0.9748,61.4259,0.0000,61.4259,1.7037,0.0000,0.0000,791,741,87660,17.95,799.8
1221,124.0192,64.8200,0.0318,0.0157,3.8898,0.0787,0.0282,64.2626,0.0018,1,0.0476,4.1289,0.0471,0.7793,64.1304,0.0000,64.1304,1.7057,0.0000,0.0000,791,741,87660,17.94,799.8
1222,124.0875,68.3148,0.1637,0.0179,2.4335,0.0620,0.0218,66.8697,0.0017,1,0.0451,3.5249,0.0465,0.7676,62.8724,0.0000,62.8724,1.6974,0.0000,0.0000,791,741,87660,17.91,799.8
1223,124.1570,69.5771,0.1259,0.0139,3.8119,0.0667,0.0238,136.4068,0.0021,1,0.0456,3.2932,0.0467,0.7660,62.6090,0.0000,62.6090,1.6941,0.0000,0.0000,791,741,87660,17.76,799.8
1224,124.2975,100.0000,0.0318,0.0199,3.1164,0.0764,0.0326,9.2622,0.0014,1,0.0451,3.2788,0.0470,0.6799,63.2852,0.0000,63.2852,1.9856,0.0000,0.0000,791,741,87660,17.59,799.8
1225,124.3101,12.5482,0.0228,0.0157,4.5523,0.0727,0.0258,76.0268,0.0011,1,0.0466,3.4059,0.0471,0.8520,62.4772,0.0000,62.4772,1.7006,0.0000,0.0000,791,741,87660,17.65,799.8
1226,124.3908,80.7238,7.7917,0.0161,18.0797,0.0674,0.0237,97.9373,0.0020,1,0.0456,3.3751,0.0471,0.7015,63.5240,0.0000,63.5240,1.6832,0.0000,0.0000,791,741,87660,17.53,799.8
1227,124.5147,100.0000,0.1969,0.0246,11.9294,0.1150,0.0304,47.8454,0.0013,1,0.0447,4.0030,0.0466,0.7729,65.3900,0.0000,65.3900,1.6898,0.0000,0.0000,791,741,87660,17.39,799.8
1228,124.5749,60.1499,0.1354,0.0144,9.7272,0.2721,0.0326,67.9677,0.0015,1,0.0452,3.6171,0.0472,0.7084,66.4558,0.0000,66.4558,1.6855,0.0000,0.0000,791,741,87660,17.32,799.8
1229,124.6530,78.1575,0.0294,0.0169,4.2559,0.0778,0.0283,37.5352,0.0012,1,0.0440,3.3185,0.0471,0.7457,61.7033,0.0000,61.7033,1.6871,0.0000,0.0000,791,741,87660,17.32,799.8
1230,124.6950,41.9517,0.0205,0.0135,22.0979,0.0621,0.0229,52.4278,0.0013,1,0.0460,3.4434,0.0458,0.7885,63.9499,0.0000,63.9499,1.6967,0.0000,0.0000,791,741,87660,17.24,799.8
1231,124.7696,74.6529,0.2039,0.0149,3.9089,0.0669,0.0535,35.1950,0.0014,1,0.0479,3.5531,0.0463,0.8417,68.7942,0.0000,68.7942,2.1252,0.0000,0.0000,791,741,87660,17.17,799.8
1232,124.8091,39.4506,0.0217,0.0128,3.3835,4.2458,0.0261,103.8211,0.0013,1,0.0426,3.6667,0.0458,0.8479,65.9613,0.0000,65.9613,1.6812,0.0000,0.0000,791,741,87660,17.15,799.8
1233,124.9206,100.0000,0.0239,0.0163,5.1901,0.0623,0.0233,44.1574,0.0013,1,0.0430,3.4360,0.0468,0.8225,66.0230,0.0000,66.0230,1.6717,0.0000,0.0000,791,741,87660,17.00,799.8
1234,124.9701,49.4824,0.0282,0.0178,2.5575,0.0686,0.0226,64.6257,0.0011,1,0.0459,4.3503,0.0476,0.8969,66.2455,0.0000,66.2455,1.8413,0.0000,0.0000,791,741,87660,16.98,799.8
1235,125.0374,67.3288,0.1711,0.0140,10.2847,0.0727,0.0274,60.6160,0.0012,1,0.0446,4.5381,0.0468,0.8356,65.8414,0.0000,65.8414,1.6827,0.0000,0.0000,791,741,87660,16.91,799.8
1236,125.1086,71.1947,0.1380,0.0150,3.0816,0.0681,0.0241,79.3969,0.0013,1,0.1884,4.0105,0.0474,1.1454,66.7739,0.0000,66.7739,1.6665,0.0000,0.0000,791,741,87660,16.91,799.8
1237,125.1913,82.7318,2.0871,0.0154,3.3257,0.0736,0.0220,58.0873,0.0011,1,0.0506,3.6058,0.0457,1.0525,65.9340,0.0000,65.9340,1.8772,0.0000,0.0000,791,741,87660,16.74,799.8
1238,125.2550,63.6188,0.0183,0.0129,3.2607,0.0624,0.0208,67.4592,0.0013,1,0.0467,3.4608,0.0471,0.8069,66.8607,0.0000,66.8607,1.8292,0.0000,0.0000,791,741,87660,16.66,799.8
1239,125.3259,70.9426,0.0232,0.0136,3.3875,0.0678,0.0296,67.9678,0.0014,1,0.0463,4.0080,0.0471,0.7901,65.3321,0.0000,65.3321,1.6709,0.0000,0.0000,791,741,87660,16.66,799.8
1240,125.3974,71.4971,0.0234,0.0191,9.1110,0.0665,0.0239,73.6203,0.0014,1,0.0460,3.5904,0.0457,0.8520,67.5583,0.0000,67.5583,2.0237,0.0000,0.0000,791,741,87660,16.51,799.8
1241,125.4803,82.8728,0.0254,0.0153,8.4686,0.0710,0.0257,57.0787,0.0016,1,0.0438,3.5850,0.0457,1.0129,65.9306,0.0000,65.9306,1.8140,0.0000,0.0000,791,741,87660,16.40,799.8
1242,125.5460,65.6926,0.0253,0.0144,7.2149,0.0621,0.0245,71.8087,0.0014,1,0.0514,3.5405,0.0469,0.8210,64.3670,0.0000,64.3670,1.6611,0.0000,0.0000,791,741,87660,16.33,799.8
1243,125.6251,79.1582,0.0228,0.0151,2.6578,0.0715,0.0248,64.3630,0.0012,1,0.0462,3.4327,0.0471,0.8418,66.6850,0.0000,66.6850,1.6644,0.0000,0.0000,791,741,87660,16.23,799.8
1244,125.6923,67.1625,0.0267,0.0141,2.5384,0.0650,0.0311,73.9028,0.0013,1,0.0452,4.2596,0.0488,0.9970,67.4563,0.0000,67.4563,1.6666,0.0000,0.0000,791,741,87660,16.16,799.8
1245,125.7689,76.5862,0.0212,0.0154,3.8789,0.0699,0.0245,69.1965,0.0017,1,0.0490,3.5932,0.0471,0.8285,66.3207,0.0000,66.3207,1.6553,0.0000,0.0000,791,741,87660,16.07,799.8
1246,125.8421,73.2156,0.0259,0.0155,4.6991,0.0712,0.0249,152.5228,0.0016,1,0.0432,3.9930,0.0471,0.9733,64.3721,0.0000,64.3721,2.0213,0.0000,0.0000,791,741,87660,15.99,799.8
1247,125.9994,100.0000,0.0212,0.0168,10.3084,0.0598,0.0221,4.5948,0.0011,1,0.0439,4.2037,0.0492,0.8706,66.5986,0.0000,66.5986,1.6603,0.0000,0.0000,791,741,87660,15.86,799.8
1248,126.0145,15.0306,0.0224,0.0126,12.5357,0.0649,0.0238,50.8348,0.0014,1,0.0446,3.8543,0.0472,0.9196,64.4598,0.0000,64.4598,1.6598,0.0000,0.0000,791,741,87660,15.90,799.8
1249,126.0780,63.5027,0.2024,0.0151,2.7539,0.0708,0.0246,147.0745,0.0017,1,0.0456,4.6193,0.0471,0.8218,66.5067,0.0000,66.5067,1.6573,0.0000,0.0000,791,741,87660,15.83,799.8
1250,126.2281,100.0000,0.0511,0.0199,11.6079,0.0905,0.0315,5.9253,0.0012,1,0.0444,3.4830,0.0471,0.8583,63.6970,0.0000,63.6970,1.6506,0.0000,0.0000,791,741,87660,15.70,799.8
1251,126.2459,17.7342,0.0213,0.0174,3.3592,0.0793,0.0283,61.0056,0.0014,1,0.0420,3.4356,0.0471,0.7272,64.7902,0.0000,64.7902,1.6492,0.0000,0.0000,791,741,87660,15.73,799.8
1252,126.3104,64.5194,0.0344,0.0171,2.9577,0.0705,0.0258,65.3508,0.0013,1,0.0461,3.8120,0.0471,0.8602,64.9637,0.0000,64.9637,1.8104,0.0000,0.0000,791,741,87660,15.75,799.8
1253,126.3789,68.4657,0.0244,0.0168,5.5630,0.0708,0.0260,76.1429,0.0019,1,0.0433,4.0428,0.0471,0.9627,66.0891,0.0000,66.0891,1.6588,0.0000,0.0000,791,741,87660,15.63,799.8
1254,126.4607,81.8545,0.0380,0.0194,3.7620,0.0842,0.0295,66.2802,0.0017,1,0.0435,3.3733,0.0471,0.7969,66.0378,0.0000,66.0378,1.6527,0.0000,0.0000,791,741,87660,15.53,799.8
1255,126.5309,70.2228,0.0273,0.0166,4.1051,0.0751,0.0255,77.9912,0.0014,1,0.0558,3.5711,0.0469,1.0788,65.2455,0.0000,65.2455,1.6443,0.0000,0.0000,791,741,87660,15.47,799.8
1256,126.6132,82.2497,0.0231,0.0167,3.3695,0.0874,0.0303,62.6595,0.0018,1,0.0473,4.3451,0.0470,0.9563,67.6379,0.0000,67.6379,1.6501,0.0000,0.0000,791,741,87660,15.39,799.8
1257,126.6794,66.1963,0.0244,0.0174,3.2820,0.0793,0.0313,64.7314,0.0014,1,0.0453,3.6119,0.0471,0.8273,65.7701,0.0000,65.7701,1.6501,0.0000,0.0000,791,741,87660,15.40,799.8
1258,126.7476,68.1743,0.0201,0.0146,2.9591,0.0679,0.0242,145.4731,0.0024,1,0.0418,4.3038,0.0510,0.8287,66.7294,0.0000,66.7294,1.6455,0.0000,0.0000,791,741,87660,15.29,799.8
1259,126.8961,100.0000,0.0460,0.0223,3.1823,0.0941,0.0952,8.8493,0.0014,1,0.0450,3.5328,0.0460,0.8166,65.1580,0.0000,65.1580,1.6494,0.0000,0.0000,791,741,87660,15.19,799.9
1260,126.9084,12.2992,0.0222,0.0141,4.0549,0.0637,0.0213,69.1322,0.0015,1,0.0495,4.0393,0.0475,0.8663,67.0845,0.0000,67.0845,1.6382,0.0000,0.0000,791,741,87660,15.27,799.9
1261,126.9818,73.3636,0.0221,0.0134,2.3710,0.0607,0.0216,65.6575,0.0014,1,0.0461,4.6308,0.0473,1.0855,65.6602,0.0000,65.6602,1.6405,0.0000,0.0000,791,741,87660,15.22,799.9
1262,127.2010,100.0000,1.2703,0.0155,46.3136,0.0649,0.0232,105.7263,0.0016,1,0.0454,3.7724,0.0469,1.0051,73.1411,0.0000,73.1411,1.8018,0.0000,0.0000,791,741,87660,15.13,799.9
1263,127.3544,100.0000,0.0313,0.0189,9.6910,0.0898,0.0439,102.8920,0.0019,1,0.0465,4.3918,0.0465,0.8197,68.5572,0.0000,68.5572,1.6341,0.0000,0.0000,791,741,87660,15.13,799.9
1264,127.4672,100.0000,0.9891,0.0215,10.4372,0.0691,0.0239,16.5598,0.0016,1,0.0440,3.5958,0.0496,0.6973,64.2808,0.0000,64.2808,1.6478,0.0000,0.0000,791,741,87660,14.96,799.9
1265,127.4953,28.1102,0.0245,0.0146,3.1468,0.1512,0.0283,119.6672,0.0016,1,0.0457,3.4870,0.0474,0.7683,64.3329,0.0000,64.3329,1.6452,0.0000,0.0000,791,741,87660,15.01,799.9
1266,127.6183,100.0000,0.0381,0.0187,10.4235,0.0664,0.0243,4.8285,0.0013,1,0.0471,4.0894,0.0471,0.8663,62.9712,0.0000,62.9712,1.6309,0.0000,0.0000,791,741,87660,15.01,799.9
1267,127.6337,15.4075,0.0257,0.0150,3.0901,0.0692,0.0267,63.4375,0.0017,1,0.0464,3.5783,0.0467,0.7946,64.0618,0.0000,64.0618,1.6340,0.0000,0.0000,791,741,87660,15.00,799.9
1268,127.7004,66.6732,0.0209,0.0156,3.1845,0.0686,0.0240,132.4536,0.0023,1,0.0434,4.5755,0.0471,0.8912,63.8283,0.0000,63.8283,1.7710,0.0000,0.0000,791,741,87660,15.02,799.9
1269,127.8362,100.0000,0.0338,0.0197,3.6006,0.0883,0.0291,9.1131,0.0012,1,0.0438,3.4795,0.0471,0.7771,63.1478,0.0000,63.1478,1.6382,0.0000,0.0000,791,741,87660,14.96,799.9
1270,127.8491,12.8933,0.0256,0.0170,2.9106,0.0695,0.0259,67.3101,0.0011,1,0.0458,3.6881,0.0468,1.1083,64.3969,0.0000,64.3969,1.6303,0.0000,0.0000,791,741,87660,15.07,799.9
1271,127.9194,70.3666,0.0227,0.0140,2.6592,0.0636,0.0222,62.3304,0.0013,1,0.0449,3.8206,0.0471,1.0301,61.7940,0.0000,61.7940,1.7941,0.0000,0.0000,791,741,87660,15.09,799.9
1272,127.9846,65.1206,0.0250,0.0153,3.3664,0.3150,0.0247,66.3464,0.0014,1,0.0457,3.6747,0.0488,0.8704,63.6728,0.0000,63.6728,1.6316,0.0000,0.0000,791,741,87660,15.13,799.9
1273,128.0547,70.1010,0.1583,0.0136,6.2481,0.6608,0.0242,67.7498,0.0013,1,0.0440,3.6987,0.0475,0.8378,63.8275,0.0000,63.8275,1.6259,0.0000,0.0000,791,741,87660,15.18,799.9
1274,128.1295,74.8636,0.4799,0.0166,4.7805,0.0736,0.0266,116.2178,0.0016,1,0.0457,3.4750,0.0469,0.7461,62.4662,0.0000,62.4662,1.6321,0.0000,0.0000,791,741,87660,15.21,799.9
1275,128.2511,100.0000,0.0318,0.0188,14.5265,0.1060,0.0303,12.4543,0.0014,1,0.0440,3.4104,0.0483,0.7414,65.0419,0.0000,65.0419,1.9166,0.0000,0.0000,791,741,87660,15.21,799.9
1276,128.2783,27.1771,0.0260,0.0151,4.1207,0.1028,0.0279,53.9190,0.0012,1,0.0444,4.1096,0.0467,0.7181,63.2881,0.0000,63.2881,1.6363,0.0000,0.0000,791,741,87660,15.17,799.9
1277,128.3365,58.2198,0.0235,0.0145,2.8842,0.0689,0.0238,66.9877,0.0013,1,0.0460,3.3804,0.0482,0.8322,63.8402,0.0000,63.8402,1.6302,0.0000,0.0000,791,741,87660,15.23,799.9
1278,128.4065,70.0103,0.0223,0.0137,7.4272,0.0652,0.0246,69.7130,0.0012,1,0.0458,3.7684,0.0471,0.9662,63.9740,0.0000,63.9740,1.6239,0.0000,0.0000,791,741,87660,15.28,799.9
1279,128.4838,77.2730,0.0220,0.0141,4.8915,0.0610,0.0212,63.9985,0.0013,1,0.0447,4.6822,0.0475,0.9811,62.9911,0.0000,62.9911,1.8670,0.0000,0.0000,791,741,87660,15.15,799.9
1280,128.5528,69.0161,0.0220,0.0142,2.6008,0.0646,0.0223,79.8207,0.0013,1,0.0449,4.1697,0.0469,0.8187,64.1107,0.0000,64.1107,1.6245,0.0000,0.0000,791,741,87660,15.18,799.9
1281,128.6354,82.5532,0.0278,0.0150,3.5252,0.0684,0.0243,77.3835,0.0015,1,0.0453,3.3931,0.0469,0.7073,64.7393,0.0000,64.7393,1.6277,0.0000,0.0000,791,741,87660,15.21,799.9
1282,128.7164,81.0530,0.0210,0.0167,4.6396,0.1106,0.0312,161.7883,0.0017,1,0.0454,3.3597,0.0492,0.8257,66.1732,0.0000,66.1732,1.6197,0.0000,0.0000,791,741,87660,15.09,799.9
1283,128.8831,100.0000,0.0932,0.0234,4.0718,0.0644,0.0221,148.9264,0.0022,1,0.0450,4.0490,0.0465,0.7665,63.5200,0.0000,63.5200,1.7763,0.0000,0.0000,791,741,87660,15.03,799.9
1284,129.0363,100.0000,0.0317,0.0170,3.6878,0.0836,0.0305,11.5154,0.0016,1,0.0485,3.4611,0.0476,0.7737,63.5668,0.0000,63.5668,1.6297,0.0000,0.0000,791,741,87660,15.03,799.9
1285,129.0516,15.3755,0.0231,0.0162,2.9547,0.0699,0.0254,166.1079,0.0015,1,0.0443,3.3205,0.0471,0.7003,64.7097,0.0000,64.7097,1.6228,0.0000,0.0000,791,741,87660,15.03,799.9
1286,129.2209,100.0000,0.1614,0.0197,17.5809,0.0613,0.0220,88.1675,0.0012,1,0.0443,3.5242,0.0471,0.8076,65.6927,0.0000,65.6927,1.8597,0.0000,0.0000,791,741,87660,14.96,799.9
1287,129.3269,100.0000,0.0229,0.0152,9.6577,0.0671,0.0265,5.9562,0.0011,1,0.0466,3.4120,0.0470,0.8041,64.0852,0.0000,64.0852,1.6257,0.0000,0.0000,791,741,87660,14.90,799.9
1288,129.3426,15.7536,0.0214,0.0139,8.2774,0.0687,0.0240,58.8865,0.0014,1,0.0465,3.8610,0.0467,0.8746,66.2701,0.0000,66.2701,2.0872,0.0000,0.0000,791,741,87660,15.00,799.9
1289,129.4099,67.3011,0.0256,0.0165,10.3002,0.0739,0.0262,57.8090,0.0015,1,0.0458,3.4244,0.0470,0.7041,64.7335,0.0000,64.7335,1.6244,0.0000,0.0000,791,741,87660,15.06,799.9
1290,129.4782,68.2600,0.0260,0.0169,8.0360,0.0817,0.0279,104.5369,0.0015,1,0.0459,3.5425,0.0469,0.8882,63.6503,0.0000,63.6503,1.6265,0.0000,0.0000,791,741,87660,14.95,799.9
1291,129.5909,100.0000,0.0311,0.0141,14.3721,0.0617,0.0219,36.6592,0.0016,1,0.0444,3.7269,0.0468,0.9825,67.0259,0.0000,67.0259,1.7831,0.0000,0.0000,791,741,87660,14.87,799.9
1292,129.6421,51.1695,0.0271,0.0174,3.4847,0.0677,0.0247,96.9790,0.0015,1,0.0459,3.8340,0.0458,0.7229,65.4131,0.0000,65.4131,1.6213,0.0000,0.0000,791,741,87660,14.96,799.9
1293,129.7427,100.0000,0.0243,0.0153,11.4246,0.0624,0.0225,32.7162,0.0013,1,0.0437,3.3010,0.0471,0.6926,64.4423,0.0000,64.4423,1.6206,0.0000,0.0000,791,741,87660,14.82,799.9
1294,129.7870,44.2736,0.0248,0.0159,5.7982,0.0693,0.0233,65.2656,0.0011,1,0.0481,3.4271,0.0488,1.0857,64.7256,0.0000,64.7256,1.8528,0.0000,0.0000,791,741,87660,14.82,799.9
1295,129.8582,71.2051,0.0219,0.0140,4.6202,0.0988,0.0276,99.7037,0.0012,1,0.0476,4.1098,0.0472,0.7323,65.5344,0.0000,65.5344,1.6184,0.0000,0.0000,791,741,87660,14.80,799.9
1296,129.9627,100.0000,0.0216,0.0134,11.9574,0.0632,0.0222,18.9012,0.0012,1,0.0469,3.3919,0.0484,0.8331,64.9917,0.0000,64.9917,1.6179,0.0000,0.0000,791,741,87660,14.76,799.9
1297,129.9937,30.9864,0.0228,0.0142,2.9349,0.0649,0.0217,98.8974,0.0012,1,0.0453,3.5471,0.0468,0.8151,65.3250,0.0000,65.3250,1.6180,0.0000,0.0000,791,741,87660,14.88,799.9
1298,130.0956,100.0000,0.2097,0.0153,10.5755,0.0631,0.0232,47.8543,0.0014,1,0.0522,4.5150,0.0456,0.8667,65.4714,0.0000,65.4714,1.6135,0.0000,0.0000,791,741,87660,14.72,799.9
1299,130.1544,58.7504,0.1487,0.0180,5.3425,0.0707,0.0258,80.3620,0.0013,1,0.0430,3.4167,0.0460,0.7376,64.3178,0.0000,64.3178,1.6192,0.0000,0.0000,791,741,87660,14.71,799.9
1300,130.2403,85.9760,0.0236,0.0138,4.3509,0.0674,0.0258,31.1135,0.0011,1,0.0435,3.6424,0.0486,0.8724,63.7395,0.0000,63.7395,1.6140,0.0000,0.0000,791,741,87660,14.74,799.9
1301,130.2760,35.6028,0.0195,0.0140,2.7930,0.0732,0.0263,65.6213,0.0011,1,0.0439,4.0487,0.0469,0.9093,63.7178,0.0000,63.7178,2.0447,0.0000,0.0000,791,741,87660,14.69,799.9
1302,130.3445,68.5548,0.0242,0.0130,2.7373,0.0646,0.0221,83.7031,0.0016,1,0.0444,3.8291,0.0471,0.8444,63.3690,0.0000,63.3690,1.6259,0.0000,0.0000,791,741,87660,14.67,799.9
1303,130.4311,86.5722,0.0256,0.0163,7.0847,0.0724,0.0268,50.6677,0.0012,1,0.0437,3.2944,0.0471,0.7622,63.3840,0.0000,63.3840,1.6149,0.0000,0.0000,791,741,87660,14.63,799.9
1304,130.4890,57.9011,0.0211,0.0141,6.1297,0.0637,0.0212,96.4760,0.0012,1,0.0434,3.4247,0.0459,0.7621,63.8756,0.0000,63.8756,1.6189,0.0000,0.0000,791,741,87660,14.63,799.9
1305,130.5917,100.0000,0.0206,0.0140,3.1655,0.0658,0.0300,84.9654,0.0015,1,0.0464,4.1067,0.0465,0.8708,64.3089,0.0000,64.3089,1.6264,0.0000,0.0000,791,741,87660,14.63,799.9
1306,130.6800,88.2703,0.0283,0.0155,10.1117,0.0890,0.0324,5.3764,0.0014,1,0.0442,3.8461,0.0472,0.7148,63.2935,0.0000,63.2935,1.7606,0.0000,0.0000,791,741,87660,14.49,799.9
1307,130.6956,15.6615,0.0258,0.0144,2.8153,0.0720,0.0303,91.7837,0.0014,1,0.0448,3.4718,0.0471,0.7396,62.4391,0.0000,62.4391,1.6158,0.0000,0.0000,791,741,87660,14.64,799.9
1308,130.7904,94.7504,0.0224,0.0144,3.6303,0.0659,0.0225,65.2485,0.0015,1,0.0442,3.3587,0.0460,0.7209,62.7793,0.0000,62.7793,1.6057,0.0000,0.0000,791,741,87660,14.50,799.9
1309,130.8594,69.0133,0.0234,0.0158,2.9622,0.0776,0.0712,64.8851,0.0016,1,0.0414,3.3351,0.0471,0.7909,62.6725,0.0000,62.6725,1.6122,0.0000,0.0000,791,741,87660,14.52,799.9
1310,130.9274,68.0442,0.0256,0.0152,5.4893,0.0737,0.0290,65.4037,0.0016,1,0.0464,3.4237,0.0475,0.8213,64.2495,0.0000,64.2495,1.6060,0.0000,0.0000,791,741,87660,14.42,799.9
1311,130.9985,71.0449,0.0191,0.0143,9.3219,0.0663,0.0241,54.3751,0.0015,1,0.0452,4.3892,0.0488,0.9262,62.3735,0.0000,62.3735,1.8469,0.0000,0.0000,791,741,87660,14.42,799.9
1312,131.0623,63.8292,0.2197,0.0159,3.0483,0.0816,0.0267,58.7349,0.0016,1,0.0461,4.8355,0.0471,1.3353,62.6416,0.0000,62.6416,1.6138,0.0000,0.0000,791,741,87660,14.43,799.9
1313,131.1245,62.1358,0.1414,0.0168,3.2053,0.0685,0.0242,121.9535,0.0015,1,0.0423,3.3566,0.0464,0.7857,63.0138,0.0000,63.0138,1.6010,0.0000,0.0000,791,741,87660,14.44,799.9
1314,131.2499,100.0000,0.0285,0.0158,25.4149,0.0808,0.0272,5.7000,0.0015,1,0.0439,3.5507,0.0460,0.7558,64.6091,0.0000,64.6091,1.6106,0.0000,0.0000,791,741,87660,14.39,799.9
1315,131.2812,31.2766,0.0254,0.0172,14.3583,0.0686,0.0257,47.4505,0.0016,1,0.0452,3.9091,0.0471,1.1590,63.3995,0.0000,63.3995,1.8418,0.0000,0.0000,791,741,87660,14.46,799.9
1316,131.3431,61.9550,0.0209,0.0152,3.2271,0.3234,0.0236,68.4843,0.0015,1,0.0470,4.3224,0.0469,0.8684,64.5488,0.0000,64.5488,1.5996,0.0000,0.0000,791,741,87660,14.53,799.9
1317,131.4152,72.1050,0.0266,0.0140,11.2550,0.0626,0.0223,172.2597,0.0014,1,0.0444,3.8051,0.0471,0.8127,65.9319,0.0000,65.9319,1.6033,0.0000,0.0000,791,741,87660,14.42,799.9
1318,131.5989,100.0000,0.1468,0.0185,16.0704,0.0640,0.0236,11.9019,0.0015,1,0.0453,4.0165,0.0475,0.9462,63.3846,0.0000,63.3846,1.8148,0.0000,0.0000,791,741,87660,14.37,799.9
1319,131.6271,28.2348,0.8748,0.0166,55.4847,0.0701,0.0260,41.8720,0.0014,1,0.0444,3.4204,0.0473,0.9417,67.7512,0.0000,67.7512,2.0042,0.0000,0.0000,791,741,87660,14.49,799.9
1320,131.7255,98.3519,0.1396,0.0161,2.9708,0.0721,0.0256,38.0084,0.0014,1,0.0432,4.0073,0.0472,0.7943,68.9004,0.0000,68.9004,1.6147,0.0000,0.0000,791,741,87660,14.34,799.9
1321,131.7667,41.2413,0.2747,0.0174,11.2981,0.0712,0.0260,64.2340,0.0013,1,0.0428,3.9644,0.0471,0.7112,66.4274,0.0000,66.4274,1.6012,0.0000,0.0000,791,741,87660,14.39,799.9
1322,131.8426,75.9297,0.0319,0.0143,3.2803,0.0714,0.0267,71.4645,0.0014,1,0.0447,3.5088,0.0473,1.0160,64.1278,0.0000,64.1278,1.5996,0.0000,0.0000,791,741,87660,14.38,800.0
1323,131.9175,74.8974,0.0245,0.0161,7.1093,0.0578,0.0218,59.7081,0.0016,1,0.0472,3.9982,0.0460,0.8484,65.0826,0.0000,65.0826,1.7739,0.0000,0.0000,791,741,87660,14.37,800.0
1324,131.9845,66.9462,0.0236,0.0137,3.2166,0.1116,0.0320,76.5934,0.0018,1,0.0456,4.1369,0.0471,0.7920,67.2513,0.0000,67.2513,1.6111,0.0000,0.0000,791,741,87660,14.42,800.0
1325,132.0645,79.9996,0.1320,0.0167,2.7915,0.0712,0.0287,66.6063,0.0018,1,0.0444,3.4091,0.0471,0.8337,64.9181,0.0000,64.9181,1.6110,0.0000,0.0000,791,741,87660,14.46,800.0
1326,132.1341,69.6552,0.1710,0.0173,12.2615,0.0756,0.0265,57.5855,0.0016,1,0.0432,4.2787,0.0473,1.1493,65.2636,0.0000,65.2636,2.1401,0.0000,0.0000,791,741,87660,14.36,800.0
1327,132.2043,70.1470,0.0221,0.0173,9.7995,0.0804,0.0275,67.5634,0.0015,1,0.0413,3.2980,0.0484,0.7081,67.7755,0.0000,67.7755,1.5989,0.0000,0.0000,791,741,87660,14.41,800.0
1328,132.2818,77.5193,0.0256,0.0158,3.6358,0.0690,0.0248,66.0110,0.0015,1,0.0480,3.6293,0.0472,1.0260,65.4906,0.0000,65.4906,1.5957,0.0000,0.0000,791,741,87660,14.45,800.0
1329,132.3516,69.7906,0.0294,0.0133,3.2535,0.0640,0.0370,67.4025,0.0014,1,0.0422,3.9000,0.0471,0.9425,65.1837,0.0000,65.1837,1.9964,0.0000,0.0000,791,741,87660,14.50,800.1
1330,132.4224,70.8075,0.0217,0.0140,9.9115,0.0642,0.0227,70.1749,0.0017,1,0.0445,3.4140,0.0473,0.7509,64.7897,0.0000,64.7897,1.6012,0.0000,0.0000,791,741,87660,14.55,800.1
1331,132.5026,80.2179,0.0244,0.0164,3.3421,0.0696,0.0247,64.6704,0.0013,1,0.0460,3.7165,0.0471,1.0741,67.3329,0.0000,67.3329,1.6042,0.0000,0.0000,791,741,87660,14.43,800.1
1332,132.5708,68.1552,0.0211,0.0144,6.4733,0.0774,0.0248,71.1573,0.0013,1,0.0465,4.5172,0.0471,0.7031,66.0029,0.0000,66.0029,1.5972,0.0000,0.0000,791,741,87660,14.49,800.1
1333,132.6485,77.7765,0.0246,0.0151,3.7902,0.0681,0.0262,65.8850,0.0013,1,0.0458,3.6271,0.0471,0.8110,64.7534,0.0000,64.7534,1.6091,0.0000,0.0000,791,741,87660,14.47,800.1
1334,132.8554,100.0000,0.4615,0.0147,7.3243,0.0653,0.0256,6.5863,0.0019,1,0.0450,3.9641,0.0473,0.8242,74.4935,0.0000,74.4935,1.6001,0.0000,0.0000,791,741,87660,14.34,800.1
1335,132.8699,14.4899,0.0767,0.0267,3.2745,0.0882,0.0261,11.2818,0.0015,1,0.0452,3.8199,0.0471,1.0465,71.6788,0.0000,71.6788,1.5884,0.0000,0.0000,791,741,87660,14.43,800.1
1336,132.8847,14.7840,0.0235,0.0157,3.7185,0.0831,0.0341,65.0059,0.0017,1,0.0560,3.7675,0.0471,0.7721,66.4303,0.0000,66.4303,1.6020,0.0000,0.0000,791,741,87660,14.52,800.1
1337,132.9536,68.8909,0.0221,0.0183,3.8130,0.0608,0.0227,73.4460,0.0014,1,0.0452,3.9211,0.0471,1.0065,67.0580,0.0000,67.0580,2.1234,0.0000,0.0000,791,741,87660,14.52,800.1
1338,133.0310,77.3915,0.0321,0.0164,3.3934,0.0753,0.0246,138.9497,0.0020,1,0.0432,3.4539,0.0485,0.7488,65.8281,0.0000,65.8281,1.5908,0.0000,0.0000,791,741,87660,14.53,800.1
1339,133.1735,100.0000,0.1854,0.0216,11.7077,0.0742,0.0259,16.4171,0.0014,1,0.0451,3.6355,0.0474,1.0097,67.3932,0.0000,67.3932,1.9227,0.0000,0.0000,791,741,87660,14.53,800.1
1340,133.2019,28.4401,0.0236,0.0152,3.0785,0.0747,0.0264,59.4519,0.0020,1,0.0446,3.5597,0.0459,0.8458,66.7643,0.0000,66.7643,1.9557,0.0000,0.0000,791,741,87660,14.50,800.1
1341,133.2647,62.7285,0.0256,0.0169,5.1759,0.0707,0.0261,139.6211,0.0024,1,0.4029,4.2938,0.0471,0.8733,66.3567,0.0000,66.3567,1.5996,0.0000,0.0000,791,741,87660,14.51,800.1
1342,133.4096,100.0000,0.0336,0.0253,14.7432,0.0687,0.0251,15.0647,0.0017,1,0.0443,3.4398,0.0471,0.7271,67.3616,0.0000,67.3616,1.7469,0.0000,0.0000,791,741,87660,14.45,800.1
1343,133.4396,29.9701,0.0256,0.0161,3.1697,0.0690,0.0248,47.4125,0.0016,1,0.0441,3.5756,0.0467,0.8392,65.2746,0.0000,65.2746,1.5886,0.0000,0.0000,791,741,87660,14.52,800.1
1344,133.4903,50.7276,0.0286,0.0181,4.5246,0.0775,0.0274,143.8195,0.0023,1,0.0435,3.8507,0.0457,0.7426,66.1846,0.0000,66.1846,1.9573,0.0000,0.0000,791,741,87660,14.61,800.1
1345,133.6388,100.0000,0.0329,0.0207,3.6430,0.0868,0.0306,11.5765,0.0017,1,0.0447,3.6619,0.0467,0.7598,67.3424,0.0000,67.3424,1.5892,0.0000,0.0000,791,741,87660,14.45,800.1
1346,133.6542,15.4002,0.0252,0.0153,3.2782,0.0729,0.0263,165.0403,0.0017,1,0.0451,3.3733,0.0481,0.7803,66.6894,0.0000,66.6894,1.5929,0.0000,0.0000,791,741,87660,14.57,800.1
1347,133.8227,100.0000,0.0323,0.0180,15.2649,0.0722,0.0274,82.1108,0.0018,1,0.0441,3.3567,0.0461,0.7168,65.7540,0.0000,65.7540,1.9809,0.0000,0.0000,791,741,87660,14.57,800.1
1348,133.9202,97.5368,0.0274,0.0205,3.4698,0.0878,0.2641,13.9996,0.0016,1,0.0438,3.4310,0.0475,0.7638,65.3503,0.0000,65.3503,1.5908,0.0000,0.0000,791,741,87660,14.50,800.1
1349,133.9381,17.8790,0.0254,0.0158,3.6414,0.0691,0.0244,129.1732,0.0020,1,0.0437,3.5742,0.0468,0.8329,64.2897,0.0000,64.2897,1.5910,0.0000,0.0000,791,741,87660,14.61,800.1
1350,134.0711,100.0000,0.0273,0.0201,7.5782,0.0695,0.0252,11.2502,0.0030,1,0.0457,3.5271,0.0471,0.8972,64.3722,0.0000,64.3722,1.5890,0.0000,0.0000,791,741,87660,14.51,800.1
1351,134.0901,18.9859,0.6365,0.0221,13.5104,0.0687,0.0241,85.0698,0.0013,1,0.0441,3.3500,0.0470,0.7557,64.9030,0.0000,64.9030,1.5894,0.0000,0.0000,791,741,87660,14.61,800.1
1352,134.1894,99.3398,0.1115,0.0150,2.6458,0.0621,0.0221,43.9082,0.0016,1,0.0450,3.4307,0.0471,0.8417,65.8369,0.0000,65.8369,1.5976,0.0000,0.0000,791,741,87660,14.50,800.1
1353,134.2362,46.7725,0.3276,0.0145,3.8213,0.0644,0.0236,95.8032,0.0012,1,0.0465,4.8306,0.0485,0.9605,65.6606,0.0000,65.6606,1.5917,0.0000,0.0000,791,741,87660,14.59,800.1
1354,134.3362,100.0000,0.0222,0.0145,2.6863,0.0696,0.0340,34.4862,0.0014,1,0.0444,3.4126,0.0468,0.7278,65.3720,0.0000,65.3720,1.5931,0.0000,0.0000,791,741,87660,14.50,800.1
1355,134.3736,37.3210,0.0612,0.0142,2.4914,0.2792,0.0230,67.2183,0.0013,1,0.0458,3.5517,0.0470,0.8826,62.6108,0.0000,62.6108,1.5902,0.0000,0.0000,791,741,87660,14.56,800.1
1356,134.4436,70.0956,0.0852,0.0151,11.3157,0.0731,0.0302,65.7857,0.0015,1,0.2312,3.8922,0.0475,0.8740,63.8770,0.0000,63.8770,1.5951,0.0000,0.0000,791,741,87660,14.56,800.1
1357,134.5210,77.3136,0.0211,0.0141,3.7867,0.0723,0.0238,94.4588,0.0015,1,0.0449,5.0026,0.0475,0.8067,63.5871,0.0000,63.5871,1.5908,0.0000,0.0000,791,741,87660,14.57,800.1
1358,134.6193,98.3854,0.0218,0.0153,6.0018,0.0653,0.0244,84.5293,0.0016,1,0.0431,3.4555,0.0471,0.7231,64.6412,0.0000,64.6412,1.5768,0.0000,0.0000,791,741,87660,14.51,800.1
1359,134.7100,90.6682,0.0233,0.0178,13.9655,0.0716,0.0267,18.2176,0.0020,1,0.0448,3.3542,0.0473,0.8229,65.0742,0.0000,65.0742,1.5986,0.0000,0.0000,791,741,87660,14.47,800.1
1360,134.7423,32.3339,0.0365,0.0163,16.5057,0.0747,0.0262,45.7435,0.0014,1,0.0444,4.2168,0.2392,0.8110,64.2782,0.0000,64.2782,2.0437,0.0000,0.0000,791,741,87660,14.54,800.1
1361,134.8048,62.4118,0.1005,0.0162,3.1848,0.0738,0.0268,70.6172,0.0018,1,0.0430,3.3633,0.0474,0.7148,64.4979,0.0000,64.4979,1.5831,0.0000,0.0000,791,741,87660,14.58,800.1
1362,134.8788,74.0291,0.0313,0.0177,9.8107,0.0722,0.0259,52.8992,0.0016,1,0.0441,3.3526,0.0477,0.7270,62.8413,0.0000,62.8413,1.5888,0.0000,0.0000,791,741,87660,14.56,800.1
1363,134.9417,62.8656,0.0259,0.0151,3.6654,0.0723,0.0238,153.4085,0.0024,1,0.0440,3.5974,0.0467,0.8233,63.3363,0.0000,63.3363,1.5935,0.0000,0.0000,791,741,87660,14.59,800.1
1364,135.0989,100.0000,5.7484,0.0159,3.4479,0.0621,0.0223,4.8023,0.0012,1,0.0463,4.3726,0.0469,1.0220,64.8631,0.0000,64.8631,2.0940,0.0000,0.0000,791,741,87660,14.53,800.1
1365,135.1130,14.1544,0.9425,7.5657,9.1884,0.0643,0.0226,62.7086,0.0012,1,0.0461,3.7864,0.0468,0.8231,64.4239,0.0000,64.4239,1.5874,0.0000,0.0000,791,741,87660,14.64,800.1
1366,135.1935,80.5014,0.0193,0.0133,3.0909,0.0648,0.0251,50.0563,0.0012,1,0.0448,4.0324,0.0471,0.8520,65.5692,0.0000,65.5692,1.5837,0.0000,0.0000,791,741,87660,14.63,800.1
1367,135.2468,53.2774,0.0247,0.0153,8.8924,0.0635,0.0245,63.8550,0.0014,1,0.0447,3.4745,0.0471,0.7399,63.1356,0.0000,63.1356,1.5795,0.0000,0.0000,791,741,87660,14.72,800.1
1368,135.3197,72.8843,0.0242,0.0148,5.3298,0.0716,0.0236,66.8341,0.0012,1,0.0430,3.5131,0.0471,0.7619,63.2256,0.0000,63.2256,1.5837,0.0000,0.0000,791,741,87660,14.61,800.1
1369,135.3920,72.3060,0.0229,0.0138,3.0342,0.0635,0.0243,66.0155,0.0011,1,0.0444,3.4636,0.0504,0.8391,64.2387,0.0000,64.2387,1.5908,0.0000,0.0000,791,741,87660,14.60,800.1
1370,135.4612,69.1813,0.0319,0.0144,3.8927,0.0653,0.0227,65.0337,0.0014,1,0.0449,4.2160,0.0492,1.0321,64.4655,0.0000,64.4655,1.5785,0.0000,0.0000,791,741,87660,14.65,800.1
1371,135.5303,69.0690,0.0247,0.0156,2.8271,0.0681,0.0258,79.8182,0.0013,1,0.0440,3.3672,0.0457,0.7577,63.7376,0.0000,63.7376,1.5870,0.0000,0.0000,791,741,87660,14.56,800.1
1372,135.6130,82.7879,0.0204,0.0156,14.2598,0.0736,0.0251,120.3295,0.0016,1,0.0440,3.3280,0.0471,0.7608,64.3914,0.0000,64.3914,1.5821,0.0000,0.0000,791,741,87660,14.53,800.1
1373,135.7478,100.0000,0.0310,0.0171,11.6804,0.0635,0.0244,138.0802,0.0020,1,0.0452,3.4702,0.0471,0.8623,64.4266,0.0000,64.4266,1.5826,0.0000,0.0000,791,741,87660,14.47,800.1
1374,135.8977,100.0000,0.0268,0.0169,3.9225,0.3065,0.0271,12.5243,0.0013,1,0.0475,3.5100,0.0471,0.9345,64.9211,0.0000,64.9211,1.5796,0.0000,0.0000,791,741,87660,14.44,800.1
1375,135.9145,16.8327,0.0214,0.0154,2.8738,0.0700,0.0247,214.4291,0.0016,1,0.0451,3.3616,0.0474,0.9933,64.1490,0.0000,64.1490,1.5749,0.0000,0.0000,791,741,87660,14.53,800.1
1376,136.1320,100.0000,0.0394,0.0145,2.9859,0.0817,0.1664,114.9444,0.0014,1,0.0455,3.7929,0.0487,0.8028,65.9229,0.0000,65.9229,1.5690,0.0000,0.0000,791,741,87660,14.50,800.1
1377,136.2502,100.0000,0.1279,0.0134,6.8829,0.0795,0.0241,10.4760,0.0012,1,0.0460,4.0251,0.0471,0.9101,66.6963,0.0000,66.6963,1.8892,0.0000,0.0000,791,741,87660,14.44,800.1
1378,136.2678,17.6204,0.2055,0.0150,10.0965,0.0711,0.0278,105.7678,0.0011,1,0.0457,3.4254,0.0486,0.8056,65.8235,0.0000,65.8235,1.5724,0.0000,0.0000,791,741,87660,14.53,800.1
1379,136.3840,100.0000,0.0230,0.0201,7.0556,0.0674,0.0253,139.9968,0.0018,1,0.0451,3.8091,0.0471,0.8282,67.0134,0.0000,67.0134,1.5744,0.0000,0.0000,791,741,87660,14.53,800.1
1380,136.5312,100.0000,0.0276,0.0186,11.7778,0.0651,0.0247,123.6216,0.0020,1,0.0455,4.3001,0.0480,0.9705,68.5168,0.0000,68.5168,1.8834,0.0000,0.0000,791,741,87660,14.38,800.1
1381,136.6668,100.0000,0.0278,0.0186,16.1700,3.9947,0.0284,27.6749,0.0012,1,0.0452,3.6394,0.0471,0.7146,65.2581,0.0000,65.2581,1.5683,0.0000,0.0000,791,741,87660,14.33,800.1
1382,136.7147,47.9222,0.0252,0.0153,5.4385,0.0706,0.0254,41.0232,0.0014,1,0.0464,3.4231,0.0471,0.8929,63.9714,0.0000,63.9714,1.5783,0.0000,0.0000,791,741,87660,14.42,800.1
1383,136.7613,46.6071,0.0630,0.0160,4.4929,0.0854,0.0284,117.1483,0.0015,1,0.0471,3.5685,0.0474,0.7919,65.8988,0.0000,65.8988,2.0443,0.0000,0.0000,791,741,87660,14.52,800.1
1384,136.8831,100.0000,0.0287,0.0139,13.8113,0.0662,0.0230,5.8129,0.0014,1,0.0445,4.0321,0.0473,0.7549,66.1293,0.0000,66.1293,1.5743,0.0000,0.0000,791,741,87660,14.52,800.0
1385,136.9029,19.7639,0.0235,0.0178,7.0196,0.0986,0.0253,93.3840,0.0017,1,0.0463,3.4935,0.0471,0.8356,64.9420,0.0000,64.9420,1.5751,0.0000,0.0000,791,741,87660,14.53,800.0
1386,137.0035,100.0000,0.0232,0.0161,230.6503,0.0594,0.0221,21.6795,0.0035,1,0.2303,4.5744,0.0473,0.8847,65.3969,0.0000,65.3969,1.7734,0.0000,0.0000,791,741,87660,14.53,800.0
1387,137.2559,100.0000,0.0319,0.0196,12.4850,0.0625,0.0224,99.9656,0.0013,1,0.0460,3.6249,0.0471,0.9114,68.7756,0.0000,68.7756,1.5669,0.0000,0.0000,791,741,87660,14.38,800.0
1388,137.3685,100.0000,0.2260,0.0230,3.0289,0.0897,1.0745,13.6051,0.0015,1,0.0479,4.7124,0.0491,0.9052,66.1723,0.0000,66.1723,1.5707,0.0000,0.0000,791,741,87660,14.33,800.0
1389,137.3866,18.0561,0.1320,0.0147,33.0108,0.9773,0.0247,152.9471,0.0034,1,0.0468,3.6191,0.0472,0.8837,67.9609,0.0000,67.9609,1.5769,0.0000,0.0000,791,741,87660,14.47,800.0
1390,137.5737,100.0000,0.0337,0.0180,77.6722,0.3983,0.0264,16.6255,0.0013,1,0.0448,4.4957,0.0484,0.8001,68.3306,0.0000,68.3306,1.5680,0.0000,0.0000,791,741,87660,14.32,800.0
1391,137.6685,94.7840,0.0309,0.0153,17.6518,0.0828,0.0284,17.1016,0.0015,1,0.0439,3.6049,0.0471,0.9218,66.5958,0.0000,66.5958,1.9192,0.0000,0.0000,791,741,87660,14.28,800.0
1392,137.7034,34.9194,0.0238,0.0158,36.8718,0.0694,0.0252,144.0868,0.0012,1,0.0468,4.2410,0.0471,0.8862,65.9484,0.0000,65.9484,1.5726,0.0000,0.0000,791,741,87660,14.33,800.0
1393,137.8845,100.0000,0.0207,0.0141,3.5592,0.0655,0.0246,10.1579,0.0012,1,0.0447,4.6492,0.0477,0.9919,68.8665,0.0000,68.8665,1.5682,0.0000,0.0000,791,741,87660,14.28,800.0
1394,137.8984,13.8500,0.0743,0.0160,4.5832,0.0763,0.0307,116.8805,0.0014,1,0.0518,4.1272,0.0492,1.0200,66.6571,0.0000,66.6571,1.5673,0.0000,0.0000,791,741,87660,14.38,800.0
1395,138.0200,100.0000,0.0249,0.0167,31.9619,0.0650,0.0245,15.7599,0.0011,1,0.0444,3.3811,0.0470,0.7071,67.1621,0.0000,67.1621,1.5642,0.0000,0.0000,791,741,87660,14.38,800.0
1396,138.0679,47.8602,0.0195,0.0129,5.2017,0.0660,0.0241,64.1183,0.0012,1,0.0441,3.9603,0.0472,0.8319,66.5424,0.0000,66.5424,1.9667,0.0000,0.0000,791,741,87660,14.35,800.0
1397,138.1373,69.4500,0.7166,0.0148,16.0306,0.0629,0.0243,68.1755,0.0012,1,0.0430,4.1231,0.0472,0.7419,66.0691,0.0000,66.0691,1.5578,0.0000,0.0000,791,741,87660,14.33,800.0
1398,138.2224,85.0365,0.1298,0.0146,2.9123,0.0763,0.0242,46.5404,0.0014,1,0.0446,3.4695,0.0476,0.8806,65.3090,0.0000,65.3090,1.5685,0.0000,0.0000,791,741,87660,14.30,800.0
1399,138.2721,49.7056,0.0294,0.0149,13.4051,0.0623,0.0226,87.2555,0.0012,1,0.0457,4.0295,0.0473,0.9194,66.1019,0.0000,66.1019,1.9724,0.0000,0.0000,791,741,87660,14.35,800.0
1400,138.3729,100.0000,0.0200,0.0147,4.5526,8.3526,0.0350,69.2613,0.0014,1,0.0428,3.7240,0.0470,0.7168,65.3737,0.0000,65.3737,1.5643,0.0000,0.0000,791,741,87660,14.30,800.0
1401,138.4551,82.2455,0.0248,0.0158,3.4590,0.0653,0.0225,16.3726,0.0013,1,0.0436,3.5882,0.0469,0.8457,64.5305,0.0000,64.5305,1.5647,0.0000,0.0000,791,741,87660,14.30,800.0
1402,138.4751,19.9685,0.0572,0.0173,8.2948,0.0692,0.0272,89.2268,0.0013,1,0.0454,4.4145,0.0472,1.0721,66.6955,0.0000,66.6955,1.8695,0.0000,0.0000,791,741,87660,14.40,800.0
1403,138.5728,97.7012,0.0241,0.0148,3.0669,0.0670,0.0240,98.3562,0.0012,1,0.0435,3.2916,0.0466,0.7884,65.9526,0.0000,65.9526,1.5633,0.0000,0.0000,791,741,87660,14.40,800.0
1404,138.6744,100.0000,0.0477,0.0205,3.6318,0.0658,0.0234,28.7131,0.0012,1,0.0444,3.3854,0.0471,0.8190,69.2003,0.0000,69.2003,1.9637,0.0000,0.0000,791,741,87660,14.40,800.0
1405,138.7069,32.5107,0.0208,0.0176,3.3944,0.0614,0.0225,110.6369,0.0013,1,0.0428,3.8724,0.0475,0.8029,66.5987,0.0000,66.5987,1.5649,0.0000,0.0000,791,741,87660,14.38,800.0
1406,138.8210,100.0000,0.0284,0.0139,3.2174,0.2311,0.0234,65.8761,0.0017,1,0.0449,3.7539,0.0482,0.8932,65.4374,0.0000,65.4374,1.5648,0.0000,0.0000,791,741,87660,14.38,800.0
1407,140.4012,100.0000,5.6243,0.0149,2.9454,0.0552,0.0209,6.3219,0.0021,1,0.0448,4.1527,0.0471,0.8774,66.8764,0.0000,66.8764,1.5689,0.0000,0.0000,791,741,87660,14.38,800.0
1408,140.4162,14.9936,0.0289,0.0189,8.3196,0.0599,0.0229,72.1125,0.0017,1,0.0444,3.5107,0.0471,0.6933,65.7587,0.0000,65.7587,1.5621,0.0000,0.0000,791,741,87660,14.38,800.0
1409,140.4968,80.5723,0.0311,0.0375,4.4190,0.0667,0.0246,10.0226,0.0012,1,0.0506,4.2507,0.0469,1.3861,64.3156,0.0000,64.3156,2.0169,0.0000,0.0000,791,741,87660,14.35,800.0
1410,140.5114,14.6094,0.0245,0.0145,3.7153,0.0881,0.0225,337.3991,0.0020,1,0.0456,3.6506,0.0471,0.8436,67.0898,0.0000,67.0898,1.5702,0.0000,0.0000,791,741,87660,14.45,800.0
1411,140.8527,100.0000,0.4222,0.0163,10.5068,0.0628,0.0230,33.0520,0.0017,1,0.0439,4.0090,0.0488,0.7956,66.8911,0.0000,66.8911,1.5590,0.0000,0.0000,791,741,87660,14.45,800.0
1412,140.8968,44.0934,0.2443,0.0214,4.8497,0.0662,0.0261,11.7780,0.0012,1,0.0550,4.0619,0.0486,0.9356,66.3747,0.0000,66.3747,1.9044,0.0000,0.0000,791,741,87660,14.46,800.0
1413,140.9138,16.9944,0.1897,0.0160,4.5001,0.0710,0.0278,581.1262,0.0015,1,0.0450,3.5742,0.0471,0.8868,67.8995,0.0000,67.8995,1.5645,0.0000,0.0000,791,741,87660,14.60,800.0
1414,141.4997,100.0000,12.6362,0.0160,3.2769,0.0694,0.0255,331.2742,0.0021,1,0.0486,3.9968,0.0476,0.8467,67.5386,0.0000,67.5386,1.5623,0.0000,0.0000,791,741,87660,14.51,800.0
1415,141.8470,100.0000,0.0381,0.0183,2.9068,0.0717,0.0297,5.4158,0.0015,1,0.0431,3.3236,0.0471,0.7253,65.6140,0.0000,65.6140,1.5548,0.0000,0.0000,791,741,87660,14.46,800.1
1416,141.8555,8.4889,0.0237,0.0154,5.6409,0.0590,0.0202,89.9439,0.0015,1,0.0456,3.4447,0.0477,0.7270,61.4502,0.0000,61.4502,1.5566,0.0000,0.0000,791,741,87660,14.62,800.1
1417,141.9512,95.7129,0.0226,0.0164,2.8265,0.0705,0.0336,82.4923,0.0014,1,0.0456,3.4015,0.0471,0.7662,61.4113,0.0000,61.4113,1.5578,0.0000,0.0000,791,741,87660,14.50,800.1
1418,142.0367,85.4702,1.3247,0.0174,14.7663,0.0879,0.0320,10.9811,0.0016,1,0.0425,3.4145,0.0471,0.7590,61.6643,0.0000,61.6643,1.5460,0.0000,0.0000,791,741,87660,14.53,800.1
1419,142.0639,27.2183,0.0252,0.0155,3.2144,0.1086,0.0276,101.1798,0.0014,1,0.0438,3.4019,0.0466,0.8614,62.5634,0.0000,62.5634,1.5521,0.0000,0.0000,791,741,87660,14.58,800.1
1420,142.1685,100.0000,0.1948,0.0167,5.1863,0.2445,0.0256,27.9950,0.0013,1,0.0459,3.5538,0.0471,1.0467,61.8801,0.0000,61.8801,1.5650,0.0000,0.0000,791,741,87660,14.56,800.1
1421,142.2022,33.6713,0.1831,0.0170,5.1724,0.0693,0.0309,77.3877,0.0013,1,0.0461,4.1485,0.0468,0.8684,62.8692,0.0000,62.8692,1.7751,0.0000,0.0000,791,741,87660,14.56,800.1
1422,142.2850,82.8693,0.0211,0.0150,3.0454,0.0667,0.0243,48.1091,0.0012,1,0.0436,3.5416,0.0457,0.8353,63.2715,0.0000,63.2715,1.5596,0.0000,0.0000,791,741,87660,14.54,800.1
1423,142.3363,51.2896,0.0249,0.0146,2.8354,0.1211,0.0263,73.9405,0.0015,1,0.0427,3.3061,0.0452,0.7052,61.8900,0.0000,61.8900,1.5530,0.0000,0.0000,791,741,87660,14.60,800.1
1424,142.4133,76.9720,0.0302,0.0153,3.5766,0.0701,0.0253,68.0458,0.0015,1,0.0438,3.4084,0.0471,0.7459,62.9515,0.0000,62.9515,1.5525,0.0000,0.0000,791,741,87660,14.57,800.1
1425,142.4851,71.7716,0.0233,0.0177,3.0594,0.0678,0.0260,63.4697,0.0015,1,0.0436,3.2788,0.0471,0.7025,61.2609,0.0000,61.2609,1.5508,0.0000,0.0000,791,741,87660,14.62,800.1
1426,142.5517,66.6730,0.0251,0.0164,3.0153,0.0906,0.0273,61.4904,0.0014,1,0.0436,3.4314,0.0474,0.8292,61.7541,0.0000,61.7541,1.5478,0.0000,0.0000,791,741,87660,14.65,800.1
1427,142.6164,64.6737,0.0223,0.0146,3.6601,0.1526,0.0260,77.4803,0.0012,1,0.0459,3.4483,0.0471,0.7574,61.6740,0.0000,61.6740,1.5482,0.0000,0.0000,791,741,87660,14.57,800.1
1428,142.6978,81.3643,0.0249,0.0186,2.7524,0.0703,0.0307,61.8447,0.0016,1,0.0445,3.3341,0.0476,1.0807,62.4238,0.0000,62.4238,1.5541,0.0000,0.0000,791,741,87660,14.59,800.1
1429,142.7625,64.7506,0.0224,0.0145,2.9164,0.0619,0.0265,66.7788,0.0013,1,0.0445,3.8282,0.0466,0.9504,60.8838,0.0000,60.8838,1.5571,0.0000,0.0000,791,741,87660,14.60,800.1
1430,142.8324,69.8282,0.0224,0.0147,4.1642,0.0998,0.0372,70.6324,0.0364,1,0.0436,3.5657,0.0467,0.7210,62.1783,0.0000,62.1783,1.8211,0.0000,0.0000,791,741,87660,14.60,800.1
1431,142.9075,75.1104,1.0059,0.3020,26.4405,0.1031,0.0400,17.1187,0.0017,1,0.0425,3.2871,0.0468,0.6975,62.3835,0.0000,62.3835,1.5498,0.0000,0.0000,791,741,87660,14.59,800.1
1432,142.9525,45.0518,0.0346,0.0162,3.3069,0.0627,0.0246,70.0390,0.0012,1,0.0449,3.3383,0.0485,0.8658,62.0666,0.0000,62.0666,1.5528,0.0000,0.0000,791,741,87660,14.62,800.1
1433,143.0260,73.4921,0.0269,0.0156,4.7165,0.0977,0.0273,107.4091,0.0016,1,0.0460,3.5041,0.0471,0.7841,61.9364,0.0000,61.9364,1.5436,0.0000,0.0000,791,741,87660,14.60,800.1
1434,143.1383,100.0000,0.2259,0.0234,4.1205,0.0755,0.0280,20.8007,0.0020,1,0.0440,3.3858,0.0474,0.6656,62.1369,0.0000,62.1369,1.5539,0.0000,0.0000,791,741,87660,14.60,800.1
1435,143.1636,25.2854,0.1509,0.0168,5.3340,0.0840,0.0293,63.2386,0.0017,1,0.0439,3.3690,0.0468,0.7364,60.9278,0.0000,60.9278,1.5467,0.0000,0.0000,791,741,87660,14.61,800.1
1436,143.2325,68.8629,0.4321,0.0169,4.6536,0.0756,0.0262,66.6383,0.0014,1,0.0453,3.4755,0.0469,0.7475,62.7136,0.0000,62.7136,1.5506,0.0000,0.0000,791,741,87660,14.60,800.1
1437,143.3043,71.8509,0.0186,0.0146,5.7265,0.0690,0.0241,62.9857,0.0020,1,0.0451,3.5167,0.0466,0.8837,63.1611,0.0000,63.1611,1.5498,0.0000,0.0000,791,741,87660,14.60,800.1
1438,143.3732,68.8483,0.0209,0.0158,2.8269,0.0672,0.0240,64.2903,0.0013,1,0.1800,4.8824,0.0485,0.8192,62.5756,0.0000,62.5756,1.9487,0.0000,0.0000,791,741,87660,14.66,800.1
1439,143.4404,67.2533,0.0249,0.0156,3.3733,0.0713,0.1932,64.9768,0.0012,1,0.0492,3.7052,0.0470,0.8335,63.0070,0.0000,63.0070,1.5499,0.0000,0.0000,791,741,87660,14.59,800.1
1440,143.5091,68.6634,0.0310,0.0165,3.2092,2.2239,0.0368,61.6379,0.0014,1,0.0478,3.4695,0.0460,0.7107,61.3736,0.0000,61.3736,1.5464,0.0000,0.0000,791,741,87660,14.64,800.1
1441,143.5762,67.1645,0.0250,0.0166,6.3731,0.0693,0.0254,62.7669,0.0016,1,0.0438,3.4720,0.0473,1.0215,62.0964,0.0000,62.0964,1.5448,0.0000,0.0000,791,741,87660,14.59,800.1
1442,143.6456,69.2984,0.0262,0.0167,4.8292,0.0759,0.0261,67.1153,0.0014,1,0.0463,3.6851,0.0476,0.8572,62.8504,0.0000,62.8504,1.5396,0.0000,0.0000,791,741,87660,14.60,800.1
1443,143.7177,72.0977,0.0301,0.0216,3.4585,0.0737,0.0270,141.7325,0.0011,1,0.0441,3.4684,0.0472,0.9173,63.5698,0.0000,63.5698,1.6872,0.0000,0.0000,791,741,87660,14.61,800.1
1444,143.8630,100.0000,0.0209,0.0143,6.1157,0.0626,0.0212,5.4311,0.0013,1,0.0441,4.2815,0.1863,0.7823,61.8641,0.0000,61.8641,1.5474,0.0000,0.0000,791,741,87660,14.55,800.1
1445,143.8747,11.6739,0.0300,0.0135,10.9316,0.0627,0.0233,52.7919,0.0014,1,0.0471,3.4393,0.0471,0.9195,61.5905,0.0000,61.5905,1.5432,0.0000,0.0000,791,741,87660,14.67,800.1
1446,143.9385,63.8610,0.0251,0.0145,3.5097,0.0691,0.0241,67.0628,0.0012,1,0.0420,3.4706,0.0468,1.0691,61.8624,0.0000,61.8624,1.5460,0.0000,0.0000,791,741,87660,14.68,800.1
1447,144.0092,70.7136,0.0247,0.0158,3.4753,0.0681,0.0245,61.3523,0.0016,1,0.0445,3.9921,0.0465,1.0265,63.1180,0.0000,63.1180,1.8034,0.0000,0.0000,791,741,87660,14.68,800.1
1448,144.0742,64.9699,0.1545,0.0152,2.7825,0.0744,0.0250,64.3417,0.0017,1,0.0432,3.8753,0.0467,0.7333,62.3888,0.0000,62.3888,1.5519,0.0000,0.0000,791,741,87660,14.70,800.2
1449,144.1416,67.4021,0.1704,0.0172,3.4917,0.0732,0.0257,66.6387,0.0012,1,0.0435,3.2883,0.0460,0.7494,62.7888,0.0000,62.7888,1.5417,0.0000,0.0000,791,741,87660,14.71,800.2
1450,144.2121,70.4248,0.0226,0.0164,5.9531,0.0705,0.0262,61.1112,0.0013,1,0.0434,3.3201,0.0471,0.6728,62.8097,0.0000,62.8097,1.5352,0.0000,0.0000,791,741,87660,14.71,800.2
1451,144.2793,67.2089,0.0265,0.0157,5.2066,0.0663,0.0241,62.9316,0.0014,1,0.0437,3.2377,0.0488,0.6981,61.5482,0.0000,61.5482,1.5387,0.0000,0.0000,791,741,87660,14.73,800.2
1452,144.3475,68.2794,0.0240,0.0154,6.3236,0.0675,0.0254,100.4235,0.0013,1,0.0442,3.3321,0.0477,0.7056,63.2579,0.0000,63.2579,1.5377,0.0000,0.0000,791,741,87660,14.73,800.2
1453,144.4544,100.0000,0.0224,0.0155,3.0616,0.0621,0.0229,103.4940,0.0020,1,0.0445,3.5746,0.0471,0.7481,63.6764,0.0000,63.6764,1.5319,0.0000,0.0000,791,741,87660,14.69,800.2
1454,144.5611,100.0000,0.0298,0.0202,8.5988,0.0806,0.0259,6.9064,0.0015,1,0.0429,4.3641,0.0462,0.8090,61.4799,0.0000,61.4799,1.8365,0.0000,0.0000,791,741,87660,14.69,800.2
1455,144.5768,15.6705,0.0245,0.0159,2.9932,0.0632,0.0290,60.8546,0.0015,1,0.0441,3.3895,0.0469,0.6978,64.6702,0.0000,64.6702,1.5233,0.0000,0.0000,791,741,87660,14.69,800.2
1456,144.6408,63.9889,0.0332,0.0208,2.8978,0.0706,0.0357,65.0863,0.0011,1,0.0462,4.0950,0.0483,0.9410,62.0521,0.0000,62.0521,1.7574,0.0000,0.0000,791,741,87660,14.60,800.2
1457,144.7089,68.1536,0.0211,0.0170,3.3169,0.0697,0.0254,63.1459,0.0010,1,0.0467,3.4004,0.0471,0.6767,62.1691,0.0000,62.1691,1.5435,0.0000,0.0000,791,741,87660,14.60,800.2
1458,144.7755,66.6025,0.0195,0.0129,2.6532,0.0632,0.0233,65.2998,0.0014,1,0.0465,3.3204,0.0468,0.7301,61.9332,0.0000,61.9332,1.5358,0.0000,0.0000,791,741,87660,14.62,800.2
1459,144.8436,68.0799,0.0242,0.0161,3.0661,0.0632,0.0244,67.4944,0.0015,1,0.0431,3.3028,0.0462,0.7353,61.6472,0.0000,61.6472,1.5379,0.0000,0.0000,791,741,87660,14.68,800.2
1460,144.9143,70.6970,0.0291,0.0172,6.1303,0.0759,0.0273,95.2437,0.0013,1,0.0454,3.8608,0.0471,0.6943,62.7545,0.0000,62.7545,1.5444,0.0000,0.0000,791,741,87660,14.60,800.2
1461,145.0158,100.0000,0.0203,0.0705,11.9385,0.1133,0.0431,39.5909,0.0011,1,0.0440,3.2209,0.0471,0.6930,61.2229,0.0000,61.2229,1.5334,0.0000,0.0000,791,741,87660,14.54,800.2
1462,145.0676,51.7847,1.3647,0.0183,3.8661,0.0669,0.0277,55.5249,0.0016,1,0.0449,3.2800,0.0471,0.6660,61.3418,0.0000,61.3418,1.5384,0.0000,0.0000,791,741,87660,14.62,800.2
1463,145.1285,60.8772,0.1866,0.0236,14.8331,0.0607,0.0222,72.4936,0.0381,1,0.0438,3.3067,0.0471,0.6963,61.7159,0.0000,61.7159,1.5463,0.0000,0.0000,791,741,87660,14.57,800.2
1464,145.2164,87.8706,0.2914,0.0142,5.4616,0.0653,0.0243,108.3356,0.0013,1,0.0664,3.2118,0.0471,0.7700,61.6295,0.0000,61.6295,1.5300,0.0000,0.0000,791,741,87660,14.50,800.2
1465,145.3307,100.0000,0.2541,0.0161,20.2862,0.0578,0.0256,27.6185,0.0014,1,0.0429,3.2515,0.0455,0.7634,63.1623,0.0000,63.1623,1.7152,0.0000,0.0000,791,741,87660,14.50,800.2
1466,145.3790,48.3388,0.0192,0.0141,36.8556,0.0581,0.0202,50.9033,0.0013,1,0.0452,3.3264,0.0474,0.7417,62.3899,0.0000,62.3899,1.5323,0.0000,0.0000,791,741,87660,14.45,800.2
1467,145.4668,87.8779,0.0238,0.0151,27.8993,0.0663,0.0214,15.9482,0.0014,1,0.0434,3.2626,0.0476,0.7291,63.8408,0.0000,63.8408,1.5336,0.0000,0.0000,791,741,87660,14.47,800.2
1468,145.5108,43.9834,0.0229,0.0198,2.8091,0.0637,0.0233,100.7132,0.0016,1,0.0437,3.9643,0.0471,0.8487,62.8402,0.0000,62.8402,1.8720,0.0000,0.0000,791,741,87660,14.56,800.2
1469,145.6146,100.0000,0.0229,0.0173,4.2647,0.2366,0.0210,7.4994,0.0013,1,0.0441,3.3167,0.0474,0.7280,63.9492,0.0000,63.9492,1.5328,0.0000,0.0000,791,741,87660,14.42,800.2
1470,145.6267,12.0699,0.0214,0.0139,2.3799,0.0598,0.0214,71.9394,0.0018,1,0.0420,3.5461,0.0472,0.7373,65.3807,0.0000,65.3807,1.5418,0.0000,0.0000,791,741,87660,14.57,800.2
1471,145.7011,74.4446,0.0258,0.0181,29.5310,0.0664,0.0254,33.4785,0.0011,1,0.0433,3.8921,0.0471,0.9019,60.0130,0.0000,60.0130,2.4420,0.0000,0.0000,791,741,87660,14.47,800.2
1472,145.7643,63.1529,0.0306,0.0152,14.5220,0.0781,0.0288,50.6819,0.0015,1,0.0430,3.8671,0.0467,0.7186,60.6896,0.0000,60.6896,1.5328,0.0000,0.0000,791,741,87660,14.54,800.3
1473,145.8296,65.3653,0.0602,0.0172,3.3917,0.0695,0.0250,65.9545,0.0015,1,0.0441,3.2006,0.0460,0.7425,60.7412,0.0000,60.7412,1.6818,0.0000,0.0000,791,741,87660,14.51,800.3
1474,145.8992,69.5267,0.0270,0.0161,3.0935,0.0746,0.0278,66.2165,0.0015,1,0.0429,3.5673,0.0472,0.7281,62.3976,0.0000,62.3976,1.5300,0.0000,0.0000,791,741,87660,14.56,800.3
1475,145.9686,69.4656,0.0266,0.0180,3.6815,0.0768,0.0270,135.6821,0.0017,1,0.0453,3.9135,0.0470,0.7537,63.9480,0.0000,63.9480,1.5307,0.0000,0.0000,791,741,87660,14.50,800.3
1476,146.1082,100.0000,0.1464,0.0178,3.2714,0.0869,0.0307,5.4671,0.0015,1,0.0560,4.3822,0.0470,0.9261,62.4241,0.0000,62.4241,1.5296,0.0000,0.0000,791,741,87660,14.45,800.3
1477,146.1172,9.0294,0.1865,0.0162,5.4819,0.0715,0.0256,61.0369,0.0014,1,0.0433,3.3045,0.0457,0.7334,60.7924,0.0000,60.7924,1.8429,0.0000,0.0000,791,741,87660,14.57,800.3
1478,146.1840,66.8274,0.0236,0.0165,3.6582,0.0725,0.0257,62.9078,0.0015,1,0.0440,3.2645,0.0460,0.6863,62.8672,0.0000,62.8672,1.5311,0.0000,0.0000,791,741,87660,14.63,800.3
1479,146.2507,66.7136,0.0265,0.0160,2.9752,0.0708,0.0331,66.1211,0.0014,1,0.0443,3.3078,0.0457,0.7138,63.2284,0.0000,63.2284,1.5241,0.0000,0.0000,791,741,87660,14.67,800.3
1480,146.3200,69.2521,0.0337,0.0154,3.2748,0.1074,0.0300,66.5794,0.0013,1,0.0445,3.9255,0.0468,0.8540,62.8504,0.0000,62.8504,1.5301,0.0000,0.0000,791,741,87660,14.60,800.3
1481,146.3900,70.0486,0.0220,0.0135,3.4440,0.0634,0.0243,66.5217,0.0012,1,0.0431,3.3530,0.0470,0.6802,62.9179,0.0000,62.9179,1.5281,0.0000,0.0000,791,741,87660,14.59,800.3
1482,146.4601,70.0965,0.0229,0.0153,3.4181,0.0697,0.0240,68.8665,0.0012,1,0.0472,4.1965,0.0456,0.9337,64.8636,0.0000,64.8636,1.8317,0.0000,0.0000,791,741,87660,14.60,800.3
1483,146.6331,100.0000,0.0337,0.0133,3.4244,0.0796,0.0323,7.5175,0.0015,1,0.0440,3.6500,0.0457,0.7906,70.2196,0.0000,70.2196,1.6593,0.0000,0.0000,791,741,87660,14.53,800.3
1484,146.6442,11.1103,0.3362,0.0192,4.4598,0.1571,0.0228,112.2142,0.0014,1,0.0432,3.6889,0.0471,0.9299,69.2325,0.0000,69.2325,1.5304,0.0000,0.0000,791,741,87660,14.69,800.3
1485,146.7615,100.0000,0.2693,0.0191,6.8542,0.0982,0.0228,8.3111,0.0015,1,0.2340,3.6252,0.0471,0.9747,66.0565,0.0000,66.0565,1.5173,0.0000,0.0000,791,741,87660,14.54,800.3
1486,146.7771,15.5828,0.0197,0.0147,5.7192,0.0821,0.0280,56.0873,0.0011,1,0.0481,4.2504,0.0479,0.8151,66.6825,0.0000,66.6825,1.7246,0.0000,0.0000,791,741,87660,14.65,800.3
1487,146.8390,61.9586,0.0224,0.0138,3.2326,0.0617,0.0220,138.6094,0.0017,1,0.0466,3.4489,0.0470,0.9736,62.4596,0.0000,62.4596,1.6817,0.0000,0.0000,791,741,87660,14.64,800.3
1488,146.9810,100.0000,0.0367,0.0169,2.6359,0.0822,0.0279,4.6141,0.0011,1,0.0440,4.1472,0.0452,0.8540,64.2703,0.0000,64.2703,1.5241,0.0000,0.0000,791,741,87660,14.59,800.3
1489,146.9884,7.4225,0.0208,0.0205,2.6512,0.0635,0.0231,73.4004,0.0017,1,0.0467,3.6476,0.0464,0.7680,60.4757,0.0000,60.4757,1.5225,0.0000,0.0000,791,741,87660,14.70,800.3
1490,147.0646,76.1880,0.2000,0.0145,4.4044,0.0667,0.0231,90.6485,0.0015,1,0.0447,3.4241,0.0467,0.7274,61.6046,0.0000,61.6046,1.7113,0.0000,0.0000,791,741,87660,14.69,800.3
1491,147.1600,95.3671,2.1536,0.0222,4.0291,0.0762,0.0275,34.3879,0.0014,1,0.0440,3.6687,0.0466,0.7865,63.2347,0.0000,63.2347,1.5250,0.0000,0.0000,791,741,87660,14.64,800.3
1492,147.2007,40.7051,0.0242,0.0157,4.1295,0.1727,0.0302,73.7680,0.0013,1,0.0445,3.3851,0.0471,0.7332,61.1606,0.0000,61.1606,1.5163,0.0000,0.0000,791,741,87660,14.72,800.3
1493,147.2788,78.1510,0.0287,0.0169,3.2015,0.0684,0.0242,67.7001,0.0015,1,0.0452,3.5295,0.0471,0.7092,62.2214,0.0000,62.2214,1.5311,0.0000,0.0000,791,741,87660,14.76,800.3
1494,147.3499,71.0492,0.1915,0.0165,8.5281,0.0732,0.0249,81.5116,0.0017,1,0.0513,4.0093,0.0485,0.8947,61.6988,0.0000,61.6988,1.5173,0.0000,0.0000,791,741,87660,14.81,800.3
1495,147.4402,90.3584,0.0282,0.0194,5.0861,0.0963,0.0365,40.4375,0.0017,1,0.0485,3.9743,0.0471,0.7601,60.3237,0.0000,60.3237,1.5234,0.0000,0.0000,791,741,87660,14.68,800.3
1496,147.4859,45.7187,0.1020,0.0236,10.0753,0.2240,0.0278,132.1584,0.0018,1,0.0504,4.4291,0.0456,0.9074,60.7040,0.0000,60.7040,1.6984,0.0000,0.0000,791,741,87660,14.78,800.3
1497,147.6286,100.0000,0.0288,0.0181,3.7269,0.0863,0.0321,5.6468,0.0014,1,0.0453,3.5699,0.0467,0.7926,71.2657,0.0000,71.2657,1.5203,0.0000,0.0000,791,741,87660,14.78,800.3
1498,147.6381,9.5481,0.1797,0.0153,3.0988,0.0665,0.0246,60.6582,0.0012,1,0.0451,3.6371,0.0468,0.7700,61.8143,0.0000,61.8143,1.5180,0.0000,0.0000,791,741,87660,14.79,800.3
1499,147.7022,64.0504,0.0232,0.0143,2.8659,0.0689,0.0246,76.4286,0.0014,1,0.0464,3.9804,0.0471,0.8202,64.5587,0.0000,64.5587,1.5220,0.0000,0.0000,791,741,87660,14.86,800.3
1500,147.7816,79.4339,0.0263,0.0149,4.5382,0.0686,0.0252,62.7614,0.0015,1,0.0474,3.5840,0.0467,0.9625,67.0408,0.0000,67.0408,1.6754,0.0000,0.0000,791,741,87660,14.89,800.3
1501,147.8490,67.4427,0.0235,0.0148,2.7856,0.0651,0.0240,134.1595,0.0020,1,0.0481,3.6090,0.0474,0.8604,61.8310,0.0000,61.8310,1.5232,0.0000,0.0000,791,741,87660,14.96,800.3
1502,147.9861,100.0000,0.0357,0.0200,3.2063,0.0854,0.0311,5.1411,0.0014,1,0.0449,4.0616,0.0471,0.7377,63.4387,0.0000,63.4387,1.6652,0.0000,0.0000,791,741,87660,14.86,800.3
1503,147.9946,8.5276,0.0248,0.0142,4.5403,0.0621,0.0230,60.4298,0.0015,1,0.0443,3.7397,0.0454,0.9172,61.2135,0.0000,61.2135,1.5232,0.0000,0.0000,791,741,87660,14.93,800.3
1504,148.0598,65.1027,0.1232,0.0167,3.7264,0.0680,0.0274,63.3516,0.0013,1,0.0439,3.6872,0.0470,0.8233,60.9362,0.0000,60.9362,1.5135,0.0000,0.0000,791,741,87660,14.99,800.3
1505,148.1271,67.3216,0.1927,0.0156,4.5250,0.0648,0.0230,62.7203,0.0013,1,0.0426,3.4718,0.0470,0.7739,60.2000,0.0000,60.2000,1.5210,0.0000,0.0000,791,741,87660,14.91,800.3
1506,148.1946,67.5582,0.0228,0.0160,5.3194,0.0735,0.0255,65.7616,0.0012,1,0.0417,3.4148,0.0461,0.7229,64.7549,0.0000,64.7549,1.8214,0.0000,0.0000,791,741,87660,14.97,800.3
1507,148.2659,71.2279,0.0223,0.0142,2.9889,0.0622,0.0244,69.5872,0.0012,1,0.0457,3.3582,0.0468,0.8294,61.6586,0.0000,61.6586,1.5151,0.0000,0.0000,791,741,87660,15.02,800.3
1508,148.3386,72.7070,0.0213,0.0149,3.0008,0.0659,0.0235,63.2064,0.0013,1,0.0445,3.5706,0.0469,1.2414,62.2176,0.0000,62.2176,1.5136,0.0000,0.0000,791,741,87660,15.07,800.3
1509,148.4049,66.3411,0.0286,0.0168,3.6316,0.0751,0.0258,67.6876,0.0016,1,0.0437,3.9529,0.0469,0.7107,60.7157,0.0000,60.7157,1.5210,0.0000,0.0000,791,741,87660,14.98,800.3
1510,148.4764,71.4745,0.0315,0.0178,4.2927,0.0807,0.1182,71.8960,0.0012,1,0.0439,3.3357,0.0451,0.6888,60.2174,0.0000,60.2174,1.5107,0.0000,0.0000,791,741,87660,15.03,800.3
1511,148.5528,76.4449,0.0224,0.0160,3.0220,0.0746,0.0354,84.2362,0.0022,1,0.0438,3.9552,0.0453,0.7275,59.9627,0.0000,59.9627,1.5161,0.0000,0.0000,791,741,87660,15.07,800.3
1512,148.6402,87.4159,0.0323,0.0169,5.5787,0.0630,0.0229,85.1118,0.0013,1,0.0422,3.2524,0.0467,0.6720,60.6689,0.0000,60.6689,1.5179,0.0000,0.0000,791,741,87660,14.97,800.3
1513,148.7332,92.9917,0.0205,0.0146,5.8873,0.0931,0.0302,7.5823,0.0013,1,0.0439,3.8812,0.0463,1.0670,63.5512,0.0000,63.5512,1.5199,0.0000,0.0000,791,741,87660,14.98,800.3
1514,148.7469,13.6378,0.0234,0.0147,4.6662,0.0639,0.0233,79.3896,0.0011,1,0.0497,3.6254,0.0471,0.7906,62.9975,0.0000,62.9975,1.5186,0.0000,0.0000,791,741,87660,14.98,800.3
1515,148.8311,84.1895,0.0242,0.0155,12.7355,0.0713,0.0310,76.7235,0.0014,1,0.0454,3.6660,0.0471,0.7721,62.0158,0.0000,62.0158,1.5172,0.0000,0.0000,791,741,87660,15.01,800.3
1516,148.9207,89.6086,0.0226,0.0141,5.1368,0.0615,0.0229,27.2403,0.0012,1,0.0444,3.2748,0.0471,0.7066,62.4991,0.0000,62.4991,1.5071,0.0000,0.0000,791,741,87660,14.94,800.3
1517,148.9532,32.5069,0.0232,0.0149,3.4237,0.0717,0.0246,64.6920,0.0013,1,0.0423,3.6346,0.0492,1.2254,61.6694,0.0000,61.6694,1.5151,0.0000,0.0000,791,741,87660,15.00,800.3
1518,149.0214,68.2582,0.0249,0.0160,7.2123,0.0674,0.0280,57.3238,0.0017,1,0.0446,3.4119,0.0451,0.8356,60.6170,0.0000,60.6170,1.5091,0.0000,0.0000,791,741,87660,15.04,800.3
1519,149.0861,64.6814,0.2131,0.0152,2.8998,0.0706,0.0247,67.0595,0.0017,1,0.0440,3.5460,0.0471,0.8237,62.5010,0.0000,62.5010,1.5007,0.0000,0.0000,791,741,87660,15.01,800.3
1520,149.1564,70.2927,0.2012,0.0196,3.7292,0.0789,0.0279,65.1328,0.0015,1,0.0445,3.6978,0.0465,0.8385,60.1912,0.0000,60.1912,1.5060,0.0000,0.0000,791,741,87660,15.06,800.3
1521,149.2256,69.1989,0.0282,0.0195,3.8258,0.0905,0.0333,62.4625,0.0018,1,0.0419,3.5502,0.0462,0.7129,60.3085,0.0000,60.3085,1.5103,0.0000,0.0000,791,741,87660,15.09,800.3
1522,149.2921,66.4693,0.0295,0.0170,3.5985,0.1100,0.0302,132.9846,0.0018,1,0.0438,4.1180,0.0471,0.8692,62.2932,0.0000,62.2932,1.6761,0.0000,0.0000,791,741,87660,15.00,800.3
1523,149.4289,100.0000,0.0338,0.0203,3.2235,0.0929,0.0327,8.1629,0.0016,1,0.0438,3.3230,0.0453,0.7290,63.3717,0.0000,63.3717,1.5080,0.0000,0.0000,791,741,87660,15.00,800.3
1524,149.4404,11.5752,0.0257,0.0157,3.2526,0.0779,0.0368,63.6698,0.0015,1,0.0440,3.2850,0.0458,0.7926,63.9525,0.0000,63.9525,1.5036,0.0000,0.0000,791,741,87660,15.16,800.3
1525,149.5075,67.0874,0.0296,0.0178,3.4230,0.0746,0.0268,64.9254,0.0016,1,0.0437,3.8953,0.0471,0.7496,61.8528,0.0000,61.8528,1.5171,0.0000,0.0000,791,741,87660,15.10,800.3
1526,149.5760,68.5064,0.0290,0.0174,3.6150,0.0761,0.0274,166.2018,0.0015,1,0.0454,3.7481,0.0463,0.7378,62.8846,0.0000,62.8846,1.8653,0.0000,0.0000,791,741,87660,15.16,800.3
1527,149.7460,100.0000,0.0294,0.0179,4.1232,0.0748,0.0271,12.8776,0.0016,1,0.0427,3.2750,0.0464,0.7107,61.8842,0.0000,61.8842,1.5117,0.0000,0.0000,791,741,87660,15.16,800.3
1528,149.7632,17.1609,0.0663,0.0163,6.6818,0.1276,0.0402,61.4587,0.0017,1,0.0446,3.2639,0.0466,0.8028,60.5531,0.0000,60.5531,1.5054,0.0000,0.0000,791,741,87660,15.15,800.3
1529,149.8316,68.4032,0.0424,0.0207,3.1852,0.5031,0.0329,51.8436,0.0014,1,0.0483,3.8261,0.0457,0.9352,61.0044,0.0000,61.0044,1.5054,0.0000,0.0000,791,741,87660,15.18,800.3
1530,149.8872,55.6362,0.0233,0.0149,3.7259,0.0688,0.0230,63.3399,0.0015,1,0.0433,3.3873,0.0461,0.6804,60.8725,0.0000,60.8725,1.5076,0.0000,0.0000,791,741,87660,15.10,800.3
1531,149.9544,67.2043,0.0240,0.0151,3.4849,0.0773,0.0285,74.8185,0.0022,1,0.0443,3.5409,0.0470,0.7537,63.1267,0.0000,63.1267,1.5083,0.0000,0.0000,791,741,87660,15.16,800.3
1532,150.0329,78.4625,0.5231,0.0171,6.7440,0.1375,0.0445,69.4798,0.0014,1,0.0443,3.5853,0.0467,0.7731,71.3209,0.0000,71.3209,1.5050,0.0000,0.0000,791,741,87660,15.10,800.3
1533,150.1098,76.9544,0.2024,0.0168,8.2096,0.0886,0.0303,131.4380,0.0020,1,0.0451,4.0080,0.0460,0.7782,64.2843,0.0000,64.2843,1.5036,0.0000,0.0000,791,741,87660,14.98,800.3
1534,150.2498,100.0000,0.0466,0.0203,7.2965,0.0740,0.0271,12.5506,0.0017,1,0.0434,3.8691,0.0461,0.7701,61.1218,0.0000,61.1218,1.5013,0.0000,0.0000,791,741,87660,14.98,800.3
1535,150.2699,20.0246,0.0231,0.0171,10.7018,0.1660,0.0690,47.0989,0.0015,1,0.0427,3.3396,0.0466,0.9461,62.2206,0.0000,62.2206,1.5106,0.0000,0.0000,791,741,87660,15.13,800.3
1536,150.3279,58.0855,0.0261,0.0156,3.2099,0.0746,0.0263,63.1724,0.0013,1,0.0462,3.9704,0.0459,0.9501,63.5446,0.0000,63.5446,1.5168,0.0000,0.0000,791,741,87660,15.04,800.3
1537,150.3945,66.5335,0.0326,0.0153,3.4438,0.0709,0.0261,68.9292,0.0015,1,0.0429,3.5679,0.0469,0.7496,60.4425,0.0000,60.4425,1.5091,0.0000,0.0000,791,741,87660,15.09,800.3
1538,150.4670,72.5264,0.0250,0.0169,5.6876,0.1219,0.0274,59.3600,0.0015,1,0.0443,3.4334,0.0451,0.7636,62.8580,0.0000,62.8580,1.5068,0.0000,0.0000,791,741,87660,15.12,800.3
1539,150.5322,65.2479,0.0264,0.0156,4.8674,0.0765,0.0273,69.7650,0.0015,1,0.0444,3.6779,0.0469,0.7414,63.9644,0.0000,63.9644,1.5101,0.0000,0.0000,791,741,87660,15.05,800.3
1540,150.6070,74.7874,0.0250,0.0156,3.0743,0.0739,0.0258,129.6959,0.0022,1,0.0449,4.0739,0.0471,0.7772,61.9491,0.0000,61.9491,1.5032,0.0000,0.0000,791,741,87660,15.10,800.3
1541,150.7399,100.0000,0.1201,0.0203,4.9588,0.0727,0.0269,6.0907,0.0017,1,0.0442,3.7981,0.0453,0.8405,60.2517,0.0000,60.2517,1.5098,0.0000,0.0000,791,741,87660,14.97,800.3
1542,150.7513,11.2997,0.0286,0.0162,2.9662,0.0788,0.0425,57.2293,0.0015,1,0.0434,3.8317,0.0451,0.8358,60.3998,0.0000,60.3998,1.4971,0.0000,0.0000,791,741,87660,15.11,800.3
1543,150.8116,60.3700,0.0207,0.0159,2.7859,0.0688,0.0239,68.4842,0.0018,1,0.0440,3.6870,0.0458,0.8067,62.4235,0.0000,62.4235,1.5029,0.0000,0.0000,791,741,87660,15.09,800.3
1544,150.8830,71.4095,0.0258,0.0210,2.6457,0.0663,0.0220,65.2019,0.0016,1,0.0451,3.9670,0.0471,0.9748,62.8927,0.0000,62.8927,1.5083,0.0000,0.0000,791,741,87660,15.10,800.3
1545,150.9510,67.9916,0.0359,0.0166,3.3252,0.0756,0.0260,66.2279,0.0017,1,0.0435,3.4789,0.0458,0.7437,62.1842,0.0000,62.1842,1.5025,0.0000,0.0000,791,741,87660,15.11,800.3
1546,151.0207,69.7153,0.0253,0.0135,6.5001,0.0672,0.0230,61.1565,0.0012,1,0.0458,3.5430,0.0457,0.9050,62.5523,0.0000,62.5523,1.7566,0.0000,0.0000,791,741,87660,15.10,800.3
1547,151.0885,67.7933,0.1176,0.0147,5.2098,0.0665,0.0241,132.1358,0.0018,1,0.0452,3.6970,0.0451,0.8787,62.9476,0.0000,62.9476,1.5050,0.0000,0.0000,791,741,87660,15.09,800.3
1548,151.2261,100.0000,0.0496,0.0250,3.1845,0.0781,0.0289,4.6546,0.0011,1,0.0478,3.4999,0.0466,0.8823,60.5602,0.0000,60.5602,1.5021,0.0000,0.0000,791,741,87660,15.06,800.3
1549,151.2341,8.0280,0.0192,0.0139,3.1861,0.0698,0.0256,248.3324,0.0018,1,0.0439,3.2916,0.0456,0.7988,59.5166,0.0000,59.5166,1.4957,0.0000,0.0000,791,741,87660,15.17,800.3
1550,151.4858,100.0000,0.1792,0.0204,8.6310,0.0717,0.0263,161.1009,0.0020,1,0.0438,3.2897,0.0457,0.6917,65.9445,0.0000,65.9445,1.5024,0.0000,0.0000,791,741,87660,15.11,800.3
1551,151.6558,100.0000,0.2524,0.0197,10.7158,0.0698,0.0260,18.2985,0.0014,1,0.0493,3.6347,0.0470,0.7741,65.4015,0.0000,65.4015,1.5040,0.0000,0.0000,791,741,87660,15.06,800.3
1552,151.6852,29.3915,1.8202,0.0164,2.5383,0.0626,0.0275,49.5790,0.0021,1,0.0467,3.4238,0.0470,0.8410,64.7606,0.0000,64.7606,1.5085,0.0000,0.0000,791,741,87660,15.09,800.3
1553,151.7393,54.0537,0.0346,0.0176,7.6258,0.0935,0.0286,59.4035,0.0019,1,0.0445,4.2539,0.0471,0.7311,63.7137,0.0000,63.7137,1.8546,0.0000,0.0000,791,741,87660,15.13,800.4
1554,151.8065,67.2131,0.0263,0.0159,8.2890,0.0772,0.0262,128.7829,0.0021,1,0.0443,3.3058,0.0472,0.8335,63.7605,0.0000,63.7605,1.5008,0.0000,0.0000,791,741,87660,15.19,800.4
1555,151.9437,100.0000,0.2062,0.0205,7.9783,0.0699,0.0252,5.9095,0.0015,1,0.0452,3.7487,0.0471,0.7827,62.3635,0.0000,62.3635,1.4956,0.0000,0.0000,791,741,87660,15.05,800.4
1556,151.9579,14.2189,0.0618,0.0161,7.5169,0.0760,0.0298,60.3743,0.0017,1,0.0454,3.9200,0.0463,0.9093,63.2975,0.0000,63.2975,1.4992,0.0000,0.0000,791,741,87660,15.15,800.4
1557,152.0260,68.0841,0.0241,0.0163,12.0997,0.0718,0.0245,130.8487,0.0024,1,0.0434,4.2389,0.0455,0.7504,63.1602,0.0000,63.1602,1.4951,0.0000,0.0000,791,741,87660,15.16,800.4
1558,152.1691,100.0000,2.2914,0.0168,3.8220,0.0754,0.0265,12.3662,0.0017,1,0.0553,4.0428,0.0460,1.0793,63.8116,0.0000,63.8116,1.4971,0.0000,0.0000,791,741,87660,15.10,800.4
1559,152.1877,18.6080,0.0236,0.0166,3.0027,0.0741,0.0264,57.3094,0.0021,1,0.0458,3.4698,0.0467,1.1057,62.0345,0.0000,62.0345,1.5068,0.0000,0.0000,791,741,87660,15.19,800.4
1560,152.2482,60.4650,0.4255,0.0197,4.4403,0.0817,0.0281,53.9761,0.0021,1,0.0441,3.9813,0.0469,0.9994,64.2371,0.0000,64.2371,1.5012,0.0000,0.0000,791,741,87660,15.21,800.4
1561,152.6723,100.0000,0.0257,0.0148,2.8556,0.0983,0.0243,11.9455,0.0019,1,0.0448,3.5601,0.0476,0.6963,69.5090,0.0000,69.5090,1.4984,0.0000,0.0000,791,741,87660,15.15,800.4
1562,152.6872,14.9751,0.0278,0.0179,2.9018,0.0808,0.0295,76.2762,0.0025,1,0.0444,3.6133,0.0471,0.8136,67.0037,0.0000,67.0037,1.6545,0.0000,0.0000,791,741,87660,15.25,800.4
1563,152.7666,79.3443,0.0204,0.0136,3.2347,0.0620,0.0217,6.5907,0.0013,1,0.0433,3.7724,0.0461,0.8508,62.8246,0.0000,62.8246,1.4993,0.0000,0.0000,791,741,87660,15.24,800.4
1564,152.7765,9.9515,0.0496,0.0201,3.4738,0.0664,0.0242,59.2452,0.0016,1,0.0474,4.3725,0.0474,0.8293,63.2899,0.0000,63.2899,2.0412,0.0000,0.0000,791,741,87660,15.41,800.4
1565,152.8394,62.8883,0.0507,0.0156,3.3207,0.0769,0.0250,67.4225,0.0014,1,0.0440,3.3587,0.0468,0.7305,62.3762,0.0000,62.3762,1.6490,0.0000,0.0000,791,741,87660,15.31,800.4
1566,152.9103,70.9196,0.0235,0.0160,9.1607,0.0838,0.0297,137.6053,0.0023,1,0.0430,3.3715,0.0461,0.7619,62.0029,0.0000,62.0029,1.5008,0.0000,0.0000,791,741,87660,15.30,800.4
1567,153.0573,100.0000,0.2435,0.0255,3.6861,0.0709,0.0305,10.9678,0.0012,1,0.0433,3.3162,0.0458,0.6967,63.1887,0.0000,63.1887,1.5014,0.0000,0.0000,791,741,87660,15.24,800.4
1568,153.0723,15.0339,0.2024,0.0152,5.7388,0.0798,0.0500,132.4437,0.0071,1,0.0479,3.7657,0.0466,0.7393,62.1655,0.0000,62.1655,1.4940,0.0000,0.0000,791,741,87660,15.34,800.4
1569,153.2112,100.0000,0.0283,0.0186,14.3096,0.0694,0.0245,68.5394,0.0018,1,0.0430,3.7087,0.0468,0.8294,64.3708,0.0000,64.3708,1.5116,0.0000,0.0000,791,741,87660,15.28,800.4
1570,153.2942,83.0136,0.0388,0.0176,4.0239,0.0651,0.0235,13.4874,0.0014,1,0.0462,3.6246,0.0468,0.8744,62.1784,0.0000,62.1784,1.4948,0.0000,0.0000,791,741,87660,15.25,801.8
1571,153.3118,17.6647,0.0209,0.0146,10.1038,0.0632,0.0242,92.0906,0.0012,1,0.0454,3.7475,0.0471,0.8004,63.1418,0.0000,63.1418,1.4935,0.0000,0.0000,791,741,87660,15.35,801.8
1572,153.4142,100.0000,0.0176,0.0134,58.4579,0.1164,0.0264,6.0220,0.0013,1,0.0435,3.5562,0.0489,0.8294,64.8406,0.0000,64.8406,1.7972,0.0000,0.0000,791,741,87660,15.29,801.8
1573,153.4788,64.6624,0.0278,0.0143,5.7455,0.2037,0.0247,29.2519,0.0016,1,0.0444,3.4574,0.0458,0.7433,64.3535,0.0000,64.3535,1.4863,0.0000,0.0000,791,741,87660,15.35,801.8
1574,153.5141,35.2767,0.0253,0.0153,6.3856,0.0650,0.0254,105.8272,0.0013,1,0.0445,3.5455,0.0471,0.8623,62.8746,0.0000,62.8746,1.4920,0.0000,0.0000,791,741,87660,15.48,801.8
1575,153.6265,100.0000,0.0228,0.0133,2.7151,0.0634,0.0288,27.8115,0.0012,1,0.0429,3.4350,0.0470,0.7045,63.4753,0.0000,63.4753,1.4949,0.0000,0.0000,791,741,87660,15.32,801.8
1576,153.6571,30.6632,0.0214,0.0228,3.5010,0.0678,0.0241,64.7117,0.0012,1,0.0448,3.3458,0.0471,0.8546,63.1639,0.0000,63.1639,1.4934,0.0000,0.0000,791,741,87660,15.38,801.8
1577,153.7255,68.3565,0.0245,0.0167,3.0313,0.0640,0.0222,67.5583,0.0013,1,0.0433,4.1083,0.0474,0.9462,62.6239,0.0000,62.6239,1.8042,0.0000,0.0000,791,741,87660,15.38,801.8
1578,153.7962,70.7242,0.0195,0.0132,2.3933,0.0571,0.0213,76.4046,0.0682,1,0.0441,3.6800,0.0467,0.8170,62.1128,0.0000,62.1128,1.6713,0.0000,0.0000,791,741,87660,15.37,801.8
1579,153.8756,79.3977,0.3329,0.3769,50.1627,3.4305,0.6057,13.4175,0.0014,1,0.0419,3.3530,0.0467,0.6879,63.3089,0.0000,63.3089,1.6400,0.0000,0.0000,791,741,87660,15.35,801.8
1580,153.9440,68.3848,0.0204,0.0125,2.6982,0.0630,0.0249,361.2105,0.0016,1,0.0419,3.2165,0.0472,0.6659,62.3643,0.0000,62.3643,1.4974,0.0000,0.0000,791,741,87660,15.36,801.8
1581,154.3080,100.0000,0.1571,0.0206,20.5548,0.0638,0.0242,5.2872,0.0011,1,0.0434,3.2952,0.0472,0.8622,62.2403,0.0000,62.2403,1.4933,0.0000,0.0000,791,741,87660,15.36,801.8
1582,154.3342,26.1156,0.1329,0.0156,5.0373,0.0654,0.0219,218.9136,0.0016,1,0.0443,3.4657,0.0460,0.7296,64.5908,0.0000,64.5908,1.4976,0.0000,0.0000,791,741,87660,15.41,801.8
1583,154.5583,100.0000,0.4585,0.0181,3.0744,0.0809,0.0271,206.2712,0.0021,1,0.0443,3.3286,0.0473,0.6896,63.0649,0.0000,63.0649,1.4845,0.0000,0.0000,791,741,87660,15.33,801.8
1584,154.7683,100.0000,0.7377,0.0215,10.1510,0.0718,0.0259,6.7324,0.0013,1,0.0459,3.3372,0.0471,0.8096,62.9122,0.0000,62.9122,1.4904,0.0000,0.0000,791,741,87660,15.31,801.8
1585,154.7860,17.7507,0.0255,0.0151,14.9306,0.0707,0.0270,378.3698,0.0021,1,0.0530,3.8916,0.0471,0.8305,63.8556,0.0000,63.8556,1.4961,0.0000,0.0000,791,741,87660,15.47,801.8
1586,155.1795,100.0000,0.1929,0.0162,2.8226,0.0734,0.0248,188.0271,0.0021,1,0.0459,4.0465,0.0473,0.8443,63.3160,0.0000,63.3160,1.4868,0.0000,0.0000,791,741,87660,15.37,801.7
1587,155.3707,100.0000,0.0432,0.0197,5.6540,0.0611,0.0233,6.2273,0.0016,1,0.0462,3.3077,0.0471,0.7537,64.8067,0.0000,64.8067,1.4965,0.0000,0.0000,791,741,87660,15.34,801.7
1588,155.3827,12.0371,0.0237,0.0143,2.4316,0.0619,0.0211,93.1939,0.0011,1,0.0472,3.5899,0.0469,0.8024,62.1743,0.0000,62.1743,1.4968,0.0000,0.0000,791,741,87660,15.40,801.7
1589,155.4785,95.7541,0.0220,0.0143,2.6241,0.0619,0.0226,36.9675,0.0012,1,0.0451,3.4001,0.0471,0.8477,60.6086,0.0000,60.6086,1.4874,0.0000,0.0000,791,741,87660,15.41,801.7
1590,155.5182,39.7196,0.0231,0.0142,2.5976,0.0658,0.0232,58.1170,0.0011,1,0.0460,3.4188,0.0458,0.7220,60.3839,0.0000,60.3839,1.4948,0.0000,0.0000,791,741,87660,15.36,801.7
1591,155.5790,60.8483,0.0238,0.0140,2.6153,0.0654,0.0230,137.1713,0.0015,1,0.0429,4.8096,0.0456,0.9441,62.3766,0.0000,62.3766,1.7997,0.0000,0.0000,791,741,87660,15.38,801.7
1592,155.7189,100.0000,0.0280,0.0543,3.0312,0.0806,0.0302,6.5623,0.0016,1,0.0536,3.9211,0.0467,1.1592,62.0567,0.0000,62.0567,1.4886,0.0000,0.0000,791,741,87660,15.31,801.7
1593,155.7287,9.7950,0.0242,0.0150,2.6242,0.0601,0.0227,63.2222,0.0012,1,0.0441,3.6111,0.0457,0.8704,61.4729,0.0000,61.4729,1.4939,0.0000,0.0000,791,741,87660,15.42,801.7
1594,155.7947,65.9766,0.0234,0.0167,2.8548,0.0812,0.0272,131.0268,0.0013,1,0.0458,3.7971,0.0471,0.9851,60.3528,0.0000,60.3528,1.4906,0.0000,0.0000,791,741,87660,15.43,801.7
1595,155.9288,100.0000,0.0442,0.0201,2.9903,0.0818,0.0320,4.7386,0.0012,1,0.0434,3.7139,0.0466,0.9649,60.4547,0.0000,60.4547,1.4861,0.0000,0.0000,791,741,87660,15.37,802.7
1596,155.9367,7.9149,0.0251,0.0144,2.9588,0.0628,0.0234,61.1440,0.0017,1,0.0434,3.6520,0.0458,0.8029,60.5775,0.0000,60.5775,1.4867,0.0000,0.0000,791,741,87660,15.55,802.7
1597,156.0009,64.2366,0.0221,0.0149,2.9680,0.0679,0.0257,64.7980,0.0016,1,0.0454,3.3971,0.0465,0.9330,60.6653,0.0000,60.6653,1.4781,0.0000,0.0000,791,741,87660,15.44,802.7
1598,156.0688,67.9056,0.1967,0.0281,2.7442,0.0679,0.0241,63.8028,0.0015,1,0.0425,3.7844,0.0458,0.7895,60.5837,0.0000,60.5837,1.4888,0.0000,0.0000,791,741,87660,15.44,802.7
1599,156.1357,66.8721,0.1613,0.0158,3.0800,0.0655,0.0242,65.1634,0.0016,1,0.0452,3.5856,0.0465,0.8347,61.0543,0.0000,61.0543,1.4956,0.0000,0.0000,791,741,87660,15.44,802.7
1600,156.2042,68.5190,0.0228,0.0145,2.8957,0.0654,0.0236,66.8931,0.0016,1,0.0452,3.9572,0.0465,0.8228,63.0078,0.0000,63.0078,1.4884,0.0000,0.0000,791,741,87660,15.44,802.7
1601,156.2741,69.9235,0.0242,0.0151,3.6275,0.0623,0.0226,63.0163,0.0013,1,0.0440,3.8875,0.0460,0.6902,60.3909,0.0000,60.3909,1.4907,0.0000,0.0000,791,741,87660,15.44,802.7
1602,156.3409,66.7756,0.0229,0.0140,3.5558,0.0898,0.0242,62.4692,0.0013,1,0.0439,3.3007,0.0456,0.6788,60.3321,0.0000,60.3321,1.4901,0.0000,0.0000,791,741,87660,15.45,802.7
1603,156.4071,66.1879,0.0226,0.0225,3.5968,0.0614,0.0225,62.5276,0.0015,1,0.0442,3.3137,0.0461,0.7494,59.9600,0.0000,59.9600,1.4802,0.0000,0.0000,791,741,87660,15.51,802.7
1604,156.4733,66.2614,0.0301,0.0144,3.2408,0.0691,0.0249,63.3747,0.0015,1,0.0429,3.2732,0.0462,0.7683,59.9404,0.0000,59.9404,1.4874,0.0000,0.0000,791,741,87660,15.41,806.9
1605,156.5401,66.7622,0.0277,0.0162,3.2673,0.0718,0.0263,64.6631,0.0015,1,0.0451,3.2766,0.0471,0.6685,61.4058,0.0000,61.4058,1.4884,0.0000,0.0000,791,741,87660,15.47,806.9
1606,156.6082,68.0814,0.0254,0.0159,4.9933,0.0656,0.0245,61.7914,0.0013,1,0.0455,3.5287,0.0459,0.7372,60.7988,0.0000,60.7988,1.4892,0.0000,0.0000,791,741,87660,15.37,806.9
1607,156.6751,66.9235,0.0246,0.0201,3.4447,0.0715,0.0242,62.5150,0.0015,1,0.0428,3.2547,0.0471,0.6677,59.5316,0.0000,59.5316,1.4775,0.0000,0.0000,791,741,87660,15.36,806.9
1608,156.7412,66.1089,0.0257,0.0167,3.7389,0.0724,0.0262,61.9279,0.0013,1,0.0441,3.2707,0.0457,0.7043,60.3967,0.0000,60.3967,1.4855,0.0000,0.0000,791,741,87660,15.42,806.9
1609,156.8070,65.8154,0.0271,0.0157,2.5958,0.0664,0.0249,131.6097,0.0021,1,0.0431,3.3469,0.0456,0.7864,60.9983,0.0000,60.9983,1.4797,0.0000,0.0000,791,741,87660,15.31,806.9
1610,156.9414,100.0000,0.0318,0.0211,3.5532,0.0843,0.0290,5.6157,0.0015,1,0.0488,3.3030,0.0466,0.6942,60.1887,0.0000,60.1887,1.4828,0.0000,0.0000,791,741,87660,15.26,806.9
1611,156.9507,9.3443,0.0264,0.0167,3.1273,0.0742,0.0266,61.4334,0.0016,1,0.0437,3.4643,0.0455,0.7940,60.0241,0.0000,60.0241,1.4883,0.0000,0.0000,791,741,87660,15.43,806.9
1612,157.0154,64.7145,0.0356,0.0194,7.2811,0.0809,0.0268,59.5054,0.0013,1,0.0437,3.3117,0.0459,0.7188,61.8950,0.0000,61.8950,1.4763,0.0000,0.0000,791,741,87660,15.38,807.0
1613,157.0824,66.9576,0.1552,0.0200,2.6583,0.0683,0.0294,63.5819,0.0012,1,0.0444,3.4209,0.0471,0.8807,60.5435,0.0000,60.5435,1.4883,0.0000,0.0000,791,741,87660,15.41,807.0
1614,157.1490,66.5459,0.1397,0.0153,3.2824,0.0706,0.0708,68.8904,0.0013,1,0.0430,3.5190,0.0468,0.8520,60.5934,0.0000,60.5934,1.4886,0.0000,0.0000,791,741,87660,15.42,807.0
1615,157.2214,72.4784,0.0240,0.0167,3.6172,0.2737,0.0286,60.0991,0.0014,1,0.0478,3.8134,0.0511,0.9768,62.0428,0.0000,62.0428,1.4904,0.0000,0.0000,791,741,87660,15.45,807.0
1616,157.2855,64.0681,0.0224,0.0167,3.2323,0.0641,0.0238,62.5445,0.0016,1,0.0428,3.2425,0.0460,0.6924,60.4051,0.0000,60.4051,1.4817,0.0000,0.0000,791,741,87660,15.41,807.0
1617,157.3514,65.9123,0.0243,0.0170,2.8907,0.1035,0.0266,67.8711,0.0014,1,0.0428,3.2861,0.0458,0.6586,60.2965,0.0000,60.2965,1.4822,0.0000,0.0000,791,741,87660,15.48,807.0
1618,157.4223,70.9412,0.0228,0.0167,2.8675,0.0710,0.0247,128.7199,0.0020,1,0.0448,3.6705,0.0465,1.0871,61.4775,0.0000,61.4775,1.4948,0.0000,0.0000,791,741,87660,15.36,807.0
1619,157.5541,100.0000,0.0487,0.0219,4.2151,0.0847,0.0309,7.8822,0.0018,1,0.0417,3.3078,0.0452,0.6822,60.0636,0.0000,60.0636,1.4862,0.0000,0.0000,791,741,87660,15.29,807.0
1620,157.5664,12.2942,0.0284,0.0182,4.0325,0.0874,0.0314,56.0600,0.0019,1,0.0434,3.4235,0.0465,0.6731,59.9012,0.0000,59.9012,1.4735,0.0000,0.0000,791,741,87660,15.42,807.0
1621,157.6266,60.2679,0.0276,0.0191,7.1719,0.0939,0.0341,57.7000,0.0014,1,0.0437,3.3510,0.0470,0.6836,59.5276,0.0000,59.5276,1.4785,0.0000,0.0000,791,741,87660,15.44,807.0
1622,157.6917,65.0562,0.0276,0.0171,9.9973,0.0795,0.0285,58.8208,0.0014,1,0.0441,3.2135,0.0467,0.6533,62.4031,0.0000,62.4031,1.4839,0.0000,0.0000,791,741,87660,15.51,807.0
1623,157.7607,68.9808,0.0271,0.0174,3.7309,0.0822,0.0278,129.7092,0.0019,1,0.0441,3.2598,0.0461,0.6990,60.0294,0.0000,60.0294,1.4840,0.0000,0.0000,791,741,87660,15.39,807.0
1624,157.8943,100.0000,0.1120,0.0201,3.4814,0.0923,0.0295,4.8942,0.0014,1,0.0481,3.5710,0.0466,0.7868,61.7558,0.0000,61.7558,1.4763,0.0000,0.0000,791,741,87660,15.32,807.0
1625,157.9029,8.6384,0.0221,0.0146,2.6319,0.0634,0.0232,63.3032,0.0014,1,0.0445,3.4083,0.0476,0.9118,61.3361,0.0000,61.3361,1.4761,0.0000,0.0000,791,741,87660,15.43,807.0
1626,157.9690,66.0670,0.0252,0.0158,3.2776,0.0842,0.0250,132.7187,0.0021,1,0.0443,3.3773,0.0451,0.9502,61.3695,0.0000,61.3695,1.4839,0.0000,0.0000,791,741,87660,15.44,807.0
1627,158.1051,100.0000,0.2547,0.0266,3.1922,0.0904,0.0284,5.3500,0.0012,1,0.0664,5.7721,0.0468,1.0409,60.4717,0.0000,60.4717,1.4839,0.0000,0.0000,791,741,87660,15.38,807.0
1628,158.1141,8.9505,0.1386,0.0160,5.4314,0.0655,0.0246,59.0949,0.0014,1,0.0447,3.7054,0.0470,0.7364,60.1308,0.0000,60.1308,1.4844,0.0000,0.0000,791,741,87660,15.51,807.0
1629,158.1789,64.7792,0.0307,0.0164,3.8641,0.0686,0.0243,128.5000,0.0017,1,0.0434,3.4341,0.0452,0.7434,61.9924,0.0000,61.9924,1.4830,0.0000,0.0000,791,741,87660,15.51,807.0
1630,158.3114,100.0000,0.0291,0.0186,3.0523,0.0689,0.0283,7.3179,0.0015,1,0.0452,3.3817,0.0471,0.6645,59.7828,0.0000,59.7828,1.4741,0.0000,0.0000,791,741,87660,15.45,807.0
1631,158.3219,10.5244,0.0230,0.0170,3.6603,0.0786,0.0270,58.7112,0.0014,1,0.0417,3.3166,0.0462,0.6984,60.4883,0.0000,60.4883,1.4759,0.0000,0.0000,791,741,87660,15.58,807.0
1632,158.3844,62.5261,0.0249,0.0160,4.6871,0.0660,0.0234,60.0683,0.0016,1,0.0448,3.2916,0.0457,0.6764,59.9171,0.0000,59.9171,1.4757,0.0000,0.0000,791,741,87660,15.63,807.0
1633,158.4493,64.8946,0.0250,0.0149,3.8108,0.0642,0.0241,63.0287,0.0017,1,0.0442,3.3261,0.0467,0.7717,59.8435,0.0000,59.8435,1.4776,0.0000,0.0000,791,741,87660,15.69,807.0
1634,158.5163,66.9853,0.0218,0.0141,2.9158,0.0613,0.0231,133.6499,0.0020,1,0.0433,3.7320,0.0467,0.7638,61.0717,0.0000,61.0717,1.4804,0.0000,0.0000,791,741,87660,15.58,807.0
1635,158.6530,100.0000,0.0308,0.0181,3.3505,0.0761,0.0268,5.5794,0.0012,1,0.0443,3.4789,0.0466,0.8069,62.4636,0.0000,62.4636,1.4790,0.0000,0.0000,791,741,87660,15.55,807.0
1636,158.6621,9.0906,0.0227,0.0158,3.0208,0.0662,0.0237,59.8566,0.0015,1,0.0443,3.3688,0.0471,0.6881,59.8810,0.0000,59.8810,1.4873,0.0000,0.0000,791,741,87660,15.72,807.0
1637,158.7251,63.0144,0.0289,0.0167,3.4549,0.0814,0.0348,68.5866,0.0017,1,0.0424,3.2179,0.0461,0.6558,60.4282,0.0000,60.4282,1.4864,0.0000,0.0000,791,741,87660,15.65,807.0
1638,158.7973,72.2122,0.0340,0.0168,5.4346,0.0909,0.0276,61.6806,0.0013,1,0.0467,3.6403,0.0471,0.8557,62.6838,0.0000,62.6838,1.4803,0.0000,0.0000,791,741,87660,15.64,807.0
1639,158.8646,67.2934,0.0239,0.0154,3.5185,0.0732,0.0261,126.9042,0.0026,1,0.0435,3.9581,0.0471,0.6640,61.0507,0.0000,61.0507,1.4848,0.0000,0.0000,791,741,87660,15.64,807.0
1640,159.1260,100.0000,0.2935,0.0173,4.8430,0.0616,0.0219,6.0182,0.0016,1,0.0438,3.4424,0.0471,0.7626,60.5461,0.0000,60.5461,1.4756,0.0000,0.0000,791,741,87660,15.58,807.0
1641,159.1373,11.2691,1.1451,0.0175,4.2221,0.0918,0.0514,69.7185,0.0019,1,0.0436,3.3355,0.0454,0.8456,69.5782,0.0000,69.5782,1.6313,0.0000,0.0000,791,741,87660,15.70,807.0
1642,159.2125,75.2586,0.0433,0.0343,3.5671,0.0942,0.0339,6.8121,0.0016,1,0.0451,3.8601,0.0470,0.6777,61.5221,0.0000,61.5221,1.4760,0.0000,0.0000,791,741,87660,15.68,807.0
1643,159.2231,10.5949,0.0249,0.0166,3.1067,0.0741,0.0269,61.1004,0.0015,1,0.0426,3.5513,0.0464,0.7128,61.0615,0.0000,61.0615,1.4736,0.0000,0.0000,791,741,87660,15.86,807.0
1644,159.2875,64.3592,0.0275,0.0188,4.1723,0.0765,0.0274,62.1647,0.0013,1,0.0433,3.2917,0.0467,0.6877,60.1175,0.0000,60.1175,1.4786,0.0000,0.0000,791,741,87660,15.75,807.0
1645,159.3540,66.4959,0.0256,0.0169,3.5783,0.1071,0.0318,63.7618,0.0016,1,0.0447,3.4992,0.0468,0.8829,61.4762,0.0000,61.4762,1.4709,0.0000,0.0000,791,741,87660,15.76,807.0
1646,159.4215,67.5315,0.0256,0.0171,3.1258,0.0809,0.0315,130.5147,0.0018,1,0.0489,3.9457,0.0471,0.9599,60.7037,0.0000,60.7037,1.4744,0.0000,0.0000,791,741,87660,15.76,807.0
1647,159.5553,100.0000,0.0418,0.0214,3.4828,0.0869,0.0310,5.5630,0.0016,1,0.0473,3.7745,0.0467,1.0438,60.7100,0.0000,60.7100,1.4737,0.0000,0.0000,791,741,87660,15.76,812.2
1648,159.5646,9.2369,0.0248,0.0167,2.9914,0.0953,0.0343,61.8121,0.0012,1,0.0453,4.0353,0.0463,0.8527,62.1256,0.0000,62.1256,1.4727,0.0000,0.0000,791,741,87660,15.77,812.2
1649,159.6295,64.9827,0.0224,0.0140,2.5843,0.0636,0.0224,133.3541,0.0030,1,0.0501,3.6603,0.0455,1.1246,60.6408,0.0000,60.6408,1.4730,0.0000,0.0000,791,741,87660,15.78,812.2
1650,159.7656,100.0000,0.0414,0.0217,3.2202,0.0930,0.0319,6.8518,0.0013,1,0.0425,3.8624,0.0463,0.7630,61.7527,0.0000,61.7527,1.4781,0.0000,0.0000,791,741,87660,15.69,812.2
1651,159.7759,10.2703,0.0219,0.0128,2.5053,0.0912,0.0340,63.1497,0.0013,1,0.0495,5.3015,0.0452,1.1059,61.4604,0.0000,61.4604,1.4736,0.0000,0.0000,791,741,87660,15.81,812.2
1652,159.8417,65.8227,0.0209,0.0136,2.2664,0.0591,0.0205,64.6160,0.0017,1,0.0476,3.7673,0.0451,0.9933,60.0761,0.0000,60.0761,1.4710,0.0000,0.0000,791,741,87660,15.83,812.2
1653,159.9087,67.0086,0.0231,0.0144,2.6404,0.0645,0.0238,67.1701,0.0016,1,0.0447,3.5632,0.0468,1.0150,60.2065,0.0000,60.2065,1.4780,0.0000,0.0000,791,741,87660,15.85,812.2
1654,159.9787,69.9609,0.0262,0.0180,3.2809,0.0784,0.0282,62.4459,0.0012,1,0.0478,3.6497,0.1829,0.9912,60.6805,0.0000,60.6805,1.4781,0.0000,0.0000,791,741,87660,15.92,812.2
1655,160.0446,65.8867,0.1357,0.0157,3.0501,0.0826,0.0294,63.5324,0.0019,1,0.0449,3.7528,0.0476,0.7291,60.2003,0.0000,60.2003,1.4727,0.0000,0.0000,791,741,87660,15.82,812.2
1656,160.1114,66.8550,0.1580,0.0174,3.8959,0.0707,0.0322,92.1494,0.0021,1,0.0446,3.6476,0.0471,0.8292,59.8693,0.0000,59.8693,1.4719,0.0000,0.0000,791,741,87660,15.80,812.2
1657,160.2078,96.3341,0.0303,0.0196,6.4424,0.0857,0.0338,41.7628,0.0018,1,0.0448,3.4116,0.0468,0.9386,61.7990,0.0000,61.7990,1.4882,0.0000,0.0000,791,741,87660,15.74,812.2
1658,160.2561,48.3851,0.0296,0.0201,3.7807,0.0837,0.0301,73.5493,0.0020,1,0.0442,3.5110,0.1861,0.6793,60.4167,0.0000,60.4167,1.4786,0.0000,0.0000,791,741,87660,15.79,812.2
1659,160.3336,77.5044,0.0306,0.0207,16.6108,0.0956,0.0341,47.9650,0.0019,1,0.0426,3.3100,0.0452,0.6799,62.0559,0.0000,62.0559,1.6074,0.0000,0.0000,791,741,87660,15.77,812.2
1660,160.3984,64.7685,3.6962,0.0202,4.2499,0.0844,0.0299,55.6119,0.0012,1,0.0451,3.5345,0.0473,0.6958,62.9811,0.0000,62.9811,1.4730,0.0000,0.0000,791,741,87660,15.79,812.2
1661,160.4621,63.7007,0.0230,0.0154,5.7935,0.0881,0.0332,63.8200,0.0014,1,0.0445,3.4431,0.0461,0.7348,62.7941,0.0000,62.7941,1.4743,0.0000,0.0000,791,741,87660,15.86,812.2
1662,160.5319,69.7826,0.0205,0.0157,18.6152,0.0781,0.0283,82.7047,0.0016,1,0.0446,3.5379,0.0467,0.7161,61.1196,0.0000,61.1196,1.4701,0.0000,0.0000,791,741,87660,15.74,812.2
1663,160.6334,100.0000,0.0286,0.0148,2.9872,0.0687,0.0249,36.4628,0.0012,1,0.0452,3.4980,0.0467,0.7961,62.4836,0.0000,62.4836,1.4716,0.0000,0.0000,791,741,87660,15.66,812.2
1664,160.6730,39.5957,0.0230,0.0156,6.5792,0.0665,0.0296,51.2762,0.0012,1,0.0434,3.3144,0.0451,0.6803,63.0664,0.0000,63.0664,1.4683,0.0000,0.0000,791,741,87660,15.72,812.2
1665,160.7310,57.9980,0.0206,0.0147,3.6815,0.0803,0.0253,67.8353,0.0016,1,0.0458,3.4795,0.0451,0.9441,63.5078,0.0000,63.5078,1.4707,0.0000,0.0000,791,741,87660,15.75,812.2
1666,160.8026,71.6674,0.0283,0.0162,3.0030,0.0758,0.0262,62.5742,0.0013,1,0.0461,4.1940,0.0457,0.9124,64.1391,0.0000,64.1391,1.4801,0.0000,0.0000,791,741,87660,15.74,812.2
1667,160.8684,65.7314,0.0346,0.0571,2.7766,0.0655,0.0258,69.0449,0.0014,1,0.0478,4.0612,0.0472,1.0608,65.1447,0.0000,65.1447,1.4710,0.0000,0.0000,791,741,87660,15.75,812.2
1668,160.9404,72.0129,0.0251,0.0141,3.2681,0.0598,0.0236,69.7100,0.0012,1,0.0446,3.7220,0.0471,0.9482,64.2875,0.0000,64.2875,1.4656,0.0000,0.0000,791,741,87660,15.80,812.2
1669,161.0135,73.1079,0.0234,0.0149,5.7429,0.0600,0.0224,64.2212,0.0013,1,0.0444,3.8670,0.0451,0.7578,63.4844,0.0000,63.4844,1.4782,0.0000,0.0000,791,741,87660,15.67,812.2
1670,161.0836,70.0926,0.1938,0.0162,2.7112,0.0612,0.0238,64.4744,0.0012,1,0.0485,3.4252,0.0455,1.1284,61.7292,0.0000,61.7292,1.4700,0.0000,0.0000,791,741,87660,15.73,812.2
1671,161.1511,67.4882,0.1311,0.0162,3.1772,0.0654,0.0238,72.4367,0.0013,1,0.0455,3.8892,0.0453,0.7448,62.3580,0.0000,62.3580,1.4710,0.0000,0.0000,791,741,87660,15.80,813.5
1672,161.2269,75.8589,0.0238,0.0173,3.8690,0.0694,0.0255,126.8182,0.0019,1,0.0445,3.5698,0.0471,0.7090,63.7827,0.0000,63.7827,1.4710,0.0000,0.0000,791,741,87660,15.70,813.5
1673,161.3578,100.0000,0.0336,0.0201,5.9362,0.0693,0.0260,5.6180,0.0013,1,0.0440,3.3960,0.0455,0.7327,61.4822,0.0000,61.4822,1.4618,0.0000,0.0000,791,741,87660,15.61,813.5
1674,161.3695,11.7118,0.0269,0.0164,3.2002,0.0750,0.0276,61.8179,0.0015,1,0.0453,3.7724,0.0468,0.7885,62.8815,0.0000,62.8815,1.4726,0.0000,0.0000,791,741,87660,15.72,813.5
1675,161.4346,65.1732,0.0301,0.0189,4.3409,0.1058,0.0351,64.0745,0.0017,1,0.0498,3.6209,0.0460,0.7823,61.2493,0.0000,61.2493,1.5978,0.0000,0.0000,791,741,87660,15.79,813.5
1676,161.5033,68.6146,0.0264,0.0177,3.7442,0.0916,0.0321,70.9536,0.0016,1,0.0451,3.4020,0.0455,0.9236,62.1662,0.0000,62.1662,1.4732,0.0000,0.0000,791,741,87660,15.68,813.5
1677,161.5781,74.8755,0.0259,0.0182,4.5089,0.0859,0.0321,58.1767,0.0015,1,0.0459,3.4078,0.0467,0.7639,61.6798,0.0000,61.6798,1.4682,0.0000,0.0000,791,741,87660,15.67,813.5
1678,161.6410,62.8565,0.0242,0.0188,4.4441,0.0783,0.0289,64.0557,0.0014,1,0.0459,3.3303,0.0467,0.6958,62.0921,0.0000,62.0921,1.4718,0.0000,0.0000,791,741,87660,15.74,813.5
1679,161.7097,68.6589,0.0331,0.0161,4.0880,0.0712,0.0260,63.1566,0.0018,1,0.0446,3.4099,0.0459,0.7204,61.7912,0.0000,61.7912,1.4615,0.0000,0.0000,791,741,87660,15.64,835.6
1680,161.7771,67.4002,0.0239,0.0168,5.0650,0.0756,0.0279,63.4175,0.0013,1,0.0466,3.4051,0.0452,0.6983,61.2990,0.0000,61.2990,1.4702,0.0000,0.0000,791,741,87660,15.63,835.6
1681,161.8457,68.6350,0.0203,0.0155,5.9356,0.0717,0.0249,127.4565,0.0016,1,0.0450,3.3751,0.0471,0.6778,60.8230,0.0000,60.8230,1.4737,0.0000,0.0000,791,741,87660,15.69,835.6
1682,161.9792,100.0000,0.0303,0.0203,5.8340,0.0645,0.0246,6.9372,0.0013,1,0.0450,3.4225,0.0468,0.7949,61.3470,0.0000,61.3470,1.4679,0.0000,0.0000,791,741,87660,15.52,835.6
1683,161.9921,12.9208,0.0250,0.0175,4.1023,0.0788,0.0291,59.9363,0.0016,1,0.0474,3.9111,0.0465,0.7240,63.0029,0.0000,63.0029,1.4712,0.0000,0.0000,791,741,87660,15.65,835.6
1684,162.0564,64.1992,0.2541,0.0503,3.1871,0.0761,0.0268,134.8312,0.0017,1,0.0451,3.3049,0.0458,0.7832,62.1031,0.0000,62.1031,1.4786,0.0000,0.0000,791,741,87660,15.54,835.6
1685,162.1948,100.0000,0.0935,0.0228,10.0032,0.0786,0.0271,17.5191,0.0012,1,0.0433,3.2499,0.0467,0.7159,61.5326,0.0000,61.5326,1.4648,0.0000,0.0000,791,741,87660,15.47,835.6
1686,162.2225,27.7524,0.0204,0.0141,5.5827,0.0671,0.0245,38.9081,0.0014,1,0.0446,3.3300,0.0468,0.8863,61.7481,0.0000,61.7481,1.4619,0.0000,0.0000,791,741,87660,15.56,835.6
1687,162.2672,44.6257,0.0262,0.0171,3.7247,0.0729,0.0247,132.9095,0.0014,1,0.0453,3.4968,0.0466,0.7537,62.4642,0.0000,62.4642,1.4650,0.0000,0.0000,791,741,87660,15.67,835.6
1688,162.4039,100.0000,0.0444,0.0183,2.8812,0.0932,0.0305,5.3732,0.0012,1,0.0448,3.2879,0.0470,0.7589,61.8163,0.0000,61.8163,1.4743,0.0000,0.0000,791,741,87660,15.50,874.0
1689,162.4124,8.4496,0.0242,0.0149,3.2829,0.0637,0.0239,61.4470,0.0013,1,0.0463,3.5594,0.0474,0.7434,60.4611,0.0000,60.4611,1.4664,0.0000,0.0000,791,741,87660,15.68,874.0
1690,162.4773,64.8650,0.0239,0.0151,3.3307,0.0684,0.0250,63.4826,0.0015,1,0.0447,3.4599,0.0458,0.7265,61.3062,0.0000,61.3062,1.4636,0.0000,0.0000,791,741,87660,15.72,874.0
1691,162.5442,66.9543,0.0274,0.0156,2.9174,0.1279,0.0281,63.6046,0.0014,1,0.0447,3.4224,0.0470,0.7433,60.4493,0.0000,60.4493,1.4701,0.0000,0.0000,791,741,87660,15.62,874.0
1692,162.6109,66.7301,0.0207,0.0158,3.6271,0.0679,0.0249,64.5296,0.0016,1,0.0464,3.4315,0.0460,0.6645,61.2713,0.0000,61.2713,1.4749,0.0000,0.0000,791,741,87660,15.69,874.0
1693,162.6793,68.3128,0.0303,0.0161,3.6487,0.0817,0.0271,63.6052,0.0014,1,0.0451,3.3886,0.0466,0.6963,61.8024,0.0000,61.8024,1.4665,0.0000,0.0000,791,741,87660,15.68,874.0
1694,162.7467,67.4181,0.0228,0.0161,3.8600,0.0712,0.0246,133.4684,0.0029,1,0.0448,3.3597,0.0471,0.7340,60.2782,0.0000,60.2782,1.4649,0.0000,0.0000,791,741,87660,15.61,874.0
1695,162.8842,100.0000,0.0253,0.0195,4.2569,0.0738,0.0277,5.6894,0.0013,1,0.0431,3.3721,0.0471,0.6616,61.7221,0.0000,61.7221,1.4601,0.0000,0.0000,791,741,87660,15.61,874.0
1696,162.8943,10.1013,0.0260,0.0159,2.9103,0.0750,0.0267,67.8421,0.0023,1,0.0450,3.5954,0.0471,0.7207,60.0047,0.0000,60.0047,1.4662,0.0000,0.0000,791,741,87660,15.65,874.0
1697,162.9652,70.9083,0.0360,1.0225,4.1588,0.0846,0.0311,59.3650,0.0017,1,0.0431,3.5295,0.0453,0.6615,62.1314,0.0000,62.1314,1.4679,0.0000,0.0000,791,741,87660,15.65,909.7
1698,163.0299,64.7184,3.3174,0.0192,6.8310,0.0711,0.0261,49.4918,0.0013,1,0.0459,3.5284,0.0471,0.7211,61.1757,0.0000,61.1757,1.4747,0.0000,0.0000,791,741,87660,15.66,909.7
1699,163.0896,59.7650,0.1604,0.0202,2.9322,0.0701,0.0253,133.2739,0.0019,1,0.0454,3.2789,0.0458,0.6588,60.9701,0.0000,60.9701,1.4699,0.0000,0.0000,791,741,87660,15.70,909.7
1700,163.2261,100.0000,0.0433,0.0178,3.1524,0.0678,0.0235,6.8071,0.0014,1,0.0458,3.2568,0.0460,0.6821,60.1733,0.0000,60.1733,1.4646,0.0000,0.0000,791,741,87660,15.64,909.7
1701,163.2364,10.1212,0.0224,0.0156,4.0645,0.0798,0.0268,56.6074,0.0011,1,0.0442,3.5373,0.0458,0.7191,61.7634,0.0000,61.7634,1.4604,0.0000,0.0000,791,741,87660,15.82,909.7
1702,163.2973,61.0084,0.0229,0.0144,2.8815,0.1529,0.0266,131.2373,0.0021,1,0.0439,3.3809,0.0452,0.6656,59.7786,0.0000,59.7786,1.4587,0.0000,0.0000,791,741,87660,15.75,909.7
1703,163.4316,100.0000,0.0317,0.0225,5.4270,0.0754,0.0261,5.9463,0.0017,1,0.0435,3.2638,0.0471,0.6681,60.7903,0.0000,60.7903,1.4607,0.0000,0.0000,791,741,87660,15.75,909.7
1704,163.4432,11.5387,0.0288,0.0169,3.3154,0.0729,0.0260,59.8768,0.0014,1,0.0462,3.8156,0.0466,0.8538,61.3912,0.0000,61.3912,1.4543,0.0000,0.0000,791,741,87660,15.94,909.7
1705,163.5065,63.3456,0.0241,0.0155,3.8412,0.0631,0.0229,62.7349,0.0015,1,0.0435,3.4801,0.0471,0.7171,60.5697,0.0000,60.5697,1.4622,0.0000,0.0000,791,741,87660,15.84,909.7
1706,163.5732,66.7102,0.0322,0.0152,3.0574,0.0737,0.0268,62.7160,0.0018,1,0.0463,3.5115,0.0455,0.7080,59.8776,0.0000,59.8776,1.4608,0.0000,0.0000,791,741,87660,15.91,949.0
1707,163.6391,65.9293,0.0236,0.0160,2.9752,0.0670,0.0298,62.6630,0.0014,1,0.0443,3.4962,0.0463,0.7025,59.6646,0.0000,59.6646,1.4592,0.0000,0.0000,791,741,87660,15.98,949.0
1708,163.7049,65.7829,0.0255,0.0163,2.9191,0.0657,0.0238,63.3768,0.0015,1,0.0463,3.4391,0.0459,0.7787,60.0470,0.0000,60.0470,1.4680,0.0000,0.0000,791,741,87660,15.87,949.0
1709,163.7714,66.4355,0.0258,0.0161,5.5571,0.0677,0.0244,129.3188,0.0015,1,0.0435,3.3858,0.0454,0.7753,60.9574,0.0000,60.9574,1.4572,0.0000,0.0000,791,741,87660,15.93,949.0
1710,163.9064,100.0000,0.0336,0.0195,3.5344,0.0798,0.0284,6.0564,0.0013,1,0.0454,3.3995,0.0466,0.7674,60.0195,0.0000,60.0195,1.4633,0.0000,0.0000,791,741,87660,15.80,949.0
1711,163.9161,9.7604,0.0282,0.0150,3.0111,0.0650,0.0245,59.9850,0.0012,1,0.0452,3.9451,0.0458,0.8992,60.1165,0.0000,60.1165,1.4648,0.0000,0.0000,791,741,87660,15.91,949.0
1712,163.9793,63.1375,0.0237,0.0149,2.8772,0.0710,0.0252,129.9916,0.0018,1,0.0458,3.4533,0.0457,0.8069,60.1064,0.0000,60.1064,1.7596,0.0000,0.0000,791,741,87660,15.99,949.0
1713,164.1123,100.0000,0.1747,0.0197,2.9060,0.0722,0.0290,6.1178,0.0015,1,0.0447,3.3426,0.0467,0.7740,60.0046,0.0000,60.0046,1.4603,0.0000,0.0000,791,741,87660,15.80,949.0
1714,164.1216,9.3282,0.2034,0.0169,5.3607,0.0813,0.0259,64.0165,0.0014,1,0.0468,3.4206,0.0459,0.7209,60.4229,0.0000,60.4229,1.4655,0.0000,0.0000,791,741,87660,15.92,949.0
1715,164.1913,69.7134,0.0281,0.0151,3.5252,0.0897,0.0266,57.2277,0.0014,1,0.0436,3.4360,0.0457,0.6843,61.4973,0.0000,61.4973,1.4603,0.0000,0.0000,791,741,87660,15.98,993.9
1716,164.2523,60.9205,0.0251,0.0150,3.5941,0.0674,0.0239,62.4862,0.0013,1,0.0458,3.3796,0.0455,0.6927,60.9443,0.0000,60.9443,1.4645,0.0000,0.0000,791,741,87660,15.87,993.9
1717,164.3185,66.2189,0.0210,0.0136,2.9882,0.0634,0.0228,131.9421,0.0021,1,0.0445,3.3260,0.0471,0.8526,60.2523,0.0000,60.2523,1.4625,0.0000,0.0000,791,741,87660,15.86,993.9
1718,164.4535,100.0000,0.0288,0.0269,4.7580,0.0713,0.0272,7.2831,0.0013,1,0.0438,3.2833,0.0473,0.6861,60.5005,0.0000,60.5005,1.4535,0.0000,0.0000,791,741,87660,15.80,993.9
1719,164.5931,100.0000,0.0216,0.0156,7.3300,0.0718,0.0269,12.2156,0.0014,1,0.0464,3.4760,0.0468,0.7676,66.3646,0.0000,66.3646,1.8132,0.0000,0.0000,791,741,87660,15.73,993.9
1720,164.6128,19.6922,0.0287,0.0202,3.4452,0.0940,0.0290,68.2542,0.0022,1,0.0444,3.6814,0.0471,0.6882,65.5140,0.0000,65.5140,1.4604,0.0000,0.0000,791,741,87660,15.83,993.9
1721,164.6847,71.8827,0.0352,0.0197,4.6519,0.0766,0.0267,5.9085,0.0013,1,0.0439,3.3300,0.0462,0.8110,60.1682,0.0000,60.1682,1.4615,0.0000,0.0000,791,741,87660,15.83,993.9
1722,164.6954,10.7264,0.0246,0.0151,2.7211,0.0653,0.0352,128.8534,0.0945,1,0.0461,3.3548,0.0471,0.9325,60.9072,0.0000,60.9072,1.4667,0.0000,0.0000,791,741,87660,15.94,993.9
1723,164.8277,100.0000,0.0481,0.0205,4.5596,0.0743,0.0282,5.7937,0.0014,1,0.0500,3.2916,0.0471,0.8296,60.0305,0.0000,60.0305,1.4604,0.0000,0.0000,791,741,87660,15.87,1031.4
1724,164.8382,10.5353,0.0262,0.0156,4.3546,0.0769,0.0272,55.9476,0.0018,1,0.0474,3.7409,0.0467,0.9193,60.2761,0.0000,60.2761,1.4556,0.0000,0.0000,791,741,87660,15.99,1031.4
1725,164.8987,60.4578,0.0270,0.0175,2.7379,0.0661,0.0238,64.1889,0.0012,1,0.0444,3.3076,0.0470,0.7332,60.3584,0.0000,60.3584,1.4523,0.0000,0.0000,791,741,87660,16.00,1031.4
1726,164.9657,67.0688,0.0228,0.0148,2.5989,0.0629,0.0239,75.2111,0.0015,1,0.0451,3.4046,0.0466,0.8335,61.7460,0.0000,61.7460,1.4591,0.0000,0.0000,791,741,87660,16.01,1031.4
1727,165.0437,77.9443,0.2616,0.0157,3.7705,0.0737,0.0310,55.7757,0.0014,1,0.0455,4.2378,0.0464,0.9621,61.1090,0.0000,61.1090,1.4613,0.0000,0.0000,791,741,87660,15.98,1031.4
1728,165.1036,59.9376,0.2513,0.0174,15.8173,0.0728,0.0260,48.8083,0.0014,1,0.0456,3.3569,0.0468,0.7447,60.1808,0.0000,60.1808,1.4524,0.0000,0.0000,791,741,87660,16.00,1031.4
1729,165.1686,65.0016,0.0269,0.0145,2.8457,0.0669,0.0254,132.2918,0.0016,1,0.0444,3.3418,0.0468,0.6753,61.2680,0.0000,61.2680,1.4582,0.0000,0.0000,791,741,87660,16.00,1031.4
1730,165.3039,100.0000,0.0291,0.0172,3.9530,0.0873,0.0300,5.9550,0.0017,1,0.0472,3.5082,0.0471,0.8786,61.4222,0.0000,61.4222,1.4590,0.0000,0.0000,791,741,87660,16.00,1031.4
1731,165.3140,10.0806,0.0245,0.0147,2.9869,0.0624,0.0232,60.2580,0.0018,1,0.0482,3.4732,0.0461,0.9277,60.3772,0.0000,60.3772,1.4604,0.0000,0.0000,791,741,87660,16.00,1031.4
1732,165.3773,63.3793,0.0381,0.0166,3.4587,0.0695,0.0251,129.4061,0.0016,1,0.0441,3.5780,0.0470,0.7450,60.6814,0.0000,60.6814,1.4597,0.0000,0.0000,791,741,87660,16.00,1031.4
1733,165.5104,100.0000,0.0309,0.0190,3.8296,0.1019,0.0314,5.2563,0.0014,1,0.0471,3.4336,0.0464,0.8617,60.1711,0.0000,60.1711,1.4580,0.0000,0.0000,791,741,87660,15.93,1031.4
1734,165.5197,9.2772,0.0241,0.0144,2.8338,0.0615,0.0231,62.3308,0.0012,1,0.0452,4.0092,0.0467,0.8316,60.1160,0.0000,60.1160,1.4531,0.0000,0.0000,791,741,87660,16.05,1031.4
1735,165.5850,65.2956,0.0200,0.0147,2.6026,0.0632,0.0225,62.9890,0.0011,1,0.0432,3.7547,0.0451,0.9616,60.9210,0.0000,60.9210,1.4600,0.0000,0.0000,791,741,87660,16.07,1031.4
1736,165.6507,65.7195,0.0239,0.0161,3.0069,0.1325,0.0260,62.8475,0.0013,1,0.0445,3.3288,0.0471,0.6939,60.4334,0.0000,60.4334,1.4571,0.0000,0.0000,791,741,87660,16.06,1031.4
1737,165.7167,66.0609,0.0237,0.0152,2.7601,0.0698,0.0300,68.2082,0.0014,1,0.0436,3.2836,0.0460,0.8430,60.2756,0.0000,60.2756,1.4521,0.0000,0.0000,791,741,87660,16.06,1031.4
1738,165.7879,71.1159,0.0224,0.0153,4.3197,0.0666,0.0237,58.4007,0.0013,1,0.0458,3.4796,0.0460,0.7773,61.0412,0.0000,61.0412,1.4463,0.0000,0.0000,791,741,87660,16.06,1031.4
1739,165.8507,62.8563,0.0250,0.0153,3.1702,0.0700,0.0262,64.4929,0.0011,1,0.0468,3.3093,0.0468,0.9150,60.5145,0.0000,60.5145,1.4503,0.0000,0.0000,791,741,87660,16.14,1031.4
1740,165.9185,67.8072,0.0314,0.0145,2.4727,0.0656,0.0229,64.4350,0.0012,1,0.0452,3.3771,0.0452,0.8356,60.9143,0.0000,60.9143,1.4575,0.0000,0.0000,791,741,87660,16.02,1078.9
1741,165.9856,67.0499,0.0243,0.0144,2.7450,0.0655,0.0242,132.2256,0.0016,1,0.0450,3.2973,0.0456,0.8205,61.0233,0.0000,61.0233,1.4663,0.0000,0.0000,791,741,87660,16.01,1078.9
1742,166.1207,100.0000,0.3528,0.0174,3.0875,0.0811,0.0282,5.8880,0.0012,1,0.0458,3.3620,0.0471,0.7623,60.3923,0.0000,60.3923,1.4577,0.0000,0.0000,791,741,87660,15.93,1078.9
1743,166.1301,9.4635,0.1285,0.0161,4.8827,0.0645,0.0228,59.8577,0.0012,1,0.0453,3.4755,0.0457,0.7921,60.8261,0.0000,60.8261,1.4591,0.0000,0.0000,791,741,87660,16.06,1078.9
1744,166.1951,64.9805,0.0221,0.0151,3.0561,0.0627,0.0235,63.8231,0.0017,1,0.0456,3.3810,0.0467,0.7721,61.9811,0.0000,61.9811,1.4613,0.0000,0.0000,791,741,87660,16.14,1078.9
1745,166.2621,67.0117,0.0251,0.0149,4.0073,0.0651,0.0241,62.9554,0.0011,1,0.0430,3.2973,0.0451,0.7451,61.4841,0.0000,61.4841,1.4489,0.0000,0.0000,791,741,87660,16.01,1078.9
1746,166.3292,67.0998,0.0220,0.0139,3.3667,0.0605,0.0261,132.7231,0.0016,1,0.0450,3.3248,0.0471,0.8935,60.1513,0.0000,60.1513,1.4565,0.0000,0.0000,791,741,87660,16.01,1078.9
1747,166.4655,100.0000,0.0204,0.0139,3.2036,0.0623,0.0219,4.8953,0.0012,1,0.0446,3.3648,0.0463,0.7875,61.6258,0.0000,61.6258,1.4495,0.0000,0.0000,791,741,87660,16.01,1078.9
1748,166.4737,8.2245,0.0223,0.0143,2.5029,0.0600,0.0236,59.0052,0.0011,1,0.0459,3.8789,0.0471,0.6873,59.5079,0.0000,59.5079,1.4619,0.0000,0.0000,791,741,87660,16.01,1078.9
1749,166.5353,61.6363,0.0312,0.0158,2.4919,0.0653,0.0230,87.8424,0.0014,1,0.0453,3.8524,0.0474,0.8246,60.6671,0.0000,60.6671,1.4566,0.0000,0.0000,791,741,87660,16.02,1133.3
1750,166.6258,90.4794,0.0237,0.0159,4.2978,0.0760,0.0285,43.3898,0.0013,1,0.0463,3.3428,0.0471,0.7334,61.4509,0.0000,61.4509,1.4494,0.0000,0.0000,791,741,87660,16.04,1133.3
1751,166.6736,47.8403,0.0261,0.0169,3.1248,0.0729,0.0259,65.3412,0.0016,1,0.0441,3.4861,0.0456,0.6733,61.9325,0.0000,61.9325,1.4530,0.0000,0.0000,791,741,87660,15.96,1133.3
1752,166.7422,68.6178,0.0257,0.0173,3.5052,0.0730,0.0266,63.8133,0.0016,1,0.0461,4.1572,0.0452,0.7857,62.1860,0.0000,62.1860,1.6548,0.0000,0.0000,791,741,87660,15.94,1133.3
1753,166.8097,67.4713,0.0265,0.0167,4.6948,0.0744,0.0269,129.8032,0.0027,1,0.0454,3.2911,0.0471,0.6655,61.5503,0.0000,61.5503,1.4565,0.0000,0.0000,791,741,87660,15.94,1133.3
1754,166.9444,100.0000,0.0337,0.0196,3.2695,0.0827,0.0276,8.6749,0.0015,1,0.0441,3.2892,0.0451,0.6942,61.0126,0.0000,61.0126,1.4595,0.0000,0.0000,791,741,87660,15.87,1133.3
1755,166.9565,12.1175,0.0230,0.0160,2.9249,0.2155,0.0250,63.2820,0.0013,1,0.0438,3.4897,0.0452,0.7865,61.9709,0.0000,61.9709,1.4579,0.0000,0.0000,791,741,87660,16.06,1133.3
1756,167.0230,66.5075,0.0242,0.0203,2.7366,0.0640,0.0229,129.4461,0.0023,1,0.0457,3.7349,0.0471,0.7642,61.9508,0.0000,61.9508,1.4617,0.0000,0.0000,791,741,87660,15.93,1133.3
1757,167.1554,100.0000,3.5703,1.9316,4.2790,0.0725,0.0245,8.4505,0.0013,1,0.0448,3.2397,0.0468,0.7352,60.6060,0.0000,60.6060,1.4588,0.0000,0.0000,791,741,87660,15.86,1160.0
1758,167.1737,18.3381,0.0215,0.0162,3.6167,0.0711,0.0257,49.7728,0.0016,1,0.0457,3.7121,0.0490,0.7471,60.3279,0.0000,60.3279,1.4521,0.0000,0.0000,791,741,87660,15.97,1160.0
1759,167.2272,53.5315,0.0238,0.0142,2.5093,0.0628,0.0226,133.5689,0.0023,1,0.0437,3.3494,0.0458,0.7273,60.8607,0.0000,60.8607,1.4562,0.0000,0.0000,791,741,87660,16.00,1160.0
1760,167.3634,100.0000,0.0299,0.0177,4.4276,0.0686,0.0236,4.9379,0.0013,1,0.0447,3.3682,0.0455,0.7700,63.0473,0.0000,63.0473,1.4524,0.0000,0.0000,791,741,87660,16.00,1160.0
1761,167.3730,9.5147,0.0242,0.0147,2.4603,0.0595,0.0218,60.5997,0.0013,1,0.0466,3.8811,0.0471,0.7619,59.7873,0.0000,59.7873,1.4479,0.0000,0.0000,791,741,87660,16.00,1160.0
1762,167.4362,63.1987,0.0249,0.0174,3.1854,0.0754,0.0266,130.9361,0.0025,1,0.0438,3.7783,0.0452,0.9832,60.2475,0.0000,60.2475,1.4540,0.0000,0.0000,791,741,87660,16.03,1160.0
1763,167.5704,100.0000,0.0255,0.0172,2.8913,0.0772,0.0255,5.1590,0.0014,1,0.0452,3.4889,0.0463,0.9339,60.8011,0.0000,60.8011,1.4537,0.0000,0.0000,791,741,87660,15.84,1160.0
1764,167.5786,8.2044,0.0240,0.0149,2.6833,0.0689,0.0240,65.4450,0.0012,1,0.0457,3.3429,0.0472,0.7533,59.6839,0.0000,59.6839,1.5970,0.0000,0.0000,791,741,87660,15.96,1160.0
1765,167.6469,68.2680,0.0214,0.0152,5.9915,0.1022,0.0290,125.1894,0.0018,1,0.0429,3.2725,0.0452,0.7017,61.2756,0.0000,61.2756,1.7815,0.0000,0.0000,791,741,87660,15.95,1160.0
1766,167.7783,100.0000,0.0413,0.0177,3.1273,0.0862,0.0298,6.5002,0.0017,1,0.0438,3.3346,0.0456,0.6778,61.9735,0.0000,61.9735,1.4570,0.0000,0.0000,791,741,87660,15.89,1163.1
1767,167.7881,9.8122,0.0253,0.0167,3.0625,0.0775,0.0333,61.8778,0.0015,1,0.0461,3.6352,0.0474,0.8208,62.0224,0.0000,62.0224,1.4487,0.0000,0.0000,791,741,87660,16.08,1163.1
1768,167.8532,65.1012,0.0213,0.0137,3.2683,0.0631,0.0234,132.6139,0.0024,1,0.0492,3.4678,0.0471,0.8970,61.1204,0.0000,61.1204,1.4460,0.0000,0.0000,791,741,87660,15.96,1163.1
1769,167.9892,100.0000,0.0281,0.0191,3.1883,0.1023,0.0321,5.8693,0.0013,1,0.0467,3.3682,0.0460,0.7752,62.0456,0.0000,62.0456,1.4525,0.0000,0.0000,791,741,87660,15.88,1163.1
1770,167.9984,9.2482,0.0298,0.0156,3.2103,0.0759,0.0271,61.9780,0.0013,1,0.0462,3.7585,0.0458,0.8759,61.9276,0.0000,61.9276,1.4519,0.0000,0.0000,791,741,87660,16.08,1163.1
1771,168.0638,65.3455,0.1598,0.0164,3.8878,0.0748,0.0265,131.0118,0.0018,1,0.0441,3.6004,0.0451,0.7723,61.1448,0.0000,61.1448,1.4557,0.0000,0.0000,791,741,87660,15.96,1163.1
1772,168.1990,100.0000,0.0452,0.0192,4.5470,0.0732,0.0281,7.3300,0.0014,1,0.0446,3.6509,0.0459,0.7310,60.9852,0.0000,60.9852,1.4439,0.0000,0.0000,791,741,87660,15.89,1163.1
1773,168.2111,12.0527,0.0256,0.0172,4.8245,0.0769,0.0278,57.3724,0.0014,1,0.0454,3.4141,0.0468,0.7264,61.6250,0.0000,61.6250,1.4471,0.0000,0.0000,791,741,87660,16.00,1163.1
1774,168.2734,62.3531,0.0265,0.0172,2.8094,0.0725,0.0252,64.4972,0.0015,1,0.0463,3.9419,0.0468,0.7149,59.9897,0.0000,59.9897,1.4505,0.0000,0.0000,791,741,87660,16.02,1163.1
1775,168.3409,67.4572,0.0256,0.0163,3.2520,0.0762,0.0263,64.3489,0.0012,1,0.0453,3.7780,0.0468,0.9877,60.7115,0.0000,60.7115,1.4493,0.0000,0.0000,791,741,87660,16.02,1163.1
1776,168.4086,67.7537,0.0345,0.0173,2.8815,0.0750,0.0276,130.2224,0.0016,1,0.0471,3.5966,0.0471,0.7617,60.3328,0.0000,60.3328,1.4492,0.0000,0.0000,791,741,87660,16.01,1163.1
1777,168.5419,100.0000,0.0317,0.0215,3.0226,0.0879,0.0317,5.9990,0.0014,1,0.0454,3.4247,0.0471,0.7435,60.6039,0.0000,60.6039,1.4587,0.0000,0.0000,791,741,87660,16.01,1163.1
1778,168.5511,9.2025,0.0253,0.0140,3.6250,0.0738,0.0275,59.2985,0.0013,1,0.0478,3.8400,0.0470,0.8289,59.5118,0.0000,59.5118,1.4468,0.0000,0.0000,791,741,87660,16.09,1163.1
1779,168.6142,63.0721,0.0244,0.0148,2.7191,0.0756,0.0259,375.1868,0.0018,1,0.0469,3.5546,0.0464,0.7940,60.2308,0.0000,60.2308,1.4515,0.0000,0.0000,791,741,87660,16.12,1163.1
1780,168.9922,100.0000,0.1900,0.0177,102.6726,1.1489,0.0325,17.3113,0.0015,1,0.0478,3.5226,0.0459,0.9708,60.4334,0.0000,60.4334,1.4530,0.0000,0.0000,791,741,87660,16.05,1163.1
1781,169.1136,100.0000,0.0271,0.6467,4.3316,0.0618,0.0233,197.7909,0.0022,1,0.0476,3.3289,0.0471,0.7352,61.1048,0.0000,61.1048,1.4520,0.0000,0.0000,791,741,87660,15.97,1163.1
1782,169.3165,100.0000,3.0511,0.0240,14.7791,0.0850,0.0300,12.6501,0.0017,1,0.0462,4.0126,0.0468,0.9688,66.1973,0.0000,66.1973,1.7586,0.0000,0.0000,791,741,87660,15.90,1163.1
1783,169.3471,30.6293,0.0391,0.0192,28.0707,0.0836,0.0308,91.7615,0.0019,1,0.0467,3.3582,0.0474,0.8092,63.5946,0.0000,63.5946,1.4420,0.0000,0.0000,791,741,87660,16.05,1163.1
1784,169.4672,100.0000,0.0339,0.0229,3.6877,0.0981,0.0339,48.7517,0.0013,1,0.0449,3.6413,0.0477,0.7228,65.4620,0.0000,65.4620,1.7797,0.0000,0.0000,791,741,87660,15.92,1163.1
1785,169.5198,52.6383,0.0220,0.0160,9.5861,0.0733,0.0270,16.6983,0.0015,1,0.0444,3.3755,0.0455,0.7534,63.3955,0.0000,63.3955,1.4440,0.0000,0.0000,791,741,87660,15.93,1163.1
1786,169.5462,26.4318,0.0264,0.0166,3.1638,0.0793,0.0274,78.8896,0.0015,1,0.0450,3.3844,0.0471,0.7525,63.7438,0.0000,63.7438,1.4460,0.0000,0.0000,791,741,87660,16.03,1163.1
1787,169.6284,82.2122,0.8152,0.0185,4.2155,0.0737,0.0273,155.0053,0.0019,1,0.0446,3.7273,0.0471,0.9118,62.8331,0.0000,62.8331,1.4475,0.0000,0.0000,791,741,87660,16.00,1163.1
1788,169.7886,100.0000,0.0279,0.0212,8.5839,0.0738,0.0279,120.2375,0.0022,1,0.0452,3.9649,0.0471,0.7278,65.2861,0.0000,65.2861,1.4497,0.0000,0.0000,791,741,87660,15.94,1163.1
1789,169.9176,100.0000,0.0330,0.0199,14.2823,0.0705,0.0256,6.2409,0.0014,1,0.0451,3.7102,0.0468,0.8129,63.8980,0.0000,63.8980,1.5685,0.0000,0.0000,791,741,87660,15.88,1163.1
1790,169.9383,20.6805,0.0241,0.0166,9.1974,0.0635,0.0241,48.9799,0.0018,1,0.0442,3.5836,0.0475,0.8212,63.2379,0.0000,63.2379,1.4482,0.0000,0.0000,791,741,87660,15.98,1163.1
1791,169.9966,58.3144,0.0304,0.0170,2.7676,0.0641,0.0234,68.3569,0.0013,1,0.0470,3.5599,0.0468,0.9155,63.4517,0.0000,63.4517,1.4395,0.0000,0.0000,791,741,87660,16.00,1163.1
1792,170.0679,71.2676,0.1334,0.0155,2.6488,0.0678,0.0248,64.2650,0.0013,1,0.0435,4.6657,0.0467,0.7353,63.7288,0.0000,63.7288,1.4504,0.0000,0.0000,791,741,87660,16.01,1163.1
1793,170.1350,67.1631,0.1230,0.0146,17.5544,0.0657,0.0235,68.4154,0.0013,1,0.0480,3.6999,0.0471,0.8240,63.8305,0.0000,63.8305,1.4453,0.0000,0.0000,791,741,87660,16.08,1163.1
1794,170.2212,86.2050,0.0218,0.0150,6.5287,0.0668,0.0241,122.4243,0.0022,1,0.0449,3.5533,0.0467,0.7537,66.1873,0.0000,66.1873,1.4459,0.0000,0.0000,791,741,87660,15.93,1163.1
1795,170.3503,100.0000,0.0331,0.0198,3.4193,0.0913,0.0303,8.7071,0.0013,1,0.0482,4.2683,0.0471,1.0428,63.0756,0.0000,63.0756,1.4499,0.0000,0.0000,791,741,87660,15.85,1163.1
1796,170.3626,12.3097,0.0252,0.0158,3.2507,0.0717,0.0264,64.9694,0.0014,1,0.0460,3.9332,0.0471,0.8075,63.4296,0.0000,63.4296,1.4448,0.0000,0.0000,791,741,87660,15.97,1163.1
1797,170.4310,68.3676,0.0239,0.0152,3.3379,0.0779,0.0282,149.1333,0.0021,1,0.0441,3.5988,0.0470,0.7850,62.8088,0.0000,62.8088,1.4536,0.0000,0.0000,791,741,87660,15.98,1163.1
1798,170.5836,100.0000,55.2969,0.0190,8.1062,0.0912,0.0321,9.0033,0.0019,1,0.0450,3.3760,0.0468,1.0006,63.2662,0.0000,63.2662,1.4406,0.0000,0.0000,791,741,87660,15.91,1163.1
1799,170.8529,100.0000,0.6686,0.0221,3.7804,0.0747,0.0283,14.5570,0.0025,1,0.0467,3.2502,0.0471,0.6608,62.2902,0.0000,62.2902,1.4464,0.0000,0.0000,791,741,87660,15.84,1163.1
1800,170.8720,19.1450,0.0252,0.0189,3.4100,0.0702,0.0246,73.7063,0.0021,1,0.0452,3.3766,0.0458,0.8977,67.7572,0.0000,67.7572,1.8174,0.0000,0.0000,791,741,87660,15.94,1163.1
1801,170.9493,77.2665,0.0320,0.0219,3.5073,0.0833,0.0267,5.7761,0.0015,1,0.0448,3.6180,0.0466,0.7477,63.4626,0.0000,63.4626,1.4486,0.0000,0.0000,791,741,87660,15.92,1163.1
1802,170.9588,9.4560,0.0227,0.0139,6.3744,0.0680,0.0241,70.0935,0.0017,1,0.0463,3.2955,0.0460,0.7809,62.2266,0.0000,62.2266,1.4451,0.0000,0.0000,791,741,87660,16.12,1163.1
1803,171.0354,76.6056,0.0232,0.0169,3.5354,0.0735,0.0251,61.3755,0.0017,1,0.0449,3.3953,0.0465,0.7581,62.8513,0.0000,62.8513,1.4436,0.0000,0.0000,791,741,87660,15.98,1163.1
1804,171.1004,65.0591,0.4678,0.0177,3.1837,0.0837,0.0294,139.4513,0.0020,1,0.0458,3.3434,0.0471,0.7927,63.8821,0.0000,63.8821,1.4456,0.0000,0.0000,791,741,87660,15.98,1163.1
1805,171.2437,100.0000,0.0507,0.0203,16.1499,0.0752,0.0268,14.7332,0.0016,1,0.0466,3.6916,0.0471,0.8519,63.6124,0.0000,63.6124,1.4367,0.0000,0.0000,791,741,87660,15.98,1163.1
1806,171.2747,31.0660,0.0247,0.0160,17.7821,0.0875,0.0304,96.7102,0.0016,1,0.0447,3.4516,0.0471,1.0681,63.1884,0.0000,63.1884,1.4545,0.0000,0.0000,791,741,87660,15.97,1163.1
1807,171.3896,100.0000,0.0378,0.0179,3.0908,0.0669,0.0234,80.3269,0.0014,1,0.0447,3.6530,0.0471,0.8941,63.3808,0.0000,63.3808,1.7569,0.0000,0.0000,791,741,87660,15.85,1163.1
1808,171.4732,83.5734,0.0261,0.0158,3.2893,0.0719,0.0257,9.5992,0.0011,1,0.0444,3.3675,0.0464,0.9470,62.6919,0.0000,62.6919,1.4406,0.0000,0.0000,791,741,87660,15.89,1163.1
1809,171.4862,13.0358,0.0262,0.0150,2.7905,0.0709,0.0236,166.4620,0.0021,1,0.0460,3.9936,0.0475,0.9847,62.9411,0.0000,62.9411,1.4541,0.0000,0.0000,791,741,87660,15.88,1163.1
1810,171.6556,100.0000,12.9133,0.0182,4.2215,0.0814,0.0711,269.4344,0.0018,1,0.0438,4.1069,0.0468,0.6733,62.7026,0.0000,62.7026,1.4444,0.0000,0.0000,791,741,87660,15.81,1163.1
1811,171.9424,100.0000,0.0270,0.0178,2.9625,0.0857,0.0291,17.5004,0.0013,1,0.0439,3.3157,0.0470,0.6922,61.4607,0.0000,61.4607,1.4416,0.0000,0.0000,791,741,87660,15.74,1163.1
1812,171.9630,20.6300,0.0208,0.0135,7.8365,0.0637,0.0262,117.6498,0.0012,1,0.0455,3.3982,0.0471,0.8163,63.6164,0.0000,63.6164,1.4433,0.0000,0.0000,791,741,87660,15.83,1163.1
1813,172.0886,100.0000,0.0280,0.0165,3.7095,0.0774,0.0264,8.8829,0.0012,1,0.0450,3.4903,0.0465,1.2411,64.7327,0.0000,64.7327,1.9133,0.0000,0.0000,791,741,87660,15.77,1163.1
1814,172.1014,12.7486,0.0207,0.0143,2.9858,0.0677,0.0228,199.9035,0.0011,1,0.0424,3.3918,0.0471,0.7761,65.2466,0.0000,65.2466,1.4438,0.0000,0.0000,791,741,87660,15.88,1163.1
1815,172.3044,100.0000,4.2053,0.0153,2.9587,0.0639,0.0301,314.5046,0.0014,1,0.0436,3.8350,0.0470,0.8519,64.2876,0.0000,64.2876,1.4398,0.0000,0.0000,791,741,87660,15.88,1163.1
1816,172.6262,100.0000,0.1427,0.0228,3.5764,0.0773,0.0276,82.7148,0.0021,1,0.0456,4.2947,0.0470,0.7946,64.3016,0.0000,64.3016,1.8950,0.0000,0.0000,791,741,87660,15.69,1163.1
1817,172.7128,86.5740,0.0344,0.0174,9.9964,0.0647,0.0244,6.8046,0.0014,1,0.0444,3.7452,0.0471,0.7497,63.8698,0.0000,63.8698,1.4424,0.0000,0.0000,791,741,87660,15.66,1163.1
1818,172.7297,16.9510,0.0220,0.0151,2.6678,0.0710,0.0250,414.4720,0.0018,1,0.0444,3.7251,0.0471,0.7914,64.0273,0.0000,64.0273,1.4411,0.0000,0.0000,791,741,87660,15.76,1163.1
1819,173.1470,100.0000,11.4621,0.0171,4.2410,0.0697,0.0251,112.4504,0.0020,1,0.0447,3.8671,0.0482,0.9400,64.8231,0.0000,64.8231,1.4400,0.0000,0.0000,791,741,87660,15.68,1163.1
1820,173.2753,100.0000,0.2225,0.0166,3.8957,0.0843,0.0272,16.2492,0.0015,1,0.0424,3.4296,0.0461,0.7480,63.2622,0.0000,63.2622,1.4398,0.0000,0.0000,791,741,87660,15.68,1163.1
1821,173.2958,20.5042,0.0267,0.0164,2.7170,0.0653,0.0244,67.0883,0.0014,1,0.0439,3.8211,0.0466,0.8142,64.8816,0.0000,64.8816,1.4397,0.0000,0.0000,791,741,87660,15.66,1163.1
1822,173.3657,69.9459,0.0218,0.0141,3.4084,1.3853,0.4577,89.6128,0.0012,1,0.0461,3.4673,0.0470,0.7352,63.3299,0.0000,63.3299,1.4440,0.0000,0.0000,791,741,87660,15.64,1163.1
1823,173.4606,94.9075,0.0284,0.0137,4.0283,0.0754,0.0261,77.9959,0.0016,1,0.0424,3.4625,0.0471,0.9096,66.4814,0.0000,66.4814,1.8272,0.0000,0.0000,791,741,87660,15.65,1163.1
1824,173.5428,82.1763,0.0259,0.0160,2.8814,0.0622,0.0231,20.4099,0.0013,1,0.0440,3.5011,0.0471,0.6909,62.9920,0.0000,62.9920,1.5892,0.0000,0.0000,791,741,87660,15.51,1163.1
1825,173.5662,23.4264,0.0234,0.0154,3.0205,0.0688,0.0246,123.8872,0.0013,1,0.0448,3.2864,0.0452,0.7625,63.5306,0.0000,63.5306,1.4446,0.0000,0.0000,791,741,87660,15.59,1163.1
1826,173.6933,100.0000,0.0251,0.0169,19.9876,0.0696,0.0240,6.7392,0.0014,1,0.0448,3.3406,0.0468,0.8194,62.2795,0.0000,62.2795,1.6305,0.0000,0.0000,791,741,87660,15.52,1163.1
1827,173.7202,26.8713,0.0263,0.0154,41.8361,0.0664,0.0237,238.6376,0.0018,1,0.0459,3.3137,0.0471,0.8101,64.1479,0.0000,64.1479,1.4380,0.0000,0.0000,791,741,87660,15.60,1163.1
1828,174.0008,100.0000,0.0278,0.0191,3.8014,0.1159,0.0311,206.5229,0.0020,1,0.0435,3.7511,0.0457,0.6742,63.8527,0.0000,63.8527,1.4461,0.0000,0.0000,791,741,87660,15.53,1163.1
1829,174.2113,100.0000,0.2168,0.0171,5.5811,0.0700,0.0253,10.5896,0.0011,1,0.0435,3.2799,0.0471,0.7540,64.6897,0.0000,64.6897,1.4394,0.0000,0.0000,791,741,87660,15.46,1163.1
1830,174.2278,16.5081,0.0236,0.0156,2.8666,0.0713,0.0250,120.6797,0.0015,1,0.0458,3.6757,0.0465,0.6874,62.7697,0.0000,62.7697,1.7571,0.0000,0.0000,791,741,87660,15.63,1163.1
1831,174.3515,100.0000,0.0287,0.0170,13.2519,0.0702,0.0255,33.4320,0.0015,1,0.0485,3.5697,0.0460,0.9400,64.5367,0.0000,64.5367,1.4417,0.0000,0.0000,791,741,87660,15.45,1163.1
1832,174.3983,46.8340,0.0213,0.0152,3.7604,0.0756,0.4693,95.1426,0.0023,1,0.0446,3.3210,0.0470,0.8509,62.5698,0.0000,62.5698,1.4480,0.0000,0.0000,791,741,87660,15.48,1163.1
1833,174.4978,99.4946,0.0306,0.0185,3.9590,0.0810,0.0274,141.9901,0.0018,1,0.0465,3.8059,0.0471,1.1608,64.0929,0.0000,64.0929,1.5974,0.0000,0.0000,791,741,87660,15.48,1163.1
1834,174.6440,100.0000,0.0348,0.0215,5.5395,0.0698,0.0254,164.8315,0.0013,1,0.0444,3.9722,0.0459,0.7157,67.4057,0.0000,67.4057,1.4398,0.0000,0.0000,791,741,87660,15.30,1163.1
1835,174.8145,100.0000,0.0231,0.0185,3.1733,0.0805,0.0247,4.7097,0.0012,1,0.0458,3.9090,0.0469,0.7025,65.5684,0.0000,65.5684,1.4436,0.0000,0.0000,791,741,87660,15.24,1163.1
1836,174.8225,8.0376,0.0229,0.0952,8.9666,0.0628,0.0231,183.8647,0.0017,1,0.0444,3.3080,0.0470,0.7127,63.4756,0.0000,63.4756,1.4371,0.0000,0.0000,791,741,87660,15.35,1163.1
1837,175.0156,100.0000,0.0359,0.0180,21.5185,0.0775,0.0247,147.4891,0.0021,1,0.0436,3.2368,0.0469,0.6716,62.9866,0.0000,62.9866,1.4413,0.0000,0.0000,791,741,87660,15.28,1163.1
1838,175.1847,100.0000,0.1692,0.0190,2.7942,0.0787,0.0261,7.6635,0.0014,1,0.0434,3.4808,0.0468,0.6697,62.3208,0.0000,62.3208,1.4355,0.0000,0.0000,791,741,87660,15.28,1163.1
1839,175.1955,10.7588,0.1187,0.0143,5.0162,0.0619,0.0228,202.6041,0.0021,1,0.0470,3.9878,0.0474,0.7671,62.8893,0.0000,62.8893,1.4412,0.0000,0.0000,791,741,87660,15.46,1163.1
1840,175.4034,100.0000,0.0315,0.0164,3.1762,0.0893,0.0317,158.9337,0.0018,1,0.0451,3.4263,0.0471,0.7758,63.6057,0.0000,63.6057,1.7464,0.0000,0.0000,791,741,87660,15.30,1163.1
1841,175.5656,100.0000,0.0306,0.0970,2.9016,0.0713,0.0232,4.9403,0.0013,1,0.0445,3.3905,0.0466,0.8170,63.4829,0.0000,63.4829,1.4460,0.0000,0.0000,791,741,87660,15.24,1163.1
1842,175.5737,8.0717,0.0217,0.0135,2.4948,0.0662,0.0219,93.4566,0.0012,1,0.0424,3.3380,0.0465,0.7105,62.7690,0.0000,62.7690,1.4339,0.0000,0.0000,791,741,87660,15.25,1163.1
1843,175.6698,96.0823,0.0214,0.0138,3.1872,0.0607,0.0228,111.4153,0.0015,1,0.0457,3.3291,0.0470,0.8479,64.5469,0.0000,64.5469,1.4294,0.0000,0.0000,791,741,87660,15.26,1163.1
1844,175.7845,100.0000,0.0281,0.0193,14.4347,0.0744,0.9549,6.8107,0.0057,1,0.0441,3.3443,0.0466,0.7905,64.7456,0.0000,64.7456,1.4335,0.0000,0.0000,791,741,87660,15.09,1163.1
1845,175.8069,22.3365,0.0287,0.0167,3.3982,0.0774,0.0269,133.4371,0.0014,1,0.0431,3.3266,0.0471,0.6905,63.7874,0.0000,63.7874,1.4352,0.0000,0.0000,791,741,87660,15.16,1163.1
1846,175.9439,100.0000,0.0278,0.0151,13.2101,0.0659,0.0230,151.2526,0.0019,1,0.0462,4.0110,0.0471,1.1309,63.3076,0.0000,63.3076,1.4522,0.0000,0.0000,791,741,87660,15.09,1163.1
1847,176.1085,100.0000,0.0268,0.0186,3.6430,0.1147,5.0341,92.1137,0.0022,1,0.0445,4.3191,0.0470,0.6993,64.1946,0.0000,64.1946,1.6108,0.0000,0.0000,791,741,87660,15.05,1163.1
1848,176.2094,100.0000,0.1439,0.0499,6.7548,0.2949,0.0236,4.7369,0.0010,1,0.0453,3.3180,0.0471,0.8236,63.7120,0.0000,63.7120,1.4389,0.0000,0.0000,791,741,87660,14.98,1163.1
1849,176.2214,12.0115,0.1669,0.0142,5.7104,0.0648,0.0216,109.9420,0.0013,1,0.0473,3.5205,0.0476,1.0260,62.9858,0.0000,62.9858,1.4395,0.0000,0.0000,791,741,87660,15.08,1163.1
1850,176.3374,100.0000,0.0196,0.0148,4.0424,0.0702,0.0253,96.5868,0.0017,1,0.0452,4.4303,0.0471,0.8748,64.7123,0.0000,64.7123,1.5875,0.0000,0.0000,791,741,87660,15.08,1163.1
1851,176.4382,100.0000,0.1525,0.0217,3.1773,0.0870,0.0234,112.6071,0.0018,1,0.0452,3.7759,0.0471,0.7987,63.7567,0.0000,63.7567,1.4354,0.0000,0.0000,791,741,87660,14.91,1163.1
1852,176.5543,100.0000,0.0364,0.0154,2.5839,0.0912,0.0290,4.7650,0.0012,1,0.0426,3.4479,0.0471,0.7865,63.0407,0.0000,63.0407,1.4386,0.0000,0.0000,791,741,87660,14.84,1163.1
1853,176.5619,7.5289,0.0222,0.0129,8.7072,0.0584,0.0214,97.2280,0.0014,1,0.0448,3.7474,0.0471,0.8261,62.9479,0.0000,62.9479,1.4414,0.0000,0.0000,791,741,87660,15.01,1163.1
1854,176.6679,100.0000,0.0198,0.0153,3.6444,0.0656,0.0244,75.4043,0.0017,1,0.0444,4.4244,0.0470,0.9374,64.3593,0.0000,64.3593,1.4407,0.0000,0.0000,791,741,87660,14.84,1163.1
1855,176.7471,79.1839,0.0258,0.0190,8.9742,0.0646,0.0236,22.2494,0.0016,1,0.0483,3.7972,0.0457,1.0926,65.2648,0.0000,65.2648,1.7347,0.0000,0.0000,791,741,87660,14.82,1163.1
1856,176.7785,31.3655,0.0269,0.0170,9.2271,0.0824,0.0266,337.8768,0.0020,1,0.0435,4.0111,0.0460,0.7966,64.0271,0.0000,64.0271,1.4321,0.0000,0.0000,791,741,87660,14.88,1163.1
1857,177.1257,100.0000,0.0352,0.0202,3.3776,0.0949,0.0315,197.8443,0.0016,1,0.0423,3.2425,0.0461,0.7817,64.2221,0.0000,64.2221,1.4354,0.0000,0.0000,791,741,87660,14.82,1163.1
1858,177.3271,100.0000,0.2486,0.0197,3.0260,0.0809,0.0294,41.2677,0.0019,1,0.0453,3.4745,0.0473,0.7669,64.9236,0.0000,64.9236,1.4337,0.0000,0.0000,791,741,87660,14.77,1163.1
1859,177.3718,44.6810,0.1959,0.0156,3.1054,0.0741,0.0249,123.5586,0.0017,1,0.0428,3.2620,0.0465,0.6924,63.4758,0.0000,63.4758,1.4351,0.0000,0.0000,791,741,87660,14.80,1163.1
1860,177.4988,100.0000,0.0430,0.0178,8.9911,0.4395,0.0248,180.6548,0.0013,1,0.0447,3.7446,0.0465,0.7338,65.7085,0.0000,65.7085,1.5970,0.0000,0.0000,791,741,87660,14.74,1163.1
1861,177.6890,100.0000,0.0224,0.0147,3.2695,0.0733,0.0258,5.0053,0.0013,1,0.0477,3.7454,0.0466,1.1549,63.4264,0.0000,63.4264,1.4414,0.0000,0.0000,791,741,87660,14.68,1163.1
1862,177.6974,8.4188,0.0247,0.0152,6.9438,0.0692,0.0308,260.0575,0.0023,1,0.0495,3.6459,0.2621,1.0115,62.6651,0.0000,62.6651,1.4393,0.0000,0.0000,791,741,87660,14.85,1163.1
1863,177.9646,100.0000,0.0272,0.0179,13.6185,0.0671,0.0256,332.4314,0.0018,1,0.0428,3.8613,0.0460,0.8296,63.5746,0.0000,63.5746,1.4385,0.0000,0.0000,791,741,87660,14.68,1163.1
1864,178.3108,100.0000,0.0431,0.0190,3.3513,0.0612,0.2734,12.9619,0.0011,1,0.0437,3.2887,0.0466,0.7127,63.2523,0.0000,63.2523,1.4358,0.0000,0.0000,791,741,87660,14.62,1163.1
1865,178.3275,16.7183,0.0200,0.0150,5.4031,0.0631,0.0223,230.4606,0.0021,1,0.0458,3.4277,0.0468,0.7454,63.3118,0.0000,63.3118,1.4327,0.0000,0.0000,791,741,87660,14.71,1163.1
1866,178.5635,100.0000,0.0300,0.0181,3.7873,0.0879,0.0275,97.9357,0.0017,1,0.0451,3.3142,0.0457,0.8501,63.8419,0.0000,63.8419,1.4380,0.0000,0.0000,791,741,87660,14.65,1163.1
1867,178.6654,100.0000,0.0419,0.0175,2.7436,0.0763,0.0272,10.1866,0.0013,1,0.0457,3.8534,0.0471,0.8769,63.4249,0.0000,63.4249,1.4453,0.0000,0.0000,791,741,87660,14.65,1163.1
1868,178.6785,13.1022,0.0227,0.0139,3.0351,0.0600,0.0216,187.8943,0.0028,1,0.0540,3.6713,0.0466,0.8879,64.7040,0.0000,64.7040,1.4367,0.0000,0.0000,791,741,87660,14.64,1163.1
1869,178.8695,100.0000,0.0679,0.0260,9.3184,0.0577,0.0225,131.7101,0.0011,1,0.0444,3.5841,0.0472,1.0942,64.5399,0.0000,64.5399,1.8212,0.0000,0.0000,791,741,87660,14.58,1163.1
1870,180.0062,100.0000,0.0330,0.0145,8.7934,0.0658,0.0233,6.1588,0.0019,1,0.0613,6.0791,0.0471,0.9421,68.4726,0.0000,68.4726,1.5793,0.0000,0.0000,791,741,87660,14.56,1163.1
1871,180.0213,15.0992,0.0804,0.0389,10.1589,0.1199,0.0281,86.9003,0.0021,1,0.0469,3.7950,0.0479,1.2616,64.1684,0.0000,64.1684,1.8120,0.0000,0.0000,791,741,87660,14.62,1163.1
1872,180.1186,97.3385,2.5521,0.0193,2.8192,0.0624,0.0229,13.6150,0.0013,1,0.0439,3.7009,0.0465,0.9544,66.0860,0.0000,66.0860,1.4406,0.0000,0.0000,791,741,87660,14.57,1163.1
1873,180.1377,19.0986,0.1236,0.0139,4.0288,0.0593,0.0407,76.9498,0.0013,1,0.0472,3.4720,0.0459,0.8002,62.2574,0.0000,62.2574,1.4360,0.0000,0.0000,791,741,87660,14.65,1163.1
1874,180.2189,81.2241,0.0220,0.0154,3.0961,0.0860,0.0281,49.6306,0.0013,1,0.0460,3.3163,0.0471,0.6665,64.1245,0.0000,64.1245,1.4337,0.0000,0.0000,791,741,87660,14.69,1163.1
1875,180.2718,52.8871,0.0216,0.0152,3.8066,0.0717,0.0260,81.7861,0.0013,1,0.0428,3.3603,0.0455,0.8210,65.6482,0.0000,65.6482,1.7293,0.0000,0.0000,791,741,87660,14.61,1163.1
1876,180.3576,85.7359,0.0256,0.0144,2.5289,0.0616,0.0276,56.7410,0.0014,1,0.0418,4.2956,0.0460,0.6988,63.6315,0.0000,63.6315,1.4396,0.0000,0.0000,791,741,87660,14.58,1163.1
1877,180.4170,59.4069,0.0248,0.0162,4.3455,0.0654,0.0238,64.0292,0.0013,1,0.0430,3.2795,0.0466,0.7291,65.2412,0.0000,65.2412,1.4305,0.0000,0.0000,791,741,87660,14.65,1163.1
1878,180.4855,68.5134,0.0226,0.0148,4.0033,0.0727,0.0288,135.6119,0.0018,1,0.0448,3.4003,0.0470,0.7566,62.1337,0.0000,62.1337,1.4273,0.0000,0.0000,791,741,87660,14.56,1163.1
1879,180.6253,100.0000,0.0274,0.0167,17.8932,0.1155,0.0267,12.9188,0.0013,1,0.0443,3.3943,0.0467,0.8049,62.8542,0.0000,62.8542,1.4305,0.0000,0.0000,791,741,87660,14.48,1163.1
1880,180.6563,31.0071,0.2923,0.0172,3.2909,0.0776,0.0294,58.1714,0.0012,1,0.0434,3.3326,0.0467,0.7885,64.7952,0.0000,64.7952,1.5805,0.0000,0.0000,791,741,87660,14.60,1163.1
1881,180.7182,61.8875,0.0251,0.0159,3.7420,0.0768,0.0276,64.3816,0.0013,1,0.0424,4.2079,0.0471,1.1733,62.4871,0.0000,62.4871,1.9656,0.0000,0.0000,791,741,87660,14.51,1163.1
1882,180.7864,68.2772,0.0263,0.0158,5.0233,0.0697,0.0249,84.0709,0.0013,1,0.0439,3.9313,0.0471,0.7854,64.0607,0.0000,64.0607,1.4293,0.0000,0.0000,791,741,87660,14.50,1163.1
1883,180.8757,89.2393,0.0264,0.0181,8.7017,0.0620,0.0220,107.6563,0.0020,1,0.0438,3.3967,0.0472,0.7342,63.9668,0.0000,63.9668,1.4331,0.0000,0.0000,791,741,87660,14.52,1163.1
1884,180.9922,100.0000,0.0427,0.0205,3.4101,0.0794,0.0273,9.5771,0.0012,1,0.0448,3.3285,0.0471,0.7195,63.9854,0.0000,63.9854,1.4362,0.0000,0.0000,791,741,87660,14.36,1163.1
1885,181.0053,13.1652,0.0237,0.0173,3.2505,0.0699,0.0288,97.8428,0.0013,1,0.0449,3.5164,0.0472,0.7885,65.2634,0.0000,65.2634,1.4341,0.0000,0.0000,791,741,87660,14.46,1163.1
1886,181.1066,100.0000,0.4715,0.0152,4.7164,0.0704,0.0219,48.5643,0.0015,1,0.0511,4.2713,0.0472,1.1963,64.8055,0.0000,64.8055,1.4448,0.0000,0.0000,791,741,87660,14.46,1163.1
1887,181.1605,53.8684,0.2237,0.0176,17.1682,0.0720,0.0257,44.0936,0.0015,1,0.0439,3.5435,0.0459,0.7559,64.3751,0.0000,64.3751,1.4295,0.0000,0.0000,791,741,87660,14.38,1163.1
1888,181.2221,61.6091,0.0217,0.0152,3.6909,0.0727,0.0250,61.8830,0.0012,1,0.0465,3.3956,0.0471,0.8417,63.8807,0.0000,63.8807,1.4361,0.0000,0.0000,791,741,87660,14.38,1163.1
1889,181.2878,65.7159,0.0232,0.0142,2.6525,0.0643,0.0226,85.3796,0.0016,1,0.0479,3.4065,0.0459,0.8909,64.8287,0.0000,64.8287,1.4324,0.0000,0.0000,791,741,87660,14.44,1163.1
1890,181.3760,88.1916,0.0225,0.0140,2.7630,0.0650,0.0212,55.4947,0.0015,1,0.0441,4.8235,0.0465,0.7242,64.9414,0.0000,64.9414,1.4353,0.0000,0.0000,791,741,87660,14.31,1163.1
1891,181.4344,58.3892,0.0210,0.0155,3.4664,0.0676,0.0269,73.9334,0.0014,1,0.0463,3.3236,0.0468,0.8740,65.2482,0.0000,65.2482,1.4284,0.0000,0.0000,791,741,87660,14.32,1163.1
1892,181.5119,77.5388,0.0304,0.0144,10.4596,0.0649,0.0235,51.6415,0.0012,1,0.0470,3.4529,0.0471,0.7086,63.8341,0.0000,63.8341,1.4309,0.0000,0.0000,791,741,87660,14.36,1163.1
1893,181.5741,62.2415,0.0228,0.0133,2.6562,0.0678,0.0236,67.6201,0.0015,1,0.0484,3.6801,0.2579,1.0445,66.1647,0.0000,66.1647,1.6815,0.0000,0.0000,791,741,87660,14.27,1163.1
1894,181.6446,70.4177,0.0310,0.0162,3.3165,0.0767,0.0265,141.0439,0.0016,1,0.0445,3.2844,0.0470,0.6676,64.2626,0.0000,64.2626,1.4332,0.0000,0.0000,791,741,87660,14.26,1163.1
1895,181.7891,100.0000,0.0320,0.0220,3.6201,0.0909,0.0330,9.7194,0.0015,1,0.0427,3.4595,0.0455,0.7398,64.1818,0.0000,64.1818,1.4320,0.0000,0.0000,791,741,87660,14.20,1163.1
1896,181.8026,13.5270,0.0258,0.0158,6.4625,0.0726,0.0278,104.5125,0.0014,1,0.0437,3.3399,0.0457,0.7380,63.4778,0.0000,63.4778,1.4356,0.0000,0.0000,791,741,87660,14.30,1163.1
1897,181.9137,100.0000,0.0239,0.0157,9.7240,0.0671,0.0236,141.8576,0.0018,1,0.0439,3.4090,0.0472,0.7797,63.4561,0.0000,63.4561,1.4356,0.0000,0.0000,791,741,87660,14.30,1163.1
1898,182.0655,100.0000,149.7984,0.0159,7.3484,0.0678,0.0230,5.2181,0.0027,1,0.0452,3.4927,0.0471,0.8470,64.4268,0.0000,64.4268,1.4247,0.0000,0.0000,791,741,87660,14.14,1163.1
1899,182.2279,100.0000,0.2520,0.0304,4.3601,0.0665,0.0239,154.4482,0.0019,1,0.0437,4.1646,0.0508,1.1469,64.7294,0.0000,64.7294,1.7241,0.0000,0.0000,791,741,87660,14.08,1163.1
1900,182.3871,100.0000,0.0250,0.0193,5.1570,0.0757,0.0282,5.7692,0.0012,1,0.0488,3.5169,0.0472,0.6902,64.1073,0.0000,64.1073,1.4344,0.0000,0.0000,791,741,87660,14.08,1163.1
1901,182.3982,11.0828,0.0246,0.0169,7.5938,0.0693,0.0249,71.6481,0.0014,1,0.0451,4.0878,0.0476,1.1712,64.6397,0.0000,64.6397,1.9001,0.0000,0.0000,791,741,87660,14.23,1163.1
1902,182.4776,79.3868,0.0236,0.0159,5.9403,0.1700,0.0303,165.3357,0.0016,1,0.0425,3.2579,0.0459,0.6891,63.5856,0.0000,63.5856,1.4282,0.0000,0.0000,791,741,87660,14.27,1163.1
1903,182.6491,100.0000,0.0327,0.0200,12.0210,0.0780,0.0287,83.1092,0.0016,1,0.0430,3.4044,0.0471,0.7623,64.5312,0.0000,64.5312,1.4292,0.0000,0.0000,791,741,87660,14.15,1163.1
1904,182.7444,95.2998,0.0301,0.0174,4.5470,0.0620,0.0223,60.3658,0.0016,1,0.0434,3.4291,0.0462,0.7558,63.5493,0.0000,63.5493,1.4328,0.0000,0.0000,791,741,87660,14.16,1163.1
1905,182.8095,65.0541,0.0231,0.0159,20.4469,0.0734,0.0247,19.3650,0.0025,1,0.0449,3.8482,0.0471,0.7209,62.4354,0.0000,62.4354,1.4265,0.0000,0.0000,791,741,87660,14.14,1163.1
1906,182.8494,39.9596,0.0235,0.0162,8.7461,0.0749,0.0262,68.3548,0.0015,1,0.0436,3.3940,0.0459,0.8151,64.3448,0.0000,64.3448,1.4284,0.0000,0.0000,791,741,87660,14.11,1163.1
1907,182.9267,77.2506,0.0344,0.0172,3.0360,0.0782,0.0241,35.7327,0.0013,1,0.0467,3.6251,0.0471,1.1043,64.8209,0.0000,64.8209,1.5774,0.0000,0.0000,791,741,87660,14.12,1163.1
1908,182.9656,38.9314,0.0273,0.0183,4.1529,3.6094,0.0390,370.6816,0.0021,1,0.0434,4.3200,0.0482,0.7612,62.8828,0.0000,62.8828,1.6134,0.0000,0.0000,791,741,87660,14.22,1163.1
1909,183.3442,100.0000,0.2051,0.0221,3.2812,0.1308,0.0269,121.2933,0.0023,1,0.0472,4.2165,0.0467,0.8524,63.3677,0.0000,63.3677,1.4249,0.0000,0.0000,791,741,87660,14.22,1163.1
1910,183.4691,100.0000,0.0413,0.0188,7.6964,0.0650,0.0234,6.4550,0.0024,1,0.0435,3.5332,0.0471,0.8435,65.9040,0.0000,65.9040,1.7915,0.0000,0.0000,791,741,87660,14.09,1163.1
1911,183.4834,14.3107,0.0244,0.0151,2.9325,0.0710,0.0261,125.7361,0.0014,1,0.0466,3.5095,0.0471,0.8794,63.5274,0.0000,63.5274,1.4366,0.0000,0.0000,791,741,87660,14.16,1163.1
1912,183.6123,100.0000,0.0246,0.0154,3.6863,0.0889,0.0327,7.3025,0.0014,1,0.0446,4.0861,0.0472,0.7045,67.2014,0.0000,67.2014,1.4333,0.0000,0.0000,791,741,87660,14.12,1163.1
1913,183.6234,11.1599,0.0291,0.0167,5.1239,0.0710,0.0268,90.3042,0.0013,1,0.0446,3.4620,0.0469,0.7846,62.8908,0.0000,62.8908,1.4247,0.0000,0.0000,791,741,87660,14.21,1163.1
1914,183.7190,95.5809,0.0246,0.0157,8.7520,0.0796,0.0294,100.8679,0.0021,1,0.0456,3.6796,0.0460,0.9451,63.7376,0.0000,63.7376,1.4277,0.0000,0.0000,791,741,87660,14.19,1163.1
1915,183.8288,100.0000,0.0564,0.0205,3.7577,0.0832,0.0294,14.6297,0.0017,1,0.0441,3.4961,0.0467,0.8171,62.9705,0.0000,62.9705,1.4328,0.0000,0.0000,791,741,87660,14.19,1163.1
1916,183.8474,18.5868,0.0274,0.0168,4.3049,0.0811,0.0371,154.5954,0.0020,1,0.0441,3.3089,0.0465,0.6845,63.6848,0.0000,63.6848,1.4311,0.0000,0.0000,791,741,87660,14.18,1163.1
1917,184.0064,100.0000,0.0445,0.0232,11.5566,0.0821,0.0285,96.1037,0.0019,1,0.0421,3.5337,0.0451,0.7440,63.7888,0.0000,63.7888,1.5971,0.0000,0.0000,791,741,87660,14.13,1163.1
1918,184.1143,100.0000,0.2132,0.0197,3.8469,0.0748,0.0263,9.9005,0.0013,1,0.0459,3.5252,0.0471,0.9555,62.7044,0.0000,62.7044,1.4309,0.0000,0.0000,791,741,87660,14.13,1163.1
1919,184.1284,14.0908,3.1484,0.0787,7.7452,17.0371,0.0278,77.8620,0.0014,1,0.0428,3.3181,0.0464,0.8968,60.3321,0.0000,60.3321,1.5915,0.0000,0.0000,791,741,87660,14.28,1163.1
1920,184.2343,100.0000,0.0240,0.0170,4.6094,0.2055,0.0283,27.0884,0.0012,1,0.0442,3.2154,0.0458,0.6774,64.1038,0.0000,64.1038,1.4243,0.0000,0.0000,791,741,87660,14.14,1163.1
1921,184.2663,31.9811,0.0208,0.0140,6.5648,0.0727,0.0257,57.7548,0.0013,1,0.0445,3.4820,0.0453,0.7934,64.1034,0.0000,64.1034,1.4263,0.0000,0.0000,791,741,87660,14.22,1163.1
1922,184.3307,64.4598,0.0213,0.0133,2.6511,0.4511,0.0240,115.4615,0.0010,1,0.0441,3.2561,0.0467,0.9052,63.1721,0.0000,63.1721,1.4213,0.0000,0.0000,791,741,87660,14.12,1163.1
1923,184.4494,100.0000,0.0250,0.0133,18.2810,0.0561,0.0212,17.6769,0.0017,1,0.0440,3.7415,0.0469,0.7542,63.1570,0.0000,63.1570,1.4300,0.0000,0.0000,791,741,87660,14.08,1163.1
1924,184.4854,36.0831,0.0231,0.0141,3.5247,0.0580,0.0207,78.4158,0.0014,1,0.0459,3.8687,0.0460,0.9232,62.6386,0.0000,62.6386,1.4346,0.0000,0.0000,791,741,87660,14.13,1163.1
1925,184.5675,82.0649,0.0682,0.0153,2.8901,0.0638,0.0238,115.9501,0.0037,1,0.0441,3.2338,0.0469,0.6842,62.0578,0.0000,62.0578,1.4280,0.0000,0.0000,791,741,87660,14.16,1163.1
1926,184.6865,100.0000,0.0346,0.0207,3.2182,0.0895,0.0307,126.8452,0.0014,1,0.0436,3.2094,0.0467,0.7127,62.7628,0.0000,62.7628,1.4215,0.0000,0.0000,791,741,87660,14.05,1163.1
1927,184.8168,100.0000,0.0193,0.0152,3.5077,0.0568,0.0213,4.3127,0.0018,1,0.0419,3.3458,0.0471,0.7451,62.3072,0.0000,62.3072,1.4221,0.0000,0.0000,791,741,87660,14.05,1163.1
1928,184.8247,7.9414,0.0198,0.0142,6.9366,0.0640,0.0239,60.6236,0.0014,1,0.0441,3.4217,0.0468,0.7536,62.5936,0.0000,62.5936,1.4305,0.0000,0.0000,791,741,87660,14.17,1163.1
1929,184.8924,67.7098,0.0237,0.0154,7.6719,0.0653,0.0246,64.9994,0.0015,1,0.0422,3.3241,0.0463,0.7332,61.9642,0.0000,61.9642,1.4235,0.0000,0.0000,791,741,87660,14.08,1163.1
1930,184.9652,72.8103,0.0265,0.0244,3.2314,0.0797,0.0256,83.4709,0.0015,1,0.0445,3.3497,0.0459,0.6807,63.1343,0.0000,63.1343,1.4283,0.0000,0.0000,791,741,87660,14.13,1163.1
1931,185.0521,86.8685,0.0352,0.0187,3.1430,0.0863,0.0259,52.5528,0.0016,1,0.0458,3.5243,0.0470,0.8719,62.8908,0.0000,62.8908,1.4292,0.0000,0.0000,791,741,87660,14.15,1163.1
1932,185.1080,55.8704,0.2282,0.0182,5.2290,0.2779,0.0307,88.8946,0.0015,1,0.0432,3.4205,0.0455,0.8069,62.3738,0.0000,62.3738,1.4214,0.0000,0.0000,791,741,87660,14.09,1163.1
1933,185.2027,94.6880,0.2127,0.0186,4.1611,0.0731,0.0262,86.2605,0.0015,1,0.0436,3.9560,0.0485,0.8742,62.7948,0.0000,62.7948,1.5703,0.0000,0.0000,791,741,87660,14.10,1163.1
1934,185.2934,90.7611,0.0214,0.0166,24.3621,0.0842,0.0246,5.8874,0.0015,1,0.0455,3.4347,0.0460,0.6751,64.7099,0.0000,64.7099,1.4290,0.0000,0.0000,791,741,87660,13.97,1163.1
1935,185.3238,30.4047,0.0805,0.0152,52.5548,0.0844,0.0290,10.4241,0.0013,1,0.0440,3.4604,0.0466,0.7554,63.1938,0.0000,63.1938,1.4169,0.0000,0.0000,791,741,87660,14.09,1163.1
1936,185.3870,63.1966,0.0229,0.0153,4.3248,0.1248,0.0261,68.7180,0.0014,1,0.0440,3.8796,0.0468,0.7274,62.6706,0.0000,62.6706,1.4236,0.0000,0.0000,791,741,87660,14.15,1163.1
1937,185.4603,73.2402,0.0252,0.0157,9.9910,0.0702,0.0255,53.4677,0.0015,1,0.0434,3.2912,0.0474,0.7905,61.9469,0.0000,61.9469,1.4305,0.0000,0.0000,791,741,87660,14.17,1163.1
1938,185.5239,63.6036,0.0692,0.0157,2.8379,0.0711,0.0251,179.9852,0.0022,1,0.0473,3.7360,0.0457,0.8784,62.8580,0.0000,62.8580,1.4240,0.0000,0.0000,791,741,87660,14.09,1163.1
1939,185.7069,100.0000,0.0463,0.0195,12.0209,0.0726,0.0256,134.5149,0.0017,1,0.0440,3.9901,0.0465,1.0703,60.9336,0.0000,60.9336,1.4263,0.0000,0.0000,791,741,87660,14.09,1163.1
1940,185.8536,100.0000,0.0307,0.0204,3.3980,0.0845,0.0303,5.5235,0.0012,1,0.0428,3.5278,0.0472,0.7722,63.4983,0.0000,63.4983,1.4316,0.0000,0.0000,791,741,87660,14.09,1163.1
1941,185.8627,9.0957,0.0247,0.0151,5.2752,0.1793,0.0278,78.1912,0.0012,1,0.0468,3.2504,0.0470,0.8131,62.4349,0.0000,62.4349,1.4215,0.0000,0.0000,791,741,87660,14.11,1163.1
1942,185.9464,83.7218,0.0257,0.0154,8.4823,0.0685,0.0248,51.2587,0.0015,1,0.0435,3.2913,0.0461,0.6863,62.9821,0.0000,62.9821,1.4290,0.0000,0.0000,791,741,87660,14.09,1163.1
1943,186.4782,100.0000,0.1152,0.0146,2.8906,0.0703,0.0228,10.6982,0.0018,1,0.0458,3.2651,0.0452,0.7011,61.5770,0.0000,61.5770,1.4296,0.0000,0.0000,791,741,87660,14.08,1163.1
1944,186.4921,13.8234,0.0285,0.0190,3.8826,0.0626,0.0222,69.0539,0.0018,1,0.0424,3.3021,0.0462,0.6729,65.1381,0.0000,65.1381,1.4203,0.0000,0.0000,791,741,87660,14.19,1163.1
1945,186.5651,73.0800,0.0239,0.0168,9.5850,0.0638,0.0232,4.6085,0.0012,1,0.0468,3.7688,0.0474,0.9733,63.4900,0.0000,63.4900,1.4252,0.0000,0.0000,791,741,87660,14.11,1163.1
1946,186.5795,14.3294,0.0243,0.0154,2.3740,0.0611,0.0222,128.8682,0.0018,1,0.0490,3.6389,0.0468,1.0974,62.8380,0.0000,62.8380,1.4264,0.0000,0.0000,791,741,87660,14.25,1163.1
1947,186.7108,100.0000,0.0432,0.0172,3.0108,0.0822,0.0277,9.1657,0.0012,1,0.0454,4.7641,0.0459,0.8533,63.8437,0.0000,63.8437,1.4207,0.0000,0.0000,791,741,87660,14.13,1163.1
1948,186.7232,12.3551,0.0378,0.0188,4.6055,0.0662,0.0248,60.7616,0.0011,1,0.0445,3.7681,0.0467,0.9541,63.3823,0.0000,63.3823,1.4198,0.0000,0.0000,791,741,87660,14.28,1163.1
1949,186.7887,65.5223,0.0220,0.0142,2.6476,0.0762,0.0248,70.6892,0.0014,1,0.0444,3.5209,0.0458,0.9462,63.2424,0.0000,63.2424,1.4147,0.0000,0.0000,791,741,87660,14.34,1163.1
1950,186.8622,73.4817,0.0196,0.0143,2.9918,0.0644,0.0237,62.6721,0.0012,1,0.0433,4.6434,0.0471,0.8030,63.6082,0.0000,63.6082,1.5735,0.0000,0.0000,791,741,87660,14.24,1163.1
1951,186.9280,65.7938,0.0223,0.0143,2.3398,0.0615,0.0289,142.5591,0.0018,1,0.0472,3.8257,0.0468,1.0342,63.8568,0.0000,63.8568,1.4268,0.0000,0.0000,791,741,87660,14.30,1163.1
1952,187.0730,100.0000,0.1540,0.0187,2.9883,0.0804,0.0317,6.8821,0.0015,1,0.0468,3.5337,0.0456,0.8600,62.8926,0.0000,62.8926,1.4225,0.0000,0.0000,791,741,87660,14.21,1163.1
1953,187.0832,10.1648,0.1363,0.0163,8.8424,0.0689,0.0237,66.7231,0.0017,1,0.0444,3.3510,0.0460,0.9885,62.2091,0.0000,62.2091,1.7334,0.0000,0.0000,791,741,87660,14.36,1163.1
1954,187.1590,75.8301,0.0259,0.0188,3.8998,0.0782,0.0272,120.8975,0.0016,1,0.0442,3.2379,0.0471,0.6813,62.8924,0.0000,62.8924,1.4258,0.0000,0.0000,791,741,87660,14.40,1163.1
1955,187.2840,100.0000,0.0314,0.0178,7.3815,0.0650,0.0237,4.7785,0.0015,1,0.0435,3.4016,0.0456,0.6972,62.4042,0.0000,62.4042,1.4217,0.0000,0.0000,791,741,87660,14.40,1163.1
1956,187.2963,12.3069,0.0353,0.0145,2.6787,0.0676,0.0254,61.8151,0.0011,1,0.0457,3.9139,0.0471,1.0313,61.6686,0.0000,61.6686,1.4244,0.0000,0.0000,791,741,87660,14.39,1163.1
1957,187.3609,64.6449,0.0330,0.0162,2.6621,0.1574,0.0245,64.4882,0.0013,1,0.0456,4.6244,0.0471,0.7324,61.5867,0.0000,61.5867,1.8274,0.0000,0.0000,791,741,87660,14.46,1163.1
1958,187.4283,67.3893,0.0195,0.0130,2.3451,0.0622,0.0212,67.9857,0.0017,1,0.0476,4.1398,0.0460,1.1018,63.6752,0.0000,63.6752,1.4264,0.0000,0.0000,791,741,87660,14.51,1163.1
1959,187.4988,70.4562,0.0221,0.0124,2.1775,0.0557,0.0213,74.3024,0.0012,1,0.0453,3.7575,0.0471,0.9670,62.4898,0.0000,62.4898,1.4274,0.0000,0.0000,791,741,87660,14.41,1163.1
1960,187.5754,76.6004,0.0205,0.0143,3.8605,0.0668,0.0232,64.9052,0.0017,1,0.0434,3.6679,0.0452,0.7926,64.3758,0.0000,64.3758,1.4244,0.0000,0.0000,791,741,87660,14.45,1163.1
1961,187.6443,68.8992,0.0260,0.0154,3.3588,0.0751,0.0264,67.2224,0.0022,1,0.0444,3.4386,0.0471,0.8953,63.8571,0.0000,63.8571,1.4270,0.0000,0.0000,791,741,87660,14.50,1163.1
1962,187.7150,70.7352,0.0739,0.0172,3.3784,0.0995,0.0218,62.2881,0.0015,1,0.0434,4.5124,0.0469,0.7434,63.7748,0.0000,63.7748,1.7366,0.0000,0.0000,791,741,87660,14.39,1163.1
1963,187.7809,65.8874,0.0243,0.0168,3.5077,0.0712,0.0258,135.8643,0.0016,1,0.0452,3.3080,0.0471,0.9260,62.6316,0.0000,62.6316,1.4237,0.0000,0.0000,791,741,87660,14.45,1163.1
1964,187.9204,100.0000,0.0375,0.0254,29.8584,0.2016,0.0277,13.7165,0.0016,1,0.0439,3.4151,0.0468,0.8102,62.0659,0.0000,62.0659,1.4261,0.0000,0.0000,791,741,87660,14.45,1163.1
1965,187.9643,43.8760,0.0234,0.0160,3.3478,0.0687,0.0257,32.3797,0.0014,1,0.0459,3.6724,0.0471,0.7250,63.7280,0.0000,63.7280,1.4256,0.0000,0.0000,791,741,87660,14.41,1163.1
1966,188.0002,35.8705,0.0271,0.0161,5.6522,4.0914,0.0328,59.1812,0.0014,1,0.0482,3.6112,0.0471,0.9318,63.5658,0.0000,63.5658,1.4213,0.0000,0.0000,791,741,87660,14.52,1163.1
1967,188.0692,69.0098,0.1520,0.0177,6.5198,0.0765,0.0742,66.5038,0.0015,1,0.0473,3.3386,0.0471,0.7926,63.2521,0.0000,63.2521,1.4272,0.0000,0.0000,791,741,87660,14.58,1163.1
1968,188.1425,73.3524,0.2731,0.0181,8.9242,0.0941,0.0330,59.1455,0.0017,1,0.0428,3.5050,0.0459,0.8519,62.6141,0.0000,62.6141,1.4183,0.0000,0.0000,791,741,87660,14.62,1163.1
1969,188.2110,68.5187,0.0272,0.0185,8.7641,0.0869,0.0276,60.8705,0.0013,1,0.0436,3.2430,0.0454,0.7127,64.4542,0.0000,64.4542,1.4139,0.0000,0.0000,791,741,87660,14.52,1163.1
1970,188.2809,69.8041,0.0238,0.0150,2.9575,0.0694,0.0258,66.0055,0.0013,1,0.0453,4.1260,0.0465,1.0668,62.4683,0.0000,62.4683,1.5869,0.0000,0.0000,791,741,87660,14.58,1163.1
1971,188.3499,69.1055,0.0210,0.0152,2.7014,0.0722,0.1556,65.2119,0.0012,1,0.0422,3.6414,0.0462,0.7307,63.3295,0.0000,63.3295,1.4208,0.0000,0.0000,791,741,87660,14.63,1163.1
1972,188.4181,68.1846,0.0185,0.0128,2.6449,0.0684,0.0226,134.7236,0.0019,1,0.0457,3.7160,0.0473,0.7708,62.4931,0.0000,62.4931,1.4229,0.0000,0.0000,791,741,87660,14.69,1163.1
1973,188.5556,100.0000,0.0406,0.0182,7.4645,0.0599,0.0213,5.4282,0.0011,1,0.0460,3.6212,0.0454,0.8004,63.3435,0.0000,63.3435,1.4267,0.0000,0.0000,791,741,87660,14.52,1163.1
1974,188.5687,13.0405,0.0238,0.0143,2.5658,0.0670,0.0276,74.3767,0.0018,1,0.0444,4.1064,0.0484,0.8684,63.1865,0.0000,63.1865,1.4300,0.0000,0.0000,791,741,87660,14.68,1163.1
1975,188.6458,77.0855,0.0256,0.0142,2.8733,0.0676,0.0301,146.0744,0.0019,1,0.0431,3.3674,0.0466,0.8561,63.0899,0.0000,63.0899,1.5694,0.0000,0.0000,791,741,87660,14.68,1163.1
1976,188.7949,100.0000,0.0289,0.0186,3.7938,0.0890,0.0426,8.3916,0.0014,1,0.0430,3.2945,0.0457,0.6848,63.8378,0.0000,63.8378,1.4213,0.0000,0.0000,791,741,87660,14.56,1163.1
1977,188.8072,12.3737,1.9922,0.3712,7.6091,0.0615,0.0246,197.4280,0.0016,1,0.0456,3.5499,0.0469,0.9834,62.6156,0.0000,62.6156,1.5769,0.0000,0.0000,791,741,87660,14.72,1163.1
1978,189.0147,100.0000,0.0255,0.0177,2.5945,0.1251,0.0259,149.0241,0.0022,1,0.0422,3.2900,0.0452,0.6725,61.9374,0.0000,61.9374,1.4277,0.0000,0.0000,791,741,87660,14.72,1163.1
1979,189.1665,100.0000,0.2102,0.0183,17.8121,0.0719,0.0226,4.9974,0.0016,1,0.0440,3.3818,0.0460,0.8129,63.3957,0.0000,63.3957,1.4239,0.0000,0.0000,791,741,87660,14.62,1163.1
1980,189.1897,23.1413,0.0250,0.0158,5.7789,0.0689,0.0256,159.0222,0.0015,1,0.0448,3.5434,0.0468,0.8033,62.9257,0.0000,62.9257,1.4266,0.0000,0.0000,791,741,87660,14.76,1163.1
1981,189.3546,100.0000,0.0317,0.0184,4.2588,0.3237,1.5097,110.6840,0.0023,1,0.0440,3.3157,0.0457,0.7086,64.0453,0.0000,64.0453,1.4126,0.0000,0.0000,791,741,87660,14.76,1163.1
1982,189.4715,100.0000,0.0866,0.0213,4.0458,0.0763,0.0279,10.4449,0.0013,1,0.0431,3.3875,0.0464,0.7086,62.4714,0.0000,62.4714,1.4200,0.0000,0.0000,791,741,87660,14.59,1163.1
1983,189.4862,14.7123,0.0276,0.0170,4.1655,0.0831,0.0287,111.8494,0.0012,1,0.0433,3.3551,0.0460,0.8154,61.8410,0.0000,61.8410,1.4188,0.0000,0.0000,791,741,87660,14.74,1163.1
1984,189.6024,100.0000,0.0240,0.0138,4.0714,0.0593,0.0221,79.9769,0.0018,1,0.0441,3.3074,0.0466,0.8211,62.7546,0.0000,62.7546,1.4194,0.0000,0.0000,791,741,87660,14.74,1163.1
1985,189.6866,84.1782,0.0359,0.0182,5.6316,0.0623,0.0223,17.2437,0.0015,1,0.0427,3.2304,0.0477,0.6656,63.6190,0.0000,63.6190,1.4214,0.0000,0.0000,791,741,87660,14.62,1163.1
1986,189.7096,23.0221,0.0240,0.0146,8.4016,0.0622,0.0229,70.9000,0.0017,1,0.0444,3.8003,0.0458,0.6885,66.5193,0.0000,66.5193,1.4186,0.0000,0.0000,791,741,87660,14.76,1163.1
1987,189.7890,79.4338,0.0242,0.0150,3.0302,0.0611,0.0231,96.7083,0.0012,1,0.0438,3.3277,0.0467,0.8576,63.2214,0.0000,63.2214,1.4242,0.0000,0.0000,791,741,87660,14.80,1163.1
1988,189.8889,99.8698,0.0248,0.0142,3.5770,0.0664,0.0226,29.0019,0.0014,1,0.0454,4.3797,0.0454,0.7479,64.3625,0.0000,64.3625,1.4233,0.0000,0.0000,791,741,87660,14.64,1163.1
1989,189.9216,32.7146,0.0202,0.0133,2.5981,0.0609,0.0224,53.2513,0.0010,1,0.0456,3.3874,0.0471,0.7311,62.8315,0.0000,62.8315,1.4245,0.0000,0.0000,791,741,87660,14.76,1163.1
1990,189.9776,55.9735,0.0221,0.0139,9.4108,0.1339,0.0254,79.8404,0.0015,1,0.0443,3.5402,0.0473,0.6861,64.1628,0.0000,64.1628,1.4175,0.0000,0.0000,791,741,87660,14.84,1163.1
1991,190.0670,89.4552,0.1462,0.0379,2.9670,0.0731,0.0261,50.0421,0.0016,1,0.0461,3.4371,0.0463,1.1263,62.8227,0.0000,62.8227,1.4231,0.0000,0.0000,791,741,87660,14.71,1163.1
1992,190.1203,53.3011,0.2680,0.0152,4.9457,0.0756,0.0240,91.7769,0.0012,1,0.0492,3.5770,0.0468,1.0555,61.8768,0.0000,61.8768,1.4165,0.0000,0.0000,791,741,87660,14.79,1163.1
1993,190.2174,97.1133,0.0211,0.0161,4.4969,0.0723,0.0262,37.9223,0.0012,1,0.0452,3.9192,0.0455,1.0821,63.8450,0.0000,63.8450,1.5969,0.0000,0.0000,791,741,87660,14.65,1163.1
1994,190.2600,42.5626,0.0224,0.0138,5.9641,0.0664,0.0285,59.3573,0.0014,1,0.0441,3.3710,0.0456,0.8602,62.7150,0.0000,62.7150,1.4201,0.0000,0.0000,791,741,87660,14.72,1163.1
1995,190.3255,65.4605,0.0235,0.0147,3.2378,0.0663,0.0242,74.1273,0.0012,1,0.0427,3.4264,0.0451,0.6915,63.7537,0.0000,63.7537,1.4188,0.0000,0.0000,791,741,87660,14.69,1163.1
1996,190.4030,77.5021,0.0280,0.0136,3.8321,0.0654,0.0233,115.3410,0.0011,1,0.0445,3.4018,0.0459,0.8027,65.2265,0.0000,65.2265,1.4185,0.0000,0.0000,791,741,87660,14.71,1163.1
1997,190.5223,100.0000,0.0194,0.0127,3.2823,0.0613,0.0236,49.5223,0.0017,1,0.0441,3.4079,0.0463,0.8641,64.0215,0.0000,64.0215,1.4266,0.0000,0.0000,791,741,87660,14.64,1163.1
1998,190.5752,52.9298,12.1672,0.0146,2.5621,0.0599,0.0222,89.0120,0.0014,1,0.0476,4.3755,0.0471,0.8779,63.9331,0.0000,63.9331,1.5822,0.0000,0.0000,791,741,87660,14.66,1163.1
1999,190.6790,100.0000,0.0243,0.0156,9.4075,0.0741,0.0255,7.9478,0.0014,1,0.0447,3.3661,0.0471,0.8222,63.3172,0.0000,63.3172,1.4241,0.0000,0.0000,791,741,87660,14.66,1163.1
2000,190.6965,17.5039,0.0250,0.0159,8.4412,0.0650,0.0262,72.6415,0.0014,1,0.0431,3.4422,0.0456,0.7397,63.2427,0.0000,63.2427,1.4209,0.0000,0.0000,791,741,87660,14.69,1163.1
2001,190.7778,81.2237,0.0204,0.0153,2.8499,0.0647,0.0225,77.9870,0.0012,1,0.0447,3.4413,0.0465,0.8643,63.8766,0.0000,63.8766,1.4123,0.0000,0.0000,791,741,87660,14.65,1163.1
2002,190.8587,80.9673,0.0188,0.0128,3.3834,0.0617,0.0235,34.6082,0.0014,1,0.0438,3.5681,0.0471,0.8951,64.8400,0.0000,64.8400,1.4194,0.0000,0.0000,791,741,87660,14.63,1163.1
2003,190.8969,38.1154,0.0230,0.0134,11.9635,0.0644,0.0226,55.4717,0.0011,1,0.0457,4.2552,0.0469,0.7517,65.0734,0.0000,65.0734,1.4249,0.0000,0.0000,791,741,87660,14.72,1163.1
2004,190.9644,67.5672,0.0308,0.0158,7.2954,0.0785,0.0238,120.6007,0.0010,1,0.0454,3.4966,0.0460,0.6780,63.8798,0.0000,63.8798,1.4208,0.0000,0.0000,791,741,87660,14.78,1163.1
2005,191.0925,100.0000,0.2599,0.0155,2.9594,0.0682,0.0223,13.7947,0.0011,1,0.0446,4.6923,0.0484,0.7756,66.6487,0.0000,66.6487,1.4188,0.0000,0.0000,791,741,87660,14.63,1163.1
2006,191.1096,17.1275,0.1572,0.0147,4.9421,0.0684,0.0248,213.3444,0.0016,1,0.0439,3.4006,0.0459,0.9176,63.1681,0.0000,63.1681,1.7617,0.0000,0.0000,791,741,87660,14.77,1163.1
2007,191.3282,100.0000,0.0283,0.0211,14.4747,0.0719,0.0263,62.5773,0.0020,1,0.0460,3.3604,0.0468,0.7352,64.3313,0.0000,64.3313,1.4259,0.0000,0.0000,791,741,87660,14.69,1163.1
2008,191.4054,77.2368,0.0331,0.0205,4.3933,0.0675,0.0234,6.1497,0.0017,1,0.0448,3.3448,0.0471,0.6780,63.1959,0.0000,63.1959,1.4229,0.0000,0.0000,791,741,87660,14.66,1163.1
2009,191.4161,10.6984,0.0900,0.0159,10.3992,0.0707,0.0358,89.4236,0.0012,1,0.0436,3.8591,0.0467,0.7004,63.7872,0.0000,63.7872,1.4233,0.0000,0.0000,791,741,87660,14.76,1163.1
2010,191.5161,100.0000,0.0207,0.0149,12.3394,0.0672,0.0234,31.6238,0.0014,1,0.0444,3.4571,0.0459,0.7373,65.4536,0.0000,65.4536,1.4116,0.0000,0.0000,791,741,87660,14.74,1163.1
2011,191.5602,44.0971,0.0217,0.0145,3.6474,0.0721,0.0238,66.2388,0.0012,1,0.0445,3.6109,0.0471,0.7932,63.1480,0.0000,63.1480,1.4206,0.0000,0.0000,791,741,87660,14.77,1163.1
2012,191.6303,70.0265,0.0311,0.0148,3.5827,0.0756,0.0248,131.9151,0.0021,1,0.0449,3.8150,0.0469,1.1309,64.4259,0.0000,64.4259,1.4196,0.0000,0.0000,791,741,87660,14.78,1163.1
2013,191.7659,100.0000,0.0316,0.0217,9.3066,0.1887,0.0270,5.5623,0.0015,1,0.0443,4.3583,0.0467,0.8272,62.6921,0.0000,62.6921,1.4128,0.0000,0.0000,791,741,87660,14.71,1163.1
2014,191.7811,15.1488,0.0277,0.0158,8.9774,0.1503,0.0270,56.8049,0.0015,1,0.0436,3.6137,0.0460,0.8044,63.7986,0.0000,63.7986,1.5601,0.0000,0.0000,791,741,87660,14.81,1163.1
2015,191.8471,66.0122,0.0245,0.0164,16.0712,0.0706,0.0250,54.4544,0.0013,1,0.0426,4.0730,0.0456,0.7438,64.6677,0.0000,64.6677,1.9439,0.0000,0.0000,791,741,87660,14.87,1163.1
2016,191.9178,70.6705,0.0232,0.0244,7.6950,0.0703,0.0319,62.1951,0.0013,1,0.0446,3.3280,0.0471,0.7002,64.1088,0.0000,64.1088,1.4168,0.0000,0.0000,791,741,87660,14.77,1163.1
2017,191.9878,70.0479,0.0243,0.0159,3.3640,0.0698,0.0271,138.1116,0.0018,1,0.0445,3.7800,0.0468,0.7666,64.7879,0.0000,64.7879,1.4219,0.0000,0.0000,791,741,87660,14.82,1163.1
2018,192.1294,100.0000,0.2806,0.0981,17.9904,0.0800,0.0694,11.0731,0.0014,1,0.0463,3.8807,0.0471,0.9011,65.2698,0.0000,65.2698,1.7237,0.0000,0.0000,791,741,87660,14.82,1163.1
2019,192.4454,100.0000,0.0364,0.0160,5.9673,0.1310,0.0252,10.5947,0.0063,1,0.0500,3.7212,0.0461,0.8520,66.9178,0.0000,66.9178,1.4157,0.0000,0.0000,791,741,87660,14.82,1163.1
2020,192.4622,16.7873,0.0360,0.0207,3.4730,0.0893,0.0361,78.9678,0.0019,1,0.0451,3.8455,0.0471,1.1246,67.8036,0.0000,67.8036,1.4150,0.0000,0.0000,791,741,87660,14.98,1163.1
2021,192.5448,82.6337,0.0300,0.0216,7.9847,0.0688,0.0261,12.1728,0.0014,1,0.0465,3.5596,0.0471,0.7205,64.1704,0.0000,64.1704,1.4123,0.0000,0.0000,791,741,87660,14.85,1163.1
2022,192.5651,20.3126,0.0256,0.0207,3.1982,0.0727,0.0268,58.8284,0.0012,1,0.0464,3.5802,0.0468,0.7266,62.7836,0.0000,62.7836,1.4115,0.0000,0.0000,791,741,87660,14.96,1163.1
2023,192.6273,62.1802,0.0225,0.0146,3.4726,0.0715,0.0260,56.5863,0.0017,1,0.0440,3.2890,0.0457,0.7270,61.8213,0.0000,61.8213,1.4217,0.0000,0.0000,791,741,87660,15.03,1163.1
2024,192.6875,60.2028,0.0259,0.0171,6.8960,0.0716,0.0250,85.9340,0.0014,1,0.0460,3.3229,0.0471,0.7107,61.8411,0.0000,61.8411,1.4158,0.0000,0.0000,791,741,87660,15.09,1163.1
2025,192.7805,92.9789,0.0209,0.0142,4.3296,0.0610,0.0255,46.4858,0.0028,1,0.0429,3.3401,0.0455,0.7516,63.9207,0.0000,63.9207,1.4125,0.0000,0.0000,791,741,87660,15.04,1163.1
2026,192.8314,50.9494,0.0257,0.0148,5.3243,0.1684,0.0245,61.7344,0.0016,1,0.0447,3.8540,0.0464,0.9503,61.9756,0.0000,61.9756,1.4194,0.0000,0.0000,791,741,87660,15.02,1163.1
2027,192.8987,67.3010,0.0262,0.0163,2.2268,0.0504,0.0200,68.7215,0.0013,1,0.0450,4.1368,0.0467,0.7638,63.9527,0.0000,63.9527,1.5688,0.0000,0.0000,791,741,87660,15.04,1163.1
2028,192.9698,71.0699,0.0344,0.0147,10.4445,0.0750,0.0338,69.4071,0.0014,1,0.0432,3.8243,0.0459,0.8602,63.7262,0.0000,63.7262,1.4161,0.0000,0.0000,791,741,87660,14.98,1163.1
2029,193.0498,80.0182,0.2228,0.0594,5.0918,0.0697,0.0241,51.2532,0.0014,1,0.0446,3.5457,0.0471,0.7919,62.3025,0.0000,62.3025,1.4155,0.0000,0.0000,791,741,87660,15.02,1163.1
2030,193.1066,56.7294,2.9032,0.0155,5.9443,0.0673,0.0233,69.4890,0.0015,1,0.0441,3.6496,0.0473,0.6758,63.5968,0.0000,63.5968,1.4129,0.0000,0.0000,791,741,87660,15.10,1163.1
2031,193.1850,78.4515,0.0223,0.0167,2.9571,0.0676,0.0246,63.0422,0.0010,1,0.0436,3.4412,0.0471,0.7827,62.4284,0.0000,62.4284,1.4118,0.0000,0.0000,791,741,87660,14.98,1163.1
2032,193.2511,66.1380,0.0230,0.0193,3.0518,0.0770,0.0277,63.7310,0.0012,1,0.0456,3.8004,0.0459,0.9923,63.1024,0.0000,63.1024,1.5755,0.0000,0.0000,791,741,87660,15.04,1163.1
2033,193.3181,66.9379,0.0240,0.0139,2.1514,0.0539,0.0194,65.3311,0.0013,1,0.0436,3.8830,0.0469,0.6840,63.7262,0.0000,63.7262,1.4260,0.0000,0.0000,791,741,87660,14.94,1163.1
2034,193.3857,67.6023,0.0240,0.0161,2.9489,0.0718,0.0267,135.2512,0.0017,1,0.0466,3.5392,0.0469,0.9338,61.9072,0.0000,61.9072,1.4217,0.0000,0.0000,791,741,87660,14.99,1163.1
2035,193.5240,100.0000,0.0452,0.0195,8.6332,0.0671,0.0250,5.1614,0.0015,1,0.0443,3.5595,0.0461,0.6960,62.8175,0.0000,62.8175,1.4167,0.0000,0.0000,791,741,87660,14.99,1163.1
2036,193.5380,13.9608,0.0240,0.0151,9.4618,0.0927,0.0282,55.0380,0.0017,1,0.0486,3.5421,0.0468,1.0399,64.7958,0.0000,64.7958,1.5531,0.0000,0.0000,791,741,87660,15.00,1163.1
2037,193.6027,64.6683,0.0260,0.0152,3.1330,0.0677,0.0243,67.2352,0.0014,1,0.0436,3.3028,0.0467,0.7004,64.5061,0.0000,64.5061,1.4211,0.0000,0.0000,791,741,87660,15.06,1163.1
2038,193.6732,70.5095,0.0231,0.0154,7.2885,0.0650,0.0237,60.7446,0.0017,1,0.0444,3.5295,0.0468,0.7430,62.9462,0.0000,62.9462,1.4141,0.0000,0.0000,791,741,87660,15.12,1163.1
2039,193.7413,68.1738,0.0275,0.0149,8.2612,0.0673,0.0237,138.9058,0.0020,1,0.0432,3.4659,0.0474,0.7311,61.7087,0.0000,61.7087,1.4107,0.0000,0.0000,791,741,87660,15.02,1163.1
2040,193.8887,100.0000,0.0309,0.0220,7.8534,0.1289,0.0382,6.6638,0.0014,1,0.0434,3.4099,0.0467,0.7741,62.4666,0.0000,62.4666,1.4180,0.0000,0.0000,791,741,87660,15.02,1163.1
2041,193.9034,14.7458,0.0255,0.0158,4.0000,0.0738,0.0290,59.6443,0.0017,1,0.0451,3.4950,0.0471,0.7749,62.7286,0.0000,62.7286,1.4108,0.0000,0.0000,791,741,87660,15.05,1163.1
2042,193.9672,63.7980,0.0324,0.0163,3.0828,0.0656,0.0243,71.2015,0.0011,1,0.0495,3.3886,0.0466,0.8755,61.9607,0.0000,61.9607,1.4154,0.0000,0.0000,791,741,87660,15.05,1163.1
2043,194.0416,74.4311,0.0206,0.0142,5.8631,0.0819,0.0251,54.1120,0.0012,1,0.0438,4.9172,0.0491,0.8479,61.8187,0.0000,61.8187,1.8516,0.0000,0.0000,791,741,87660,15.10,1163.1
2044,194.1018,60.1248,0.1323,0.0146,2.5669,0.0619,0.0222,155.3772,0.0016,1,0.0452,3.4850,0.0460,0.9689,63.3780,0.0000,63.3780,1.4132,0.0000,0.0000,791,741,87660,15.05,1163.1
2045,194.2599,100.0000,0.0437,0.0185,7.3115,0.0609,0.0298,6.4886,0.0012,1,0.0428,3.7462,0.0455,0.7024,63.0688,0.0000,63.0688,1.4164,0.0000,0.0000,791,741,87660,15.02,1163.1
2046,194.2739,13.9616,0.0216,0.0150,7.3885,0.0770,0.0310,56.4180,0.0013,1,0.0455,4.0591,0.0493,0.8948,62.4156,0.0000,62.4156,1.4302,0.0000,0.0000,791,741,87660,15.18,1163.1
2047,194.3379,63.9595,0.0263,0.0172,3.0410,0.0704,0.0261,62.5769,0.0012,1,0.0440,4.3607,0.0469,0.7505,61.9095,0.0000,61.9095,1.5927,0.0000,0.0000,791,741,87660,15.25,1163.1
2048,194.4037,65.7889,0.1930,0.0212,4.1343,0.0673,0.0327,65.5282,0.0011,1,0.0434,3.3244,0.0471,0.7528,63.6059,0.0000,63.6059,1.4062,0.0000,0.0000,791,741,87660,15.14,1163.1
2049,194.4736,69.9896,0.0209,0.0177,2.8358,0.0667,0.0243,66.8917,0.0015,1,0.0436,3.9826,0.0465,0.9073,63.7374,0.0000,63.7374,1.4192,0.0000,0.0000,791,741,87660,15.14,1163.1
2050,194.5435,69.8660,0.0245,0.0144,6.7368,0.0652,0.0233,68.6733,0.0012,1,0.0456,3.1990,0.0454,0.8350,61.9624,0.0000,61.9624,1.4106,0.0000,0.0000,791,741,87660,15.14,1163.1
2051,194.6191,75.5459,0.0234,0.0138,2.5166,0.0964,0.0223,63.9467,0.0011,1,0.0445,3.9675,0.0459,0.8247,62.3524,0.0000,62.3524,1.4119,0.0000,0.0000,791,741,87660,15.16,1163.1
2052,194.6857,66.6269,0.0249,0.0139,2.4546,0.0619,0.0216,64.6031,0.0012,1,0.0463,3.5262,0.0468,0.9646,62.7051,0.0000,62.7051,1.4170,0.0000,0.0000,791,741,87660,15.14,1163.2
2053,194.7529,67.1886,0.0223,0.0138,2.6595,0.0632,0.0238,135.1327,0.0017,1,0.0508,4.6958,0.0471,0.7698,62.2859,0.0000,62.2859,1.8304,0.0000,0.0000,791,741,87660,15.20,1163.2
2054,194.8908,100.0000,0.0317,0.0191,2.9291,0.0894,0.0299,8.6689,0.0015,1,0.0424,3.2841,0.0469,0.6554,63.0942,0.0000,63.0942,1.4137,0.0000,0.0000,791,741,87660,15.18,1163.2
2055,194.9026,11.7776,0.0253,0.0177,3.0636,0.0991,0.0280,66.0694,0.0015,1,0.0458,3.5714,0.0465,0.7695,63.0324,0.0000,63.0324,1.4127,0.0000,0.0000,791,741,87660,15.21,1163.2
2056,194.9719,69.3115,0.0236,0.0159,3.5764,0.0720,0.0262,79.3854,0.0014,1,0.0440,3.2982,0.0458,0.7497,62.3174,0.0000,62.3174,1.6041,0.0000,0.0000,791,741,87660,15.20,1163.2
2057,195.0550,83.1077,0.1338,0.0147,2.9020,0.0654,0.0248,46.9411,0.0016,1,0.0448,3.9243,0.0471,0.7414,63.9941,0.0000,63.9941,1.7030,0.0000,0.0000,791,741,87660,15.18,1163.2
2058,195.1051,50.0897,0.1194,0.0144,3.6445,0.0604,0.0220,66.5217,0.0013,1,0.0445,3.8065,0.0471,0.9592,62.0500,0.0000,62.0500,1.5564,0.0000,0.0000,791,741,87660,15.21,1163.2
2059,195.1755,70.3905,0.0233,0.0155,2.0852,0.0498,0.0190,65.0667,0.0014,1,0.0433,3.2854,0.0461,0.8443,62.4716,0.0000,62.4716,1.4137,0.0000,0.0000,791,741,87660,15.27,1163.2
2060,195.2428,67.2670,0.0298,0.0139,2.0099,0.0621,0.0442,64.8360,0.0013,1,0.0448,3.2789,0.0471,0.6717,60.8719,0.0000,60.8719,1.4113,0.0000,0.0000,791,741,87660,15.33,1163.2
2061,195.3098,67.0046,0.0242,0.0152,2.3430,0.0587,0.0209,67.4503,0.0011,1,0.0466,3.3211,0.0469,0.8233,63.4364,0.0000,63.4364,1.4115,0.0000,0.0000,791,741,87660,15.22,1163.2
2062,195.3797,69.9193,0.0218,0.0131,6.4039,0.0653,0.0231,141.1550,0.0021,1,0.0436,3.2870,0.0468,0.7615,63.6156,0.0000,63.6156,1.4106,0.0000,0.0000,791,741,87660,15.24,1163.2
2063,195.5274,100.0000,0.0345,0.0213,3.7046,0.1332,0.0368,11.3367,0.0012,1,0.0427,3.2760,0.0461,0.7146,62.2584,0.0000,62.2584,1.4128,0.0000,0.0000,791,741,87660,15.24,1163.2
2064,195.5427,15.3057,0.0271,0.0163,4.6590,0.0700,0.0263,61.4262,0.0014,1,0.0451,3.4165,0.0471,0.8744,64.7521,0.0000,64.7521,1.4061,0.0000,0.0000,791,741,87660,15.24,1163.2
2065,195.6089,66.2346,0.0217,0.0160,2.7536,0.0665,0.0242,131.4870,0.0020,1,0.0435,4.5203,0.0471,0.7347,62.2464,0.0000,62.2464,1.8631,0.0000,0.0000,791,741,87660,15.25,1163.2
2066,195.7433,100.0000,0.0334,0.0191,3.2416,0.0986,0.0349,15.3908,0.0019,1,0.0428,3.2834,0.0482,0.6635,62.7412,0.0000,62.7412,1.6021,0.0000,0.0000,791,741,87660,15.09,1163.2
2067,195.7621,18.8282,0.0224,0.0153,3.8125,0.0717,0.0276,56.6544,0.0021,1,0.0461,3.8144,0.0459,0.9987,63.3683,0.0000,63.3683,1.4086,0.0000,0.0000,791,741,87660,15.25,1163.2
2068,195.8227,60.6139,0.0252,0.0192,3.1399,0.0696,0.0243,130.9194,0.0020,1,0.0484,3.3700,0.0471,0.8752,62.3153,0.0000,62.3153,1.4044,0.0000,0.0000,791,741,87660,15.15,1163.2
2069,195.9569,100.0000,0.0402,0.0190,5.4661,0.0596,0.0219,9.8826,0.0011,1,0.0452,3.8892,0.0476,0.7660,62.0031,0.0000,62.0031,1.4091,0.0000,0.0000,791,741,87660,15.09,1163.2
2070,195.9724,15.4976,0.0193,0.0121,2.7912,0.0571,0.0198,67.5540,0.0011,1,0.0444,3.8299,0.0468,0.8930,64.7451,0.0000,64.7451,1.4155,0.0000,0.0000,791,741,87660,15.20,1163.2
2071,196.0429,70.4607,0.1779,0.0137,2.6331,0.0503,0.0185,59.1681,0.0015,1,0.0505,3.5606,0.0471,1.1350,62.4813,0.0000,62.4813,1.4065,0.0000,0.0000,791,741,87660,15.19,1163.2
2072,196.1050,62.0693,0.1286,0.0132,3.4549,0.0572,0.0213,71.3920,0.0015,1,0.0449,3.5063,0.0458,0.9564,63.6151,0.0000,63.6151,1.4048,0.0000,0.0000,791,741,87660,15.26,1163.2
2073,196.1800,75.0760,0.0268,0.0171,3.0912,0.0696,0.0270,130.7017,0.0026,1,0.0432,4.3688,0.0458,0.7375,64.1042,0.0000,64.1042,1.5570,0.0000,0.0000,791,741,87660,15.14,1163.2
2074,196.3140,100.0000,0.0293,0.0199,7.7379,0.0963,0.0307,6.5335,0.0012,1,0.0443,3.2399,0.0471,0.6831,63.2861,0.0000,63.2861,1.4131,0.0000,0.0000,791,741,87660,15.09,1163.2
2075,196.3284,14.4557,0.0239,0.0156,3.2579,0.0673,0.0238,60.7007,0.0011,1,0.0459,3.5740,0.0456,0.7660,62.0360,0.0000,62.0360,1.4090,0.0000,0.0000,791,741,87660,15.26,1163.2
2076,196.3925,64.0967,0.0238,0.0144,3.2410,0.0660,0.0244,64.8771,0.0016,1,0.0455,3.3414,0.0456,0.7995,63.0994,0.0000,63.0994,1.4066,0.0000,0.0000,791,741,87660,15.16,1163.2
2077,196.4608,68.2550,0.0268,0.0152,2.8228,0.0704,0.0244,63.2625,0.0012,1,0.0435,4.0901,0.0485,0.9052,62.6010,0.0000,62.6010,1.8844,0.0000,0.0000,791,741,87660,15.15,1163.2
2078,196.5270,66.2294,0.0308,0.0146,2.3885,0.0515,0.0195,68.0330,0.0013,1,0.0440,3.7437,0.0474,0.7802,63.9018,0.0000,63.9018,1.4090,0.0000,0.0000,791,741,87660,15.15,1163.2
2079,196.5976,70.5456,0.0211,0.0127,2.4248,0.0584,0.0217,67.5132,0.0013,1,0.0451,3.6982,0.0458,0.9015,63.3202,0.0000,63.3202,1.3964,0.0000,0.0000,791,741,87660,15.15,1163.2
2080,196.6676,70.0595,0.0231,0.0230,5.3895,0.0670,0.0229,139.9377,0.0022,1,0.0465,3.3046,0.0472,0.6876,63.7433,0.0000,63.7433,1.4083,0.0000,0.0000,791,741,87660,15.16,1163.2
2081,196.8131,100.0000,0.0355,0.0215,3.1305,0.0754,0.0264,9.6592,0.0017,1,0.0437,3.2541,0.0464,0.8720,62.5644,0.0000,62.5644,1.4094,0.0000,0.0000,791,741,87660,15.10,1163.2
2082,196.8261,12.9673,0.0252,0.0171,3.1551,0.0994,0.0265,63.9810,0.0013,1,0.0473,3.6511,0.0471,0.7557,64.6771,0.0000,64.6771,1.4078,0.0000,0.0000,791,741,87660,15.21,1163.2
2083,196.8934,67.3126,0.0246,0.0156,3.2829,0.0724,0.0264,66.3014,0.0012,1,0.0445,3.6150,0.0454,0.9041,63.7254,0.0000,63.7254,1.4132,0.0000,0.0000,791,741,87660,15.21,1163.2
2084,196.9631,69.7313,0.0252,0.0170,2.4966,0.0627,0.0230,70.5497,0.0018,1,0.0446,4.3956,0.0457,0.8826,62.1840,0.0000,62.1840,1.4122,0.0000,0.0000,791,741,87660,15.27,1163.2
2085,197.0363,73.1852,0.0376,0.0394,10.3725,0.0803,0.0295,54.6559,0.0016,1,0.0445,4.6921,0.0452,0.8068,63.1290,0.0000,63.1290,1.4056,0.0000,0.0000,791,741,87660,15.21,1163.2
2086,197.1015,65.2240,0.1588,0.0171,6.5755,0.0738,0.0346,61.6899,0.0012,1,0.0452,3.2867,0.0471,0.7668,62.3855,0.0000,62.3855,1.4113,0.0000,0.0000,791,741,87660,15.16,1163.2
2087,197.1701,68.5737,0.1275,0.0163,8.5827,0.0696,0.0238,132.3540,0.0016,1,0.0463,3.3831,0.0471,0.7414,63.2851,0.0000,63.2851,1.4053,0.0000,0.0000,791,741,87660,15.16,1163.2
2088,197.3113,100.0000,0.0293,0.0196,3.2772,0.0939,0.0320,5.2268,0.0017,1,0.0464,3.3978,0.0459,0.8233,62.6098,0.0000,62.6098,1.4140,0.0000,0.0000,791,741,87660,15.11,1163.2
2089,197.3200,8.6880,0.0328,0.0154,7.9675,0.0669,0.0234,57.6922,0.0014,1,0.0464,3.5174,0.0468,0.9295,62.3781,0.0000,62.3781,1.4123,0.0000,0.0000,791,741,87660,15.22,1163.2
2090,197.3858,65.8066,0.0240,0.0146,6.6525,0.0708,0.0240,278.6512,0.0017,1,0.0450,3.3702,0.0452,0.7038,62.6085,0.0000,62.6085,1.4131,0.0000,0.0000,791,741,87660,15.23,1163.2
2091,197.6712,100.0000,0.5267,0.0198,14.7770,0.0760,0.0266,16.9551,0.0015,1,0.0444,3.9608,0.1927,0.7103,61.6315,0.0000,61.6315,1.4043,0.0000,0.0000,791,741,87660,15.17,1163.2
2092,197.7036,32.3914,1.5194,0.0167,8.6716,0.0752,0.0283,40.1499,0.0014,1,0.0489,3.5945,0.0474,0.8557,65.6344,0.0000,65.6344,1.4051,0.0000,0.0000,791,741,87660,15.24,1163.2
2093,197.7541,50.4702,0.2541,0.0185,9.2349,0.0745,0.0270,84.2048,0.0020,1,0.0445,4.0332,0.0468,0.6853,63.4738,0.0000,63.4738,1.4107,0.0000,0.0000,791,741,87660,15.34,1163.2
2094,197.8479,93.8242,0.0312,0.1087,4.6119,0.0729,0.0262,108.6256,0.0019,1,0.0479,3.4923,0.0471,0.7639,63.2585,0.0000,63.2585,1.4111,0.0000,0.0000,791,741,87660,15.18,1163.2
2095,197.9614,100.0000,0.0320,0.0186,3.7838,0.0783,0.0611,4.8629,0.0011,1,0.0464,3.4598,0.0455,0.8151,64.0973,0.0000,64.0973,1.4096,0.0000,0.0000,791,741,87660,15.14,1163.2
2096,197.9702,8.8442,0.0226,0.0138,1.9744,0.0493,0.0186,67.5072,0.0012,1,0.0475,4.0643,0.0459,0.8852,64.1771,0.0000,64.1771,1.4106,0.0000,0.0000,791,741,87660,15.31,1163.2
2097,198.4296,100.0000,0.1058,0.0151,3.7779,0.0635,0.0250,5.9720,0.0019,1,0.0465,4.4384,0.0468,1.1810,68.4963,0.0000,68.4963,1.4315,0.0000,0.0000,791,741,87660,15.14,1163.2
2098,198.4396,9.9709,0.0841,0.0201,7.7426,0.0660,0.0237,73.9471,0.0017,1,0.0442,3.3756,0.0455,1.0551,64.8645,0.0000,64.8645,1.4142,0.0000,0.0000,791,741,87660,15.32,1163.2
2099,198.5215,81.8948,0.0314,0.0185,2.9845,0.0841,0.0309,9.4524,0.0018,1,0.0479,3.8881,0.0471,1.0290,63.5411,0.0000,63.5411,1.4170,0.0000,0.0000,791,741,87660,15.35,1163.2
2100,198.5341,12.6108,0.0261,0.0159,4.7801,0.0726,0.0246,61.3458,0.0013,1,0.0457,3.3103,0.0457,0.7104,63.7777,0.0000,63.7777,1.3987,0.0000,0.0000,791,741,87660,15.37,1163.2
2101,198.6004,66.2732,0.0230,0.0141,3.6842,0.0696,0.0256,66.6278,0.0012,1,0.0453,3.5116,0.0465,1.0079,63.8308,0.0000,63.8308,1.4161,0.0000,0.0000,791,741,87660,15.44,1163.2
2102,198.6708,70.4521,0.0184,0.0145,2.8597,0.0691,0.0251,67.3065,0.0013,1,0.0455,3.6489,0.0453,0.9071,63.2284,0.0000,63.2284,1.5457,0.0000,0.0000,791,741,87660,15.50,1163.2
2103,198.7411,70.3018,0.0562,0.0146,6.6672,0.0695,0.0296,60.8934,0.0012,1,0.0445,3.3141,0.0471,0.7643,62.5939,0.0000,62.5939,1.4012,0.0000,0.0000,791,741,87660,15.39,1163.2
2104,198.8089,67.7388,0.0312,0.0153,6.0732,0.0713,0.0271,69.3979,0.0023,1,0.0448,3.6047,0.0468,0.8111,62.8531,0.0000,62.8531,1.4029,0.0000,0.0000,791,741,87660,15.45,1163.2
2105,198.8845,75.6272,0.0274,0.0155,3.1665,0.0757,0.0275,88.3368,0.0015,1,0.0440,3.5013,0.0465,0.7700,62.8997,0.0000,62.8997,1.4036,0.0000,0.0000,791,741,87660,15.47,1163.2
2106,198.9762,91.6581,0.0277,0.0172,8.9023,0.0712,0.0261,64.5838,0.0011,1,0.0453,3.4174,0.0469,0.7440,62.1259,0.0000,62.1259,1.4073,0.0000,0.0000,791,741,87660,15.33,1163.2
2107,199.0498,73.6373,0.0211,0.0141,2.7211,0.0631,0.0232,34.3017,0.0016,1,0.0444,3.4976,0.0463,0.8967,63.4004,0.0000,63.4004,1.3988,0.0000,0.0000,791,741,87660,15.34,1163.2
2108,199.0869,37.1534,0.1451,0.0145,3.0029,0.0652,0.0235,185.6755,0.0018,1,0.0434,4.4671,0.0452,0.7266,63.0610,0.0000,63.0610,1.6928,0.0000,0.0000,791,741,87660,15.47,1163.2
2109,199.2759,100.0000,0.6923,0.0209,11.3693,0.0754,0.0271,113.1958,0.0017,1,0.0445,3.8523,0.0482,0.6922,64.5269,0.0000,64.5269,1.4023,0.0000,0.0000,791,741,87660,15.33,1163.2
2110,199.4013,100.0000,0.0422,0.0199,3.5579,0.0867,0.0294,28.5020,0.0011,1,0.0449,3.7894,0.0471,0.7698,65.1251,0.0000,65.1251,1.4004,0.0000,0.0000,791,741,87660,15.25,1163.2
2111,199.4335,32.2459,0.0227,0.0143,3.6095,0.0674,0.0262,67.1454,0.0013,1,0.0460,3.5224,0.0468,0.8628,63.3947,0.0000,63.3947,1.4020,0.0000,0.0000,791,741,87660,15.36,1163.2
2112,199.5044,70.8937,0.0229,0.0150,2.7810,0.0691,0.0277,48.4367,0.0012,1,0.0500,3.3014,0.0471,0.6629,64.9371,0.0000,64.9371,1.4105,0.0000,0.0000,791,741,87660,15.33,1163.2
2113,199.5558,51.3599,0.0230,0.0138,2.7400,0.0611,0.0230,101.8756,0.0013,1,0.0455,3.7426,0.0512,0.9728,63.8826,0.0000,63.8826,1.4035,0.0000,0.0000,791,741,87660,15.42,1163.2
2114,199.6605,100.0000,0.0239,0.0148,9.2954,0.0666,0.0227,134.5967,0.0020,1,0.0472,4.0879,0.0468,0.9150,64.5109,0.0000,64.5109,1.5661,0.0000,0.0000,791,741,87660,15.30,1163.2
2115,199.8046,100.0000,1.1237,0.0165,85.2853,0.8904,0.0275,11.8562,0.0167,1,0.0429,3.2706,0.0471,0.7516,63.8918,0.0000,63.8918,1.4139,0.0000,0.0000,791,741,87660,15.24,1163.2
2116,199.9038,99.2241,3.8508,0.0847,32.0901,0.0704,0.0252,106.3847,0.0013,1,0.0426,4.1071,0.0502,0.7128,63.1464,0.0000,63.1464,1.5523,0.0000,0.0000,791,741,87660,15.19,1163.2
2117,200.0463,100.0000,0.3336,0.0414,9.4853,0.0810,0.0258,5.0907,0.0024,1,0.0448,3.8155,0.0478,0.7127,69.8817,0.0000,69.8817,1.4132,0.0000,0.0000,791,741,87660,15.19,1163.2
2118,200.0614,15.0688,0.2427,0.0679,11.7707,0.0662,0.0241,372.1730,0.0018,1,0.0469,3.8412,0.0488,0.9259,63.6320,0.0000,63.6320,1.5749,0.0000,0.0000,791,741,87660,15.27,1163.2
2119,200.4457,100.0000,0.1770,0.0287,9.2101,0.0759,0.0269,86.8045,0.0014,1,0.0446,3.2452,0.0460,0.7380,63.8708,0.0000,63.8708,1.5586,0.0000,0.0000,791,741,87660,15.27,1163.2
2120,200.5421,96.3342,0.0300,0.0187,3.3257,0.0774,0.0279,33.9015,0.0013,1,0.0478,3.3996,0.0472,0.7098,63.7255,0.0000,63.7255,1.4034,0.0000,0.0000,791,741,87660,15.12,1163.2
2121,200.5794,37.3894,0.0241,0.0163,12.5880,0.0716,0.0282,53.6381,0.0015,1,0.0448,3.3981,0.0456,0.7899,64.2037,0.0000,64.2037,1.3971,0.0000,0.0000,791,741,87660,15.20,1163.2
2122,200.6458,66.3758,0.0249,0.0157,9.1303,0.0695,0.0242,106.3956,0.0025,1,0.0463,3.3981,0.0457,0.7644,66.2175,0.0000,66.2175,1.4117,0.0000,0.0000,791,741,87660,15.23,1163.2
2123,200.7615,100.0000,0.3737,0.0187,4.5474,0.0732,0.0272,14.2956,0.0013,1,0.0445,4.3742,0.0472,0.9218,63.1688,0.0000,63.1688,1.4049,0.0000,0.0000,791,741,87660,15.11,1163.2
2124,200.7808,19.3453,0.0243,0.0156,12.0246,0.0790,0.0274,102.0685,0.0014,1,0.0433,3.2379,0.0466,0.6772,64.4795,0.0000,64.4795,1.3986,0.0000,0.0000,791,741,87660,15.20,1163.2
2125,200.8951,100.0000,0.0299,0.0172,13.8553,0.0710,0.0253,15.9585,0.0014,1,0.0458,3.4015,0.0471,1.2249,63.6058,0.0000,63.6058,1.4096,0.0000,0.0000,791,741,87660,15.20,1163.2
2126,200.9251,29.9831,0.0270,0.0215,3.9340,0.5212,0.0299,111.9607,0.0075,1,0.0455,3.9475,0.0471,0.9103,63.2807,0.0000,63.2807,1.3926,0.0000,0.0000,791,741,87660,15.18,1163.2
2127,201.0416,100.0000,0.0249,0.0153,4.4241,0.0895,0.0321,32.8120,0.0013,1,0.0432,3.7197,0.0467,0.6553,63.7917,0.0000,63.7917,1.4059,0.0000,0.0000,791,741,87660,15.18,1163.2
2128,201.0790,37.4065,0.1997,0.0205,3.7428,0.0671,0.0247,48.4111,0.0013,1,0.0446,3.4471,0.0458,0.7036,65.2384,0.0000,65.2384,1.4044,0.0000,0.0000,791,741,87660,15.25,1163.2
2129,201.1315,52.4738,0.3411,0.0160,13.4826,0.0764,0.0251,95.4317,0.0013,1,0.0436,3.5799,0.0471,0.8342,65.0952,0.0000,65.0952,1.4054,0.0000,0.0000,791,741,87660,15.17,1163.2
2130,201.2411,100.0000,0.0227,0.0138,4.0470,0.0664,0.0238,43.6741,0.0014,1,0.0423,3.7976,0.0466,0.9994,63.9074,0.0000,63.9074,1.7126,0.0000,0.0000,791,741,87660,15.17,1163.2
2131,201.2890,47.8575,0.0199,0.0171,3.3472,0.0633,0.0227,97.0896,0.0022,1,0.0434,3.2256,0.0473,0.6941,63.6070,0.0000,63.6070,1.3987,0.0000,0.0000,791,741,87660,15.17,1163.2
2132,201.3895,100.0000,0.0235,0.0164,3.5884,0.0704,0.0254,188.6941,0.0015,1,0.0447,3.3464,0.0470,0.6936,63.0342,0.0000,63.0342,1.3980,0.0000,0.0000,791,741,87660,15.11,1163.2
2133,201.5820,100.0000,0.0409,0.0177,3.4182,0.1582,0.0297,129.3759,0.0020,1,0.0427,3.2586,0.0451,0.7641,63.6556,0.0000,63.6556,1.4007,0.0000,0.0000,791,741,87660,15.11,1163.2
2134,201.7150,100.0000,0.0278,0.0200,3.0531,0.0844,0.0279,8.7612,0.0012,1,0.0438,3.6001,0.0471,0.8932,63.9191,0.0000,63.9191,1.5492,0.0000,0.0000,791,741,87660,14.95,1163.2
2135,201.7270,11.9824,0.0240,0.0151,2.8741,0.0684,0.0246,164.5621,0.0017,1,0.0478,3.5299,0.0476,0.8514,63.0509,0.0000,63.0509,1.3984,0.0000,0.0000,791,741,87660,15.05,1163.2
2136,201.8946,100.0000,0.0299,0.0197,4.5323,0.0711,0.0261,84.4206,0.0022,1,0.0460,3.3834,0.0465,0.8884,64.1545,0.0000,64.1545,1.4065,0.0000,0.0000,791,741,87660,15.00,1163.2
2137,201.9837,89.1129,0.0339,0.0238,3.6584,0.0728,0.0325,28.2083,0.0012,1,0.0452,3.3271,0.0470,0.7004,63.4577,0.0000,63.4577,1.4042,0.0000,0.0000,791,741,87660,14.96,1163.2
2138,202.0157,32.0378,0.0184,0.0131,17.8915,0.0601,0.0220,69.0243,0.0016,1,0.0519,3.6969,0.0460,0.8152,65.1597,0.0000,65.1597,1.3987,0.0000,0.0000,791,741,87660,15.09,1163.2
2139,202.1028,87.0380,0.1263,0.0152,9.9557,0.0715,0.0258,22.2779,0.0012,1,0.0443,4.3931,0.0471,1.0159,64.6429,0.0000,64.6429,1.4023,0.0000,0.0000,791,741,87660,15.11,1163.2
2140,202.1352,32.4803,0.1279,0.0151,26.4188,0.0714,0.0253,300.5887,0.0017,1,0.0445,3.4705,0.0471,0.7769,63.0902,0.0000,63.0902,1.3951,0.0000,0.0000,791,741,87660,15.08,1163.2
2141,202.4625,100.0000,0.0360,0.0177,3.9294,0.0748,0.0288,183.0824,0.0022,1,0.0439,3.2722,0.0465,0.7700,64.9177,0.0000,64.9177,1.4007,0.0000,0.0000,791,741,87660,15.05,1163.2
2142,202.6497,100.0000,0.0340,0.0260,3.5089,0.1275,0.0330,16.5444,0.0013,1,0.0443,3.5311,0.0473,0.7148,65.4573,0.0000,65.4573,1.3991,0.0000,0.0000,791,741,87660,14.90,1163.2
2143,202.6700,20.2826,0.0272,0.0169,9.4118,0.0717,0.0259,124.1513,0.0016,1,0.0441,3.4527,0.0466,0.7348,64.3020,0.0000,64.3020,1.4058,0.0000,0.0000,791,741,87660,14.98,1163.2
2144,202.8037,100.0000,0.0308,0.0196,10.2720,0.0721,0.1119,124.9997,0.0017,1,0.0441,3.3401,0.0471,0.7938,64.6953,0.0000,64.6953,1.3965,0.0000,0.0000,791,741,87660,14.90,1163.2
2145,202.9392,100.0000,0.0259,0.0178,9.3959,0.0643,0.0238,31.3673,0.0014,1,0.0425,3.7163,0.0472,0.8254,64.0082,0.0000,64.0082,1.3947,0.0000,0.0000,791,741,87660,14.89,1163.2
2146,202.9801,40.9120,0.0189,0.0137,3.8900,0.0615,0.0218,204.5217,0.0016,1,0.0462,3.5466,0.0473,1.2145,62.4515,0.0000,62.4515,1.4004,0.0000,0.0000,791,741,87660,14.91,1163.2
2147,203.1886,100.0000,0.2030,0.0209,4.2430,0.1331,0.0237,221.8374,0.0020,1,0.0436,4.5152,0.0468,0.7733,63.8105,0.0000,63.8105,1.5617,0.0000,0.0000,791,741,87660,14.85,1163.2
2148,203.4151,100.0000,0.0671,0.0206,3.0567,0.0692,0.0291,6.7171,0.0014,1,0.0444,3.4998,0.0467,0.8929,63.8421,0.0000,63.8421,1.4042,0.0000,0.0000,791,741,87660,14.80,1163.2
2149,203.4251,9.9680,0.0223,0.0138,8.4080,0.0677,0.0260,89.9479,0.0014,1,0.0447,3.3148,0.0465,0.7106,63.4167,0.0000,63.4167,1.4005,0.0000,0.0000,791,741,87660,14.93,1163.2
2150,203.5236,98.4934,0.0216,0.0132,2.3837,2.3677,0.0269,70.4765,0.0015,1,0.0451,3.3785,0.0457,0.7134,63.0759,0.0000,63.0759,1.4030,0.0000,0.0000,791,741,87660,14.85,1163.2
2151,203.5989,75.2980,0.0251,0.0157,3.5136,0.2046,0.0234,157.5284,0.0021,1,0.0532,4.6663,0.0471,1.1226,63.9250,0.0000,63.9250,1.4045,0.0000,0.0000,791,741,87660,14.85,1163.2
2152,203.7602,100.0000,0.0279,0.0191,12.5243,0.0676,0.0246,13.5958,0.0012,1,0.0463,4.4349,0.0475,1.1861,63.8454,0.0000,63.8454,1.6426,0.0000,0.0000,791,741,87660,14.79,1163.2
2153,203.7865,26.2670,0.0238,0.0150,3.5564,0.0783,0.0281,81.7024,0.0014,1,0.0448,3.9837,0.1888,0.9698,62.9672,0.0000,62.9672,1.6317,0.0000,0.0000,791,741,87660,14.87,1163.2
2154,203.8719,85.4126,0.0295,0.0170,3.4572,0.0708,0.0252,84.7899,0.0016,1,0.0448,4.0834,0.0471,0.6894,63.0284,0.0000,63.0284,1.5596,0.0000,0.0000,791,741,87660,14.83,1163.2
2155,203.9603,88.3983,0.0246,0.0160,8.0577,0.0624,0.0227,34.8328,0.0012,1,0.0438,3.3812,0.0471,0.7537,63.7075,0.0000,63.7075,1.4025,0.0000,0.0000,791,741,87660,14.86,1163.2
2156,204.0033,43.0244,0.0317,0.0166,5.8563,0.0754,0.0313,116.0100,0.0016,1,0.0445,3.3236,0.0468,0.7025,63.2668,0.0000,63.2668,1.3986,0.0000,0.0000,791,741,87660,14.80,1163.2
2157,204.1253,100.0000,0.1670,0.0192,33.1863,0.0640,0.0226,69.0216,0.0022,1,0.0456,3.4127,0.0468,1.0957,63.5494,0.0000,63.5494,1.4051,0.0000,0.0000,791,741,87660,14.74,1163.2
2158,204.2278,100.0000,0.2053,0.0191,24.9143,0.0722,0.0299,14.3076,0.0028,1,0.0465,3.3844,0.0456,0.8745,65.0465,0.0000,65.0465,1.4029,0.0000,0.0000,791,741,87660,14.68,1163.2
2159,204.2674,39.5596,0.0223,0.0158,34.4347,0.0873,0.0298,17.9977,0.0013,1,0.0433,3.7317,0.0471,0.8499,63.2591,0.0000,63.2591,1.4020,0.0000,0.0000,791,741,87660,14.74,1163.2
2160,204.3200,52.5960,0.0233,0.0159,3.7818,0.0845,0.0266,222.3168,0.0016,1,0.0444,4.5302,0.0471,0.6881,64.3549,0.0000,64.3549,1.4000,0.0000,0.0000,791,741,87660,14.82,1163.2
2161,204.5462,100.0000,0.0349,0.0204,27.7973,0.0710,0.0255,266.9997,0.0019,1,0.0452,4.2774,0.0470,0.8008,63.6286,0.0000,63.6286,1.3930,0.0000,0.0000,791,741,87660,14.67,1163.2
2162,204.8412,100.0000,0.0321,0.0212,3.9237,0.0735,0.0258,14.0765,0.0019,1,0.0442,3.6741,0.0473,0.9523,64.2087,0.0000,64.2087,1.8486,0.0000,0.0000,791,741,87660,14.60,1163.2
2163,204.8594,18.1634,0.0413,0.0168,4.1192,0.0803,0.0286,100.9940,0.0015,1,0.0446,3.5410,0.0471,0.7372,63.8198,0.0000,63.8198,1.3988,0.0000,0.0000,791,741,87660,14.70,1163.2
2164,204.9646,100.0000,5.2876,0.0214,5.8069,0.0824,0.0293,130.8159,0.0016,1,0.0452,3.3492,0.0470,0.7967,62.7649,0.0000,62.7649,1.3969,0.0000,0.0000,791,741,87660,14.63,1163.2
2165,205.1067,100.0000,0.0338,0.0200,3.6957,0.0967,0.0342,78.7712,0.0026,1,0.0444,3.4915,0.0451,0.8069,64.6390,0.0000,64.6390,1.4028,0.0000,0.0000,791,741,87660,14.63,1163.2
2166,205.1894,82.6769,1.2593,0.0195,3.8728,0.0767,0.0268,11.6635,0.0014,1,0.0468,3.4092,0.0472,0.8735,63.8213,0.0000,63.8213,1.3956,0.0000,0.0000,791,741,87660,14.51,1163.2
2167,207.7579,100.0000,0.0339,0.0156,9.3102,0.0700,0.0253,6.6644,0.0012,1,0.0441,3.3340,0.0471,0.7475,63.0187,0.0000,63.0187,1.3971,0.0000,0.0000,791,741,87660,14.45,1163.2
2168,207.7740,16.1277,0.0220,0.0150,11.2628,0.0750,0.0265,218.8127,0.0018,1,0.0444,3.6090,0.0458,0.7987,65.4537,0.0000,65.4537,1.3951,0.0000,0.0000,791,741,87660,14.53,1163.2
2169,208.0042,100.0000,0.0324,0.0206,3.0288,0.0694,0.0300,14.9303,0.0014,1,0.0976,6.7348,0.8626,0.9912,177.1443,0.0000,177.1443,2.2072,0.0000,0.0000,791,741,87660,14.48,1163.2
2170,208.0223,18.1201,0.0314,0.0147,14.1852,0.0669,0.0248,67.8604,0.0012,1,0.0488,3.4132,0.0554,0.9296,80.1876,0.0000,80.1876,1.7293,0.0000,0.0000,791,741,87660,14.57,1163.2
2171,208.1046,82.3178,0.1316,0.0169,2.8314,0.0668,0.0245,74.3480,0.0011,1,0.0470,3.5006,0.0553,0.8888,67.1774,0.0000,67.1774,1.5615,0.0000,0.0000,791,741,87660,14.56,1163.2
2172,208.1821,77.4278,0.1879,0.0151,6.6481,0.0741,0.0241,93.8954,0.0015,1,0.0449,3.3399,0.0469,0.7466,63.0771,0.0000,63.0771,1.4030,0.0000,0.0000,791,741,87660,14.54,1163.2
2173,208.2829,100.0000,0.0199,0.0145,3.1683,0.0621,0.0224,35.8290,0.0021,1,0.0465,3.5620,0.0471,0.7636,65.6393,0.0000,65.6393,1.3973,0.0000,0.0000,791,741,87660,14.48,1163.2
2174,208.3221,39.1284,0.0247,0.0162,11.7641,0.0844,0.0303,58.4150,0.0015,1,0.0476,3.6154,0.0468,0.8354,63.9786,0.0000,63.9786,1.3965,0.0000,0.0000,791,741,87660,14.59,1163.2
2175,208.3924,70.3439,0.0247,0.0169,13.4573,0.0742,0.0271,68.2395,0.0017,1,0.0451,4.0454,0.0460,0.8233,62.4326,0.0000,62.4326,1.7722,0.0000,0.0000,791,741,87660,14.49,1163.2
2176,208.4743,81.8524,0.0253,0.0205,18.0390,0.0845,0.0303,46.9577,0.0020,1,0.0440,4.0366,0.0475,0.7900,64.4577,0.0000,64.4577,1.4044,0.0000,0.0000,791,741,87660,14.47,1163.2
2177,208.5394,65.1679,0.0357,0.0182,4.3168,0.0849,0.0318,98.3329,0.0015,1,0.0428,3.3328,0.0471,0.6644,63.8164,0.0000,63.8164,1.4003,0.0000,0.0000,791,741,87660,14.50,1163.2
2178,208.6423,100.0000,0.0244,0.0168,14.1139,0.1205,0.0325,31.4691,0.0017,1,0.0438,3.4397,0.0471,0.7394,64.5576,0.0000,64.5576,1.3940,0.0000,0.0000,791,741,87660,14.41,1163.2
2179,208.6880,45.7874,0.0253,0.0167,6.4968,0.0771,0.0279,55.8456,0.0013,1,0.0456,4.0386,0.0460,1.0082,63.5108,0.0000,63.5108,1.6260,0.0000,0.0000,791,741,87660,14.45,1163.2
2180,208.7505,62.4982,0.0271,0.0159,3.4009,0.0788,0.0275,173.9257,0.0015,1,0.0467,4.1772,0.0469,0.7925,64.8457,0.0000,64.8457,1.3968,0.0000,0.0000,791,741,87660,14.46,1163.2
2181,208.9280,100.0000,0.0286,0.0194,10.9385,2.3183,0.3403,333.2307,0.0016,1,0.0454,3.4146,0.0471,0.7495,64.1309,0.0000,64.1309,1.3878,0.0000,0.0000,791,741,87660,14.41,1163.2
2182,209.2749,100.0000,0.0443,0.0165,4.7312,0.0665,0.0226,9.4605,0.0012,1,0.0470,3.5946,0.0473,0.9544,64.4999,0.0000,64.4999,1.5502,0.0000,0.0000,791,741,87660,14.35,1163.2
2183,209.2893,14.3493,0.0200,0.0136,3.2861,0.0692,0.0235,136.9089,0.0026,1,0.0456,3.5759,0.0456,0.7250,63.7873,0.0000,63.7873,1.3905,0.0000,0.0000,791,741,87660,14.50,1163.2
2184,209.4296,100.0000,0.3653,0.0211,149.8391,0.0695,0.0245,17.0943,0.0020,1,0.0460,3.7971,0.0464,1.0468,64.3788,0.0000,64.3788,1.4044,0.0000,0.0000,791,741,87660,14.35,1163.2
2185,209.5970,100.0000,0.5805,0.0173,59.6539,0.0744,0.0254,40.4307,0.0019,1,0.0461,4.0980,0.0471,0.9711,64.2658,0.0000,64.2658,1.7795,0.0000,0.0000,791,741,87660,14.30,1163.2
2186,209.6978,100.0000,0.0297,0.0186,10.8331,0.0634,0.0221,99.6140,0.0013,1,0.0437,3.4712,0.0460,0.7954,64.5979,0.0000,64.5979,1.3938,0.0000,0.0000,791,741,87660,14.30,1163.2
2187,209.8084,100.0000,0.0238,0.0151,4.1784,0.0647,0.0235,11.5253,0.0011,1,0.0459,4.3156,0.0474,0.8603,62.2920,0.0000,62.2920,1.4033,0.0000,0.0000,791,741,87660,14.16,1163.2
2188,209.8242,15.8383,0.0220,0.0145,23.3956,0.0702,0.0252,150.4752,0.0019,1,0.0457,3.8656,0.0471,0.7750,64.1740,0.0000,64.1740,1.3918,0.0000,0.0000,791,741,87660,14.24,1163.2
2189,209.9983,100.0000,0.0325,0.0180,8.9509,0.0689,0.0249,184.6861,0.0017,1,0.0451,4.1934,0.0469,0.7616,63.5022,0.0000,63.5022,1.5426,0.0000,0.0000,791,741,87660,14.24,1163.2
2190,210.1920,100.0000,0.1851,0.0169,2.6399,0.1231,0.0210,11.1959,0.0011,1,0.0460,3.6382,0.0474,1.2088,64.6435,0.0000,64.6435,1.8673,0.0000,0.0000,791,741,87660,14.09,1163.2
2191,210.2062,14.1900,0.1979,0.0139,4.4431,0.0610,0.0250,88.9779,0.0017,1,0.0441,3.3061,0.0471,0.6730,64.0208,0.0000,64.0208,1.3971,0.0000,0.0000,791,741,87660,14.19,1163.2
2192,210.3000,93.7268,0.0227,0.0133,10.2762,0.0634,0.0229,34.5555,0.0012,1,0.0468,3.8266,0.0470,0.6887,64.8831,0.0000,64.8831,1.5663,0.0000,0.0000,791,741,87660,14.13,1163.2
2193,210.3449,44.9618,0.0231,0.0142,3.1422,0.0580,0.0225,76.5121,0.0013,1,0.0481,3.7012,0.0457,1.1104,63.1089,0.0000,63.1089,1.3909,0.0000,0.0000,791,741,87660,14.19,1163.2
2194,210.4247,79.7803,0.0241,0.0157,3.2957,0.0716,0.0270,115.6432,0.0015,1,0.0432,4.5899,0.0471,0.8622,63.5869,0.0000,63.5869,1.5538,0.0000,0.0000,791,741,87660,14.22,1163.2
2195,210.5438,100.0000,0.0287,0.0182,2.9865,0.0876,0.0302,11.7368,0.0012,1,0.0633,3.7966,0.0461,0.7841,62.8189,0.0000,62.8189,1.3944,0.0000,0.0000,791,741,87660,14.08,1163.2
2196,210.5587,14.8963,0.0233,0.0148,2.7970,0.0745,0.0268,118.9719,0.0015,1,0.0461,3.3291,0.0466,0.9053,64.6505,0.0000,64.6505,1.3962,0.0000,0.0000,791,741,87660,14.16,1163.2
2197,210.6806,100.0000,162.0016,0.0166,3.7315,0.0714,0.0264,10.9681,0.0019,1,0.0444,3.4292,0.0459,0.8929,64.5526,0.0000,64.5526,1.3848,0.0000,0.0000,791,741,87660,14.11,1163.2
2198,210.8574,100.0000,0.0421,0.0231,4.0156,0.0935,0.0309,101.8271,0.0021,1,0.0459,4.7080,0.0471,0.8479,64.7317,0.0000,64.7317,1.5436,0.0000,0.0000,791,741,87660,14.05,1163.2
2199,210.9635,100.0000,0.0257,0.0216,2.9028,0.0919,0.1132,10.4905,0.0015,1,0.0522,3.8942,0.0471,0.7572,64.0730,0.0000,64.0730,1.3919,0.0000,0.0000,791,741,87660,14.00,1163.2
2200,210.9771,13.6542,0.0218,0.0137,3.7077,0.0957,0.0264,68.2868,0.0014,1,0.0469,3.6566,0.0471,0.8684,62.8999,0.0000,62.8999,1.3929,0.0000,0.0000,791,741,87660,14.09,1163.2
2201,211.0493,72.1618,0.0266,0.0174,3.0829,0.1758,0.0285,149.4158,0.0021,1,0.0475,3.8242,0.0469,0.8727,63.0734,0.0000,63.0734,1.4024,0.0000,0.0000,791,741,87660,14.14,1163.2
2202,211.2021,100.0000,0.2393,0.0262,7.7444,0.0715,0.0240,6.1415,0.0025,1,0.0472,4.3850,0.0467,1.1618,62.8592,0.0000,62.8592,1.3986,0.0000,0.0000,791,741,87660,14.00,1163.2
2203,211.2163,14.2585,0.2655,0.0157,13.5851,0.0817,0.0346,173.2447,0.0019,1,0.0452,3.5398,0.0471,0.8808,64.2961,0.0000,64.2961,1.3927,0.0000,0.0000,791,741,87660,14.08,1163.2
2204,211.4035,100.0000,0.0331,0.0219,10.7667,0.0755,0.0256,87.5130,0.0015,1,0.0466,4.0115,0.0463,1.0486,67.8628,0.0000,67.8628,1.3924,0.0000,0.0000,791,741,87660,14.03,1163.2
2205,211.5020,98.4720,0.0293,0.0187,8.4819,0.0727,0.0261,5.6672,0.0014,1,0.0481,3.6061,0.0471,1.0315,63.2656,0.0000,63.2656,1.3966,0.0000,0.0000,791,741,87660,13.99,1163.2
2206,211.5163,14.3043,0.0320,0.0155,3.1402,0.0717,0.0246,131.0898,0.0019,1,0.0461,3.4342,0.0492,0.9177,64.5131,0.0000,64.5131,1.3986,0.0000,0.0000,791,741,87660,14.08,1163.2
2207,211.6507,100.0000,0.0288,0.0186,3.0861,0.0875,0.0318,11.8180,0.0013,1,0.0449,4.2883,0.0451,0.9463,65.0570,0.0000,65.0570,1.5563,0.0000,0.0000,791,741,87660,14.02,1163.2
2208,211.6658,15.0796,0.0268,0.0165,3.3309,0.0867,0.0296,244.3491,0.0013,1,0.0427,3.4175,0.0456,0.7416,62.6643,0.0000,62.6643,1.3889,0.0000,0.0000,791,741,87660,14.17,1163.2
2209,211.9137,100.0000,0.0262,0.0167,4.4475,0.0740,0.0266,117.9107,0.0018,1,0.0440,3.3778,0.0471,0.8155,62.5434,0.0000,62.5434,1.3911,0.0000,0.0000,791,741,87660,14.01,1163.2
2210,212.0362,100.0000,0.0322,0.0200,3.5949,0.0948,0.0334,27.8568,0.0011,1,0.0455,3.7523,0.0471,1.0396,64.1888,0.0000,64.1888,1.6910,0.0000,0.0000,791,741,87660,13.96,1163.2
2211,212.0678,31.6423,0.0252,0.0155,3.5017,0.0747,0.0282,147.9547,0.0019,1,0.0447,3.4101,0.0457,0.8981,62.7707,0.0000,62.7707,1.5560,0.0000,0.0000,791,741,87660,14.07,1163.2
2212,212.2194,100.0000,0.3508,0.0174,11.0849,0.0714,0.0245,16.2120,0.0015,1,0.0434,3.8346,0.0485,0.8124,64.6067,0.0000,64.6067,1.3949,0.0000,0.0000,791,741,87660,13.96,1163.2
2213,212.2472,27.7703,0.1912,0.0170,3.1521,0.0748,0.0258,36.9554,0.0013,1,0.1997,4.7268,0.0471,0.7411,62.4382,0.0000,62.4382,1.6195,0.0000,0.0000,791,741,87660,14.00,1163.2
2214,212.2876,40.4252,0.0310,0.0152,13.8248,0.0702,0.0270,204.0298,0.0015,1,0.0438,3.8812,0.0459,0.7291,64.6936,0.0000,64.6936,1.3943,0.0000,0.0000,791,741,87660,14.08,1163.2
2215,212.5056,100.0000,0.0297,0.0187,10.6734,0.0696,0.0252,154.3973,0.0019,1,0.0475,3.4329,0.0471,0.7678,65.1638,0.0000,65.1638,1.3915,0.0000,0.0000,791,741,87660,14.08,1163.2
2216,212.6709,100.0000,0.0317,0.0201,3.0746,0.0850,0.0270,15.8949,0.0014,1,0.0436,3.3878,0.0474,0.8622,61.3617,0.0000,61.3617,1.3906,0.0000,0.0000,791,741,87660,13.94,1163.2
2217,212.6900,19.1420,0.0217,0.0205,12.6365,0.0709,0.0265,114.9194,0.0015,1,0.0445,3.3859,0.0468,0.7732,64.3281,0.0000,64.3281,1.3922,0.0000,0.0000,791,741,87660,14.07,1163.2
2218,212.8177,100.0000,0.0217,0.0158,4.4818,0.0916,0.0315,11.5001,0.0013,1,0.0444,3.7192,0.0468,0.8028,62.6280,0.0000,62.6280,1.3924,0.0000,0.0000,791,741,87660,13.92,1163.2
2219,212.8338,16.1508,0.0224,0.0147,2.7879,0.0822,0.0277,249.4825,0.0022,1,0.0456,3.4325,0.0461,0.8377,63.2511,0.0000,63.2511,1.3904,0.0000,0.0000,791,741,87660,14.03,1163.2
2220,213.0865,100.0000,0.0264,0.0165,4.3223,0.0647,0.0225,115.7910,0.0017,1,0.0462,3.5075,0.0470,1.0506,65.0383,0.0000,65.0383,1.8003,0.0000,0.0000,791,741,87660,13.89,1163.2
2221,213.2067,100.0000,0.1720,0.0200,3.0491,0.0846,0.0280,8.7796,0.0012,1,0.0421,3.6478,0.0467,0.7553,62.2027,0.0000,62.2027,1.3965,0.0000,0.0000,791,741,87660,13.83,1163.2
2222,213.2189,12.1415,0.1147,0.0165,4.6018,3.4449,0.0311,157.2854,0.0012,1,0.0466,3.5558,0.0461,0.8844,64.2281,0.0000,64.2281,1.3865,0.0000,0.0000,791,741,87660,13.93,1163.2
2223,213.3844,100.0000,0.0223,0.0147,5.2286,0.0740,0.0270,178.4135,0.0020,1,0.0472,4.3418,0.0460,0.8674,64.9515,0.0000,64.9515,1.5378,0.0000,0.0000,791,741,87660,13.88,1163.2
2224,213.5682,100.0000,0.0269,0.0192,3.4264,0.0668,0.0236,270.2069,0.0015,1,0.0458,3.7431,0.0471,0.7250,62.4658,0.0000,62.4658,1.3944,0.0000,0.0000,791,741,87660,13.83,1163.2
2225,213.8419,100.0000,0.0292,0.0196,19.9555,0.0694,0.0234,16.3865,0.0015,1,0.0480,3.8523,0.0470,0.6963,62.5314,0.0000,62.5314,1.3869,0.0000,0.0000,791,741,87660,13.79,1163.2
2226,213.8784,36.4918,0.0242,0.0153,17.2411,0.0665,0.0237,162.9056,0.0017,1,0.0464,3.4321,0.0471,0.8675,64.4718,0.0000,64.4718,1.3968,0.0000,0.0000,791,741,87660,13.87,1163.2
2227,214.0587,100.0000,0.2391,0.0182,3.4766,0.4797,0.0242,277.6913,0.0020,1,0.0444,4.0946,0.0471,1.1465,64.5799,0.0000,64.5799,1.5375,0.0000,0.0000,791,741,87660,13.83,1163.2
2228,214.3407,100.0000,0.0646,0.0193,3.0808,0.0952,0.0318,10.2194,0.0013,1,0.0439,3.3676,0.0472,0.8270,63.1507,0.0000,63.1507,1.3923,0.0000,0.0000,791,741,87660,13.73,1163.2
2229,214.3542,13.5194,0.0241,0.0157,3.0919,0.0724,0.0256,107.4584,0.0015,1,0.0462,3.7144,0.0463,0.8724,63.6182,0.0000,63.6182,1.3914,0.0000,0.0000,791,741,87660,13.87,1163.2
2230,214.4649,100.0000,0.0222,0.0165,13.1683,0.0774,0.0273,26.4121,0.0014,1,0.0436,3.2249,0.0470,0.6595,63.3782,0.0000,63.3782,1.3873,0.0000,0.0000,791,741,87660,13.87,1163.2
2231,214.5046,39.7327,0.0245,0.0152,3.0509,0.0720,0.0301,52.7493,0.0012,1,0.0474,3.7759,0.0451,1.0400,64.0004,0.0000,64.0004,1.5481,0.0000,0.0000,791,741,87660,13.86,1163.2
2232,214.5606,55.9498,0.0262,0.0144,2.8733,0.0702,0.0271,110.3474,0.0019,1,0.0461,3.6509,0.0471,0.7011,63.1169,0.0000,63.1169,1.3889,0.0000,0.0000,791,741,87660,13.88,1163.2
2233,214.6739,100.0000,0.0314,0.0163,16.8596,0.2008,0.0242,23.9847,0.0014,1,0.0468,3.7527,0.0468,1.1526,63.9641,0.0000,63.9641,1.3897,0.0000,0.0000,791,741,87660,13.80,1163.2
2234,214.7151,41.1268,0.0257,0.0165,5.9716,0.0637,0.0221,119.7252,0.0021,1,0.0481,3.4013,0.0473,0.8817,62.5683,0.0000,62.5683,1.3890,0.0000,0.0000,791,741,87660,13.90,1163.2
2235,214.8409,100.0000,0.0357,0.0223,3.1748,0.0928,0.0332,5.4912,0.0011,1,0.0424,3.2813,0.0471,0.7864,61.7614,0.0000,61.7614,1.3923,0.0000,0.0000,791,741,87660,13.90,1163.2
2236,214.8498,8.8584,0.0247,0.0146,7.7835,0.0721,0.0257,75.4951,0.0016,1,0.0436,3.6070,0.0454,0.8365,63.3880,0.0000,63.3880,1.3945,0.0000,0.0000,791,741,87660,14.05,1163.2
2237,214.9332,83.4244,0.0379,0.0176,6.9549,0.0671,0.0255,116.5061,0.0023,1,0.0460,3.4775,0.0476,0.8059,61.9447,0.0000,61.9447,1.3928,0.0000,0.0000,791,741,87660,14.07,1163.2
2238,215.0568,100.0000,0.0339,0.0266,9.8241,0.0691,0.0248,11.8474,0.0014,1,0.0433,3.2932,0.0458,0.7188,63.2461,0.0000,63.2461,1.3990,0.0000,0.0000,791,741,87660,13.93,1163.2
2239,215.9497,100.0000,0.0806,0.0143,3.3401,0.0779,0.0275,8.2515,0.0018,1,0.0431,3.3289,0.0460,0.6878,62.5264,0.0000,62.5264,1.3894,0.0000,0.0000,791,741,87660,13.93,1163.2
2240,215.9615,11.8015,0.0308,0.0189,2.9216,0.0949,0.0337,76.2591,0.0018,1,0.0428,3.4103,0.0455,0.7430,64.2494,0.0000,64.2494,1.3953,0.0000,0.0000,791,741,87660,14.07,1163.2
2241,216.0408,79.3696,0.2434,0.0200,3.6010,0.0941,0.0310,4.9420,0.0012,1,0.0448,3.7782,0.0473,0.8616,63.1239,0.0000,63.1239,1.3945,0.0000,0.0000,791,741,87660,14.00,1163.2
2242,216.0498,8.9398,0.1691,0.0147,3.0080,0.0671,0.0233,173.4471,0.0016,1,0.0449,4.1211,0.0471,0.8681,62.4746,0.0000,62.4746,1.3917,0.0000,0.0000,791,741,87660,14.10,1163.2
2243,216.2265,100.0000,0.0291,0.0202,3.7243,0.0918,0.0278,79.8107,0.0022,1,0.0423,3.4501,0.0462,0.6595,64.2289,0.0000,64.2289,1.3910,0.0000,0.0000,791,741,87660,14.10,1163.2
2244,216.3102,83.7169,0.0281,0.0204,7.9421,0.0706,0.0262,10.2685,0.0011,1,0.0447,3.2583,0.0464,0.7025,63.6346,0.0000,63.6346,1.3874,0.0000,0.0000,791,741,87660,13.99,1163.2
2245,216.3287,18.4180,0.0335,0.0157,6.7054,0.0780,0.0339,113.0778,0.0012,1,0.0444,3.9607,0.0453,0.7640,63.4138,0.0000,63.4138,1.3926,0.0000,0.0000,791,741,87660,14.13,1163.2
2246,216.4486,100.0000,0.0261,0.0175,3.4946,0.0848,0.0289,17.2689,0.0513,1,0.0444,3.7028,0.0470,0.8950,62.5557,0.0000,62.5557,1.3951,0.0000,0.0000,791,741,87660,14.01,1163.2
2247,216.4698,21.1411,0.3725,0.1779,10.2177,0.0696,0.0246,67.3860,0.0012,1,0.0433,3.3370,0.0471,0.8844,62.0635,0.0000,62.0635,1.3883,0.0000,0.0000,791,741,87660,14.14,1163.2
2248,216.5481,78.3073,0.0879,0.0151,2.7346,0.0605,0.0215,99.5975,0.0015,1,0.0444,3.2565,0.0469,0.7455,63.6744,0.0000,63.6744,1.3946,0.0000,0.0000,791,741,87660,14.07,1163.2
2249,216.6506,100.0000,0.0250,0.0153,2.8865,0.0771,0.0280,12.3582,0.0011,1,0.0439,3.8925,0.0469,1.0340,62.4516,0.0000,62.4516,1.3908,0.0000,0.0000,791,741,87660,14.00,1163.2
2250,216.6660,15.3978,0.0235,0.0147,2.8898,0.0623,0.0219,153.7749,0.0017,1,0.0452,4.0940,0.0475,0.8392,65.3928,0.0000,65.3928,1.3867,0.0000,0.0000,791,741,87660,14.14,1163.2
2251,216.8228,100.0000,0.0291,0.0191,7.2006,0.0597,0.0211,70.5106,0.0023,1,0.0445,3.4099,0.0471,0.6717,63.8647,0.0000,63.8647,1.3907,0.0000,0.0000,791,741,87660,14.05,1163.2
2252,216.9006,77.8517,0.0282,0.0192,2.9084,0.0782,0.0296,7.6144,0.0014,1,0.0464,4.4846,0.0474,0.8896,63.7780,0.0000,63.7780,1.6798,0.0000,0.0000,791,741,87660,14.09,1163.2
2253,216.9113,10.6864,0.0270,0.0135,3.1875,0.0625,0.0233,159.3774,0.0022,1,0.0485,3.7783,0.0470,0.8424,62.0702,0.0000,62.0702,1.3933,0.0000,0.0000,791,741,87660,14.23,1163.2
2254,217.0740,100.0000,0.2154,0.0176,8.3440,0.0840,0.0244,7.4858,0.0015,1,0.0445,3.8174,0.0466,0.8601,61.9630,0.0000,61.9630,1.3925,0.0000,0.0000,791,741,87660,14.23,1163.2
2255,217.0902,16.1812,0.2085,0.0158,7.7015,0.0777,0.0251,73.6998,0.0016,1,0.0436,3.6295,0.1863,0.9711,62.8939,0.0000,62.8939,1.3926,0.0000,0.0000,791,741,87660,14.23,1163.2
2256,217.1719,81.7377,0.0239,0.0171,9.5675,0.1439,0.0330,249.1965,0.0011,1,0.0436,4.1396,0.0468,0.7103,65.0802,0.0000,65.0802,1.3932,0.0000,0.0000,791,741,87660,14.26,1163.2
2257,217.4309,100.0000,0.1712,0.0153,3.1198,0.0646,0.0233,241.6458,0.0023,1,0.0465,3.7972,0.0467,0.7748,61.1957,0.0000,61.1957,1.5585,0.0000,0.0000,791,741,87660,14.24,1163.2
2258,217.6760,100.0000,0.3074,0.0224,5.2441,0.0717,0.0267,8.3041,0.0018,1,0.0486,3.7619,0.0469,0.9298,66.1623,0.0000,66.1623,1.6142,0.0000,0.0000,791,741,87660,14.13,1163.2
2259,217.6900,13.9872,0.2673,0.0159,4.3173,0.0871,0.0255,65.0104,0.0014,1,0.0430,3.5195,0.0471,0.7578,59.8977,0.0000,59.8977,1.3912,0.0000,0.0000,791,741,87660,14.25,1163.2
2260,217.7597,69.7331,0.0242,0.0169,4.5703,0.1117,0.0248,60.2493,0.0014,1,0.0454,3.4142,0.0493,0.7505,60.2064,0.0000,60.2064,1.3852,0.0000,0.0000,791,741,87660,14.19,1163.2
2261,217.8247,65.0058,0.0346,0.0149,4.6292,0.0648,0.0229,86.6712,0.0012,1,0.0449,3.3477,0.0463,0.7188,62.3671,0.0000,62.3671,1.3913,0.0000,0.0000,791,741,87660,14.24,1163.2
2262,217.9162,91.4461,0.0192,0.0135,10.1862,0.0585,0.0217,26.7434,0.0016,1,0.0455,3.4797,0.0473,0.8784,63.1693,0.0000,63.1693,1.3955,0.0000,0.0000,791,741,87660,14.26,1163.2
2263,217.9532,37.0539,0.0439,0.0246,11.9284,0.1434,0.0300,51.9404,0.0011,1,0.0432,3.3363,0.0466,0.7414,60.1316,0.0000,60.1316,1.3898,0.0000,0.0000,791,741,87660,14.23,1163.2
2264,218.0173,64.1185,0.0223,0.0149,3.3581,1.0680,0.0329,134.2639,0.0013,1,0.0434,3.2363,0.0468,0.6615,60.6231,0.0000,60.6231,1.3924,0.0000,0.0000,791,741,87660,14.29,1163.2
2265,218.1561,100.0000,0.1723,0.0236,6.9861,0.0850,0.0317,12.6250,0.0012,1,0.0436,3.3464,0.0471,0.6881,59.8001,0.0000,59.8001,1.3918,0.0000,0.0000,791,741,87660,14.29,1163.2
2266,218.1760,19.9310,0.0298,0.0174,8.9235,0.1153,0.0438,46.5244,0.0014,1,0.0442,3.3958,0.0455,0.7075,60.1596,0.0000,60.1596,1.3799,0.0000,0.0000,791,741,87660,14.33,1163.2
2267,218.2317,55.6770,0.1225,0.0146,4.8110,0.0981,0.0406,122.5980,0.0023,1,0.0414,3.2460,0.0453,0.7181,60.2720,0.0000,60.2720,1.3911,0.0000,0.0000,791,741,87660,14.40,1163.2
2268,218.3594,100.0000,0.0301,0.0180,6.8091,0.0614,0.0231,5.3030,0.0017,1,0.0454,3.8502,0.0456,0.9073,60.6472,0.0000,60.6472,1.3888,0.0000,0.0000,791,741,87660,14.40,1163.2
2269,218.3717,12.2537,0.0239,0.0158,2.4694,0.0643,0.0228,58.6297,0.0017,1,0.0460,3.6127,0.0471,0.7998,60.5967,0.0000,60.5967,1.4453,0.0000,0.0000,791,741,87660,14.40,1163.2
2270,218.4329,61.2342,0.0767,0.0165,2.8169,0.0689,0.0267,65.5200,0.0012,1,0.0439,3.3604,0.0469,0.8862,61.4546,0.0000,61.4546,1.3950,0.0000,0.0000,791,741,87660,14.46,1163.2
2271,218.5014,68.5333,0.0227,0.0148,2.6347,0.0618,0.0232,64.3320,0.0014,1,0.0442,3.7461,0.0468,0.8088,59.8965,0.0000,59.8965,1.3880,0.0000,0.0000,791,741,87660,14.48,1163.2
2272,218.5685,67.0979,0.0267,0.0163,3.2617,0.0733,0.0273,64.0788,0.0014,1,0.0436,3.3399,0.0469,0.9534,59.9086,0.0000,59.9086,1.3907,0.0000,0.0000,791,741,87660,14.53,1163.2
2273,218.6360,67.4925,0.0278,0.0166,3.4325,0.0782,0.0302,63.1124,0.0018,1,0.0423,3.3495,0.0451,0.8976,60.3909,0.0000,60.3909,1.3893,0.0000,0.0000,791,741,87660,14.46,1163.2
2274,218.7027,66.7174,0.0295,0.0177,3.4278,0.0785,0.0281,68.4265,0.0014,1,0.0449,3.6495,0.0477,0.9626,60.5809,0.0000,60.5809,1.3817,0.0000,0.0000,791,741,87660,14.49,1163.2
2275,218.7747,72.0167,0.0264,0.0163,3.1526,0.0681,0.0253,67.3557,0.0012,1,0.0437,3.3911,0.0471,0.9357,59.0938,0.0000,59.0938,1.3900,0.0000,0.0000,791,741,87660,14.52,1163.2
2276,218.8454,70.6526,0.5715,0.0164,265.9386,0.0780,0.0222,7.6101,0.0020,1,0.0437,3.3559,0.0470,0.6697,62.0877,0.0000,62.0877,1.3879,0.0000,0.0000,791,741,87660,14.47,1163.2
2277,219.1196,100.0000,0.1741,0.0186,5.3282,0.0611,0.0223,69.2157,0.0021,1,0.0447,3.5854,0.0471,0.7911,64.7591,0.0000,64.7591,1.5527,0.0000,0.0000,791,741,87660,14.47,1163.2
2278,219.1945,74.8318,0.6123,0.0180,3.3698,0.0773,0.0260,9.4511,0.0010,1,0.0436,3.8986,0.0478,0.7214,64.1755,0.0000,64.1755,1.3952,0.0000,0.0000,791,741,87660,14.52,1163.2
2279,219.2080,13.5618,0.0184,0.0122,2.7184,0.0568,0.0199,62.2792,0.0013,1,0.0473,3.7970,0.0459,0.9191,62.6300,0.0000,62.6300,1.3889,0.0000,0.0000,791,741,87660,14.56,1163.2
2280,219.2731,65.1123,0.0219,0.0132,3.9343,0.0612,0.0216,62.7646,0.0015,1,0.0449,3.5530,0.0469,0.8437,63.5418,0.0000,63.5418,1.3878,0.0000,0.0000,791,741,87660,14.54,1163.2
2281,219.3400,66.8254,0.0239,0.0142,2.7810,0.0592,0.0214,72.7414,0.0012,1,0.0493,3.6128,0.0473,0.8684,70.2505,0.0000,70.2505,1.3947,0.0000,0.0000,791,741,87660,14.60,1163.2
2282,219.4156,75.6489,0.0229,0.0130,5.2683,0.0589,0.0214,68.2267,0.0013,1,0.0455,3.4072,0.0471,0.8585,62.1248,0.0000,62.1248,1.3879,0.0000,0.0000,791,741,87660,14.64,1163.2
2283,219.4892,73.6189,0.0196,0.0155,3.1484,0.0967,0.0227,61.5487,0.0013,1,0.0447,3.5201,0.0469,0.7857,61.9862,0.0000,61.9862,1.3795,0.0000,0.0000,791,741,87660,14.55,1163.2
2284,219.5541,64.8611,5.1895,0.0231,5.4692,0.0917,0.0263,128.9276,0.0017,1,0.0446,3.6561,0.0461,0.8940,65.1133,0.0000,65.1133,1.3924,0.0000,0.0000,791,741,87660,14.61,1163.2
2285,219.6938,100.0000,3.0751,0.0190,3.4032,0.0772,0.0310,6.0418,0.0021,1,0.0437,3.2222,0.0471,0.7484,61.9307,0.0000,61.9307,1.3847,0.0000,0.0000,791,741,87660,14.61,1163.2
2286,219.7065,12.6580,0.0724,0.0191,3.4449,0.0786,0.0255,56.4604,0.0013,1,0.0437,3.3687,0.0467,0.6881,60.9680,0.0000,60.9680,1.3890,0.0000,0.0000,791,741,87660,14.73,1163.2
2287,219.7666,60.1150,0.0654,0.0153,3.3356,0.0704,0.0246,62.3498,0.0015,1,0.0439,3.3156,0.0465,0.7619,59.7854,0.0000,59.7854,1.3915,0.0000,0.0000,791,741,87660,14.81,1163.2
2288,219.8325,65.8692,0.3797,0.0164,3.0728,0.0691,0.0248,62.6012,0.0014,1,0.0436,3.3480,0.0464,0.6878,60.2287,0.0000,60.2287,1.3901,0.0000,0.0000,791,741,87660,14.72,1163.2
2289,219.8987,66.1722,1.7125,0.0167,3.3562,0.0758,0.0302,61.7774,0.0014,1,0.0437,3.3855,0.0463,0.7675,61.4384,0.0000,61.4384,1.3898,0.0000,0.0000,791,741,87660,14.78,1163.2
2290,219.9656,66.9766,0.7323,0.0170,1.8316,0.0479,0.0182,63.5080,0.0016,1,0.0437,3.3852,0.0464,0.7868,61.0140,0.0000,61.0140,1.3843,0.0000,0.0000,791,741,87660,14.69,1163.2
2291,220.0318,66.1647,1.2360,0.0154,6.5723,0.0666,0.0241,127.7534,0.0018,1,0.0435,3.3806,0.0464,0.7673,60.1857,0.0000,60.1857,1.3840,0.0000,0.0000,791,741,87660,14.72,1163.2
2292,220.1675,100.0000,0.8917,0.0214,3.0355,0.0902,0.0300,4.6249,0.0013,1,0.0444,3.3093,0.0466,0.7556,61.7968,0.0000,61.7968,1.3900,0.0000,0.0000,791,741,87660,14.68,1163.2
2293,220.1762,8.7016,0.6209,0.0144,2.4479,0.0597,0.0223,57.8194,0.0010,1,0.0457,3.4880,0.0470,0.8192,58.9524,0.0000,58.9524,1.3858,0.0000,0.0000,791,741,87660,14.84,1163.2
2294,220.2372,60.9913,0.5029,0.0133,2.2788,0.0566,0.0209,129.1351,0.0021,1,0.0446,3.2221,0.0468,0.8844,60.8202,0.0000,60.8202,1.3839,0.0000,0.0000,791,741,87660,14.80,1163.2
2295,220.3692,100.0000,0.9297,0.0206,2.9109,0.0704,0.0251,3.5840,0.0013,1,0.0443,3.3649,0.0470,0.7712,60.0509,0.0000,60.0509,1.3838,0.0000,0.0000,791,741,87660,14.75,1163.2
2296,220.3767,7.5491,0.6525,0.0136,2.2699,0.0606,0.0217,59.4739,0.0015,1,0.0434,3.4841,0.0452,0.6889,59.3466,0.0000,59.3466,1.3827,0.0000,0.0000,791,741,87660,14.89,1163.2
2297,220.4392,62.4999,0.5072,0.0138,2.1475,0.0547,0.0195,129.6268,0.0020,1,0.0444,3.3712,0.0468,0.8348,59.9708,0.0000,59.9708,1.3840,0.0000,0.0000,791,741,87660,14.89,1163.2
2298,220.5716,100.0000,0.8025,0.0240,2.8183,0.0788,0.0264,4.8128,0.0014,1,0.0487,3.2461,0.0452,0.7082,60.0708,0.0000,60.0708,1.3855,0.0000,0.0000,791,741,87660,14.89,1163.2
2299,220.5802,8.5709,0.0642,0.0138,2.7927,0.0647,0.0243,59.2230,0.0013,1,0.0419,3.3613,0.0464,0.7107,59.8238,0.0000,59.8238,1.3930,0.0000,0.0000,791,741,87660,14.96,1163.2
2300,220.6424,62.1906,1.5245,0.0146,2.6976,0.0738,0.0237,63.2089,0.0011,1,0.0427,3.2838,0.0457,0.6803,59.9375,0.0000,59.9375,1.3814,0.0000,0.0000,791,741,87660,14.96,1163.2
2301,220.7099,67.5506,0.7049,0.0156,2.6016,0.0609,0.0220,60.9985,0.0014,1,0.0439,3.5013,0.0471,0.7176,59.5988,0.0000,59.5988,1.3865,0.0000,0.0000,791,741,87660,15.02,1163.2
2302,220.7743,64.4111,0.6725,0.0148,2.5169,0.0581,0.0218,64.9274,0.0014,1,0.0468,3.3341,0.0458,0.8356,60.0696,0.0000,60.0696,1.3818,0.0000,0.0000,791,741,87660,15.09,1163.2
2303,220.8426,68.2197,0.0736,0.0158,2.7454,0.0711,0.0273,63.7769,0.0013,1,0.0418,3.3362,0.0464,0.8848,60.0144,0.0000,60.0144,1.3819,0.0000,0.0000,791,741,87660,14.99,1163.2
2304,220.9093,66.7185,0.0622,0.0150,4.3208,0.0688,0.0245,126.6924,0.0017,1,0.0424,3.2677,0.0471,0.7349,60.2513,0.0000,60.2513,1.3776,0.0000,0.0000,791,741,87660,15.05,1163.2
2305,221.0405,100.0000,1.4353,0.0230,6.8139,0.0832,0.0295,5.6817,0.0014,1,0.0430,3.2557,0.0467,0.6922,59.4663,0.0000,59.4663,1.3839,0.0000,0.0000,791,741,87660,15.05,1163.2
2306,221.0546,14.0751,1.1370,0.0168,3.3838,0.0702,0.0259,52.6197,0.0019,1,0.0451,3.4550,0.0460,0.8491,59.1311,0.0000,59.1311,1.3878,0.0000,0.0000,791,741,87660,15.21,1163.2
2307,221.1118,57.2624,0.7849,0.0183,3.4279,0.0751,0.0273,64.9595,0.0015,1,0.0428,3.3386,0.0469,0.6554,61.0035,0.0000,61.0035,1.3820,0.0000,0.0000,791,741,87660,15.30,1163.2
2308,221.1811,69.3083,0.0870,0.0185,3.6406,0.0770,0.0292,61.0711,0.0016,1,0.0435,3.5274,0.0462,0.6820,59.5203,0.0000,59.5203,1.3827,0.0000,0.0000,791,741,87660,15.19,1163.2
2309,221.2460,64.9331,0.0738,0.0161,3.3879,0.0777,0.0272,64.9719,0.0017,1,0.0424,3.3489,0.0459,0.6979,60.8782,0.0000,60.8782,1.3798,0.0000,0.0000,791,741,87660,15.26,1163.2
2310,221.3146,68.5643,1.4085,0.0167,3.0206,0.0650,0.0346,58.2686,0.0013,1,0.0430,3.3115,0.0471,0.7108,59.2063,0.0000,59.2063,1.3853,0.0000,0.0000,791,741,87660,15.32,1163.2
2311,221.3774,62.8220,0.6558,0.0155,3.1126,0.0765,0.0255,128.4329,0.0022,1,0.0440,3.2740,0.0452,0.6941,60.2528,0.0000,60.2528,1.3839,0.0000,0.0000,791,741,87660,15.23,1163.2
2312,221.5098,100.0000,0.7669,0.0230,2.8563,0.0696,0.0253,4.8784,0.0013,1,0.0444,3.6041,0.0466,0.8492,59.9337,0.0000,59.9337,1.3821,0.0000,0.0000,791,741,87660,15.21,1163.2
2313,221.5184,8.6285,0.5986,0.0150,2.5899,0.0599,0.0228,59.9634,0.0010,1,0.0490,3.9033,0.0453,0.7741,60.2253,0.0000,60.2253,1.3889,0.0000,0.0000,791,741,87660,15.28,1163.2
2314,221.5817,63.2567,0.5734,0.0139,2.3633,0.0588,0.0260,63.0749,0.0011,1,0.0448,3.3726,0.0467,0.7270,59.8545,0.0000,59.8545,1.3950,0.0000,0.0000,791,741,87660,15.32,1163.2
2315,221.6478,66.1177,0.0719,0.0141,2.7294,0.0641,0.0243,64.5260,0.0016,1,0.0449,3.5758,0.0459,0.8968,61.6229,0.0000,61.6229,1.5437,0.0000,0.0000,791,741,87660,15.38,1163.2
2316,221.7152,67.4391,0.0716,0.0168,2.5301,0.0578,0.0203,66.3056,0.0013,1,0.0487,3.5484,0.0458,0.9157,60.7530,0.0000,60.7530,1.3811,0.0000,0.0000,791,741,87660,15.28,1163.2
2317,221.7842,69.0117,0.6748,0.0148,2.7525,0.0650,0.0240,62.7394,0.0013,1,0.0436,3.3581,0.0465,0.6799,59.6330,0.0000,59.6330,1.3831,0.0000,0.0000,791,741,87660,15.34,1163.2
2318,221.8505,66.2791,1.5729,0.0188,3.3301,0.0744,0.0253,61.0873,0.0014,1,0.0426,3.3175,0.0457,0.6841,59.2051,0.0000,59.2051,1.3965,0.0000,0.0000,791,741,87660,15.41,1163.2
2319,222.0374,100.0000,2.0295,0.0165,4.5280,0.0792,0.0271,6.7480,0.0013,1,0.0431,3.3402,0.0468,0.7107,69.4435,0.0000,69.4435,1.3820,0.0000,0.0000,791,741,87660,15.41,1163.2
2320,222.0509,13.4368,0.0894,0.0148,3.8232,0.0681,0.0238,8.7519,0.0013,1,0.0420,3.3327,0.0465,0.8602,65.2746,0.0000,65.2746,1.3816,0.0000,0.0000,791,741,87660,15.41,1163.2
2321,222.0637,12.7796,0.0651,0.0160,3.8926,0.0746,0.0252,63.0130,0.0013,1,0.0448,3.6363,0.0471,0.8689,60.4556,0.0000,60.4556,1.3836,0.0000,0.0000,791,741,87660,15.53,1163.2
2322,222.1308,67.0946,1.3797,0.0168,2.8425,0.0724,0.0254,63.1539,0.0012,1,0.0438,3.2643,0.0469,0.9810,61.2403,0.0000,61.2403,1.3828,0.0000,0.0000,791,741,87660,15.59,1163.2
2323,222.1983,67.4989,0.7407,0.0156,3.0116,0.0661,0.0246,61.0991,0.0013,1,0.0430,3.2701,0.0457,0.6989,59.7194,0.0000,59.7194,1.3847,0.0000,0.0000,791,741,87660,15.49,1163.2
2324,222.2632,64.9656,1.1299,0.0184,2.8880,0.0669,0.0251,129.8450,0.0018,1,0.0438,3.3587,0.0451,0.7071,60.7453,0.0000,60.7453,1.3737,0.0000,0.0000,791,741,87660,15.56,1163.2
2325,222.3972,100.0000,0.7792,0.0202,2.6740,0.0873,0.0298,4.7089,0.0012,1,0.0443,3.4633,0.0466,0.7721,60.2735,0.0000,60.2735,1.3786,0.0000,0.0000,791,741,87660,15.55,1163.2
2326,222.4055,8.3076,0.0727,0.0144,2.7875,0.0624,0.0231,58.9133,0.0010,1,0.0454,3.4930,0.0467,0.8285,59.6038,0.0000,59.6038,1.3804,0.0000,0.0000,791,741,87660,15.57,1163.2
2327,222.4674,61.8804,0.6165,0.0134,2.4919,0.0684,0.0228,129.1876,0.0016,1,0.0738,3.3434,0.0453,0.8594,59.2969,0.0000,59.2969,1.3872,0.0000,0.0000,791,741,87660,15.64,1163.2
2328,222.5998,100.0000,0.6474,0.0175,2.5590,0.0778,0.0215,4.6748,0.0011,1,0.0439,3.3722,0.0455,0.7130,60.0506,0.0000,60.0506,1.3757,0.0000,0.0000,791,741,87660,15.47,1163.2
2329,222.6078,8.0058,0.5678,0.0138,2.5056,0.0600,0.0222,59.6070,0.0011,1,0.0445,3.4739,0.0459,0.7902,59.5919,0.0000,59.5919,1.3841,0.0000,0.0000,791,741,87660,15.66,1163.2
2330,222.6706,62.7838,0.6169,0.0144,2.4366,0.0594,0.0217,127.4121,0.0013,1,0.0446,3.2926,0.0460,0.7319,59.1936,0.0000,59.1936,1.3775,0.0000,0.0000,791,741,87660,15.73,1163.2
2331,222.8012,100.0000,0.0593,0.0176,2.4970,0.0725,0.0299,4.6743,0.0012,1,0.0420,3.2432,0.0456,0.7133,59.3171,0.0000,59.3171,1.3877,0.0000,0.0000,791,741,87660,15.59,1163.2
2332,222.8085,7.3592,0.0575,0.0128,2.3970,0.0593,0.0262,60.2900,0.0011,1,0.0462,3.5759,0.0468,0.7802,59.6234,0.0000,59.6234,1.3845,0.0000,0.0000,791,741,87660,15.78,1163.2
2333,222.8714,62.8507,0.0546,0.0130,2.3478,0.0681,0.0222,66.0759,0.0011,1,0.0461,3.3304,0.0457,0.8397,60.8605,0.0000,60.8605,1.3800,0.0000,0.0000,791,741,87660,15.71,1163.2
2334,222.9400,68.5892,0.0585,0.0139,2.4655,0.0596,0.0216,63.8841,0.0013,1,0.0450,3.2993,0.0457,0.7153,59.5479,0.0000,59.5479,1.3809,0.0000,0.0000,791,741,87660,15.65,1163.2
2335,223.0065,66.5109,0.1092,0.0155,3.1508,0.0638,0.0222,128.3860,0.0016,1,0.0433,3.2725,0.0462,0.7098,59.7267,0.0000,59.7267,1.3825,0.0000,0.0000,791,741,87660,15.72,1163.2
2336,223.1382,100.0000,6.5016,0.0178,3.5302,0.0616,0.0224,5.1919,0.0011,1,0.0504,4.2529,0.0469,1.0061,59.8073,0.0000,59.8073,1.3848,0.0000,0.0000,791,741,87660,15.72,1163.2
2337,223.1536,15.3337,1.1390,0.0159,2.8278,0.0648,0.0229,53.7406,0.0012,1,0.0467,3.5313,0.0471,1.0732,60.2512,0.0000,60.2512,1.3813,0.0000,0.0000,791,741,87660,15.73,1163.2
2338,223.2114,57.8282,1.0893,0.0162,3.0338,0.0664,0.0244,62.7315,0.0012,1,0.0442,3.2845,0.0460,0.6922,60.5052,0.0000,60.5052,1.3837,0.0000,0.0000,791,741,87660,15.82,1163.2
2339,223.2784,66.9696,0.6475,0.0173,2.9539,0.0657,0.0239,62.9001,0.0014,1,0.0447,3.2875,0.0471,0.7045,60.0071,0.0000,60.0071,1.3840,0.0000,0.0000,791,741,87660,15.71,1163.2
2340,223.3450,66.6171,0.6584,0.0167,3.3589,0.0729,0.0250,127.9934,0.0018,1,0.0448,3.5285,0.0451,0.7940,60.2528,0.0000,60.2528,1.3841,0.0000,0.0000,791,741,87660,15.78,1163.2
2341,223.4771,100.0000,0.8273,0.0258,3.6305,0.0770,0.0274,5.7146,0.0017,1,0.0455,3.6234,0.0470,0.8435,59.8767,0.0000,59.8767,1.3860,0.0000,0.0000,791,741,87660,15.78,1163.2
2342,223.4874,10.3120,0.0722,0.0163,3.1511,0.0729,0.0267,60.5009,0.0023,1,0.0455,3.7848,0.0469,0.7912,59.6354,0.0000,59.6354,1.3806,0.0000,0.0000,791,741,87660,15.78,1163.2
2343,223.5513,63.8495,2.0583,0.0178,3.0935,0.0846,0.0306,127.5073,0.0019,1,0.0448,3.4019,0.0453,0.7239,60.2801,0.0000,60.2801,1.3864,0.0000,0.0000,791,741,87660,15.86,1163.2
2344,223.6841,100.0000,0.5311,0.0203,2.9376,0.0878,0.0314,5.4839,0.0013,1,0.0464,3.2383,0.0507,0.6771,61.5535,0.0000,61.5535,1.3844,0.0000,0.0000,791,741,87660,15.86,1163.2
2345,223.6932,9.1086,0.4871,0.0153,3.0821,0.0734,0.0254,52.5926,0.0015,1,0.0460,3.4236,0.0451,0.7989,52.4909,0.0000,52.4909,1.7688,0.0000,0.0000,791,739,87300,16.05,1163.2
2346,223.7495,56.2933,0.6457,0.0167,3.0052,0.0678,0.0244,57.6399,0.0015,1,0.0477,3.4977,0.0465,0.8158,50.6645,0.0000,50.6645,1.8503,0.0000,0.0000,791,745,88060,16.01,1163.2
2347,223.8109,61.4179,1.3435,0.0179,4.0151,0.1425,0.0412,52.7258,0.0016,1,0.0536,4.0997,0.0454,1.5177,52.1592,0.0000,52.1592,1.6966,0.0000,0.0000,791,745,88060,16.09,1164.6
2348,223.8692,58.3039,5.6483,0.0161,3.3429,0.0793,0.0259,103.1579,0.0018,1,0.0451,3.3692,0.0451,0.7506,49.4354,0.0000,49.4354,1.6829,0.0000,0.0000,791,745,88060,16.18,1164.6
2349,223.9815,100.0000,1.3892,0.0200,2.4495,0.1522,0.0556,5.6586,0.0013,1,0.0457,3.6964,0.0451,0.7516,49.7981,0.0000,49.7981,1.6371,0.0000,0.0000,791,745,88060,16.00,1164.6
2350,223.9913,9.7421,0.4517,0.0151,2.3778,0.0979,0.0329,50.3727,0.0010,1,0.0524,3.9892,0.0452,0.9987,49.3323,0.0000,49.3323,1.6185,0.0000,0.0000,791,747,88316,16.19,1164.6
2351,224.0446,53.3626,1.4084,0.0142,7.3043,0.0992,0.0778,104.7592,0.0022,1,0.0475,3.8996,0.0451,0.8331,49.5827,0.0000,49.5827,1.6056,0.0000,0.0000,791,749,88572,16.16,1164.6
2352,224.1583,100.0000,0.5871,0.0182,2.6931,0.0847,0.0216,5.0118,0.0013,1,0.0503,3.9604,0.0451,0.9563,49.5823,0.0000,49.5823,1.6112,0.0000,0.0000,791,750,88700,16.07,1164.6
2353,224.1668,8.4407,0.4487,0.0138,2.6131,0.0617,0.0220,49.3390,0.0014,1,0.0467,3.7217,0.0461,0.9770,48.4849,0.0000,48.4849,1.6053,0.0000,0.0000,791,751,88860,16.27,1164.6
2354,224.2193,52.5158,0.5465,0.0155,2.6477,0.0678,0.0230,107.6908,0.0020,1,0.0476,3.7232,0.0477,1.1024,48.2467,0.0000,48.2467,1.7307,0.0000,0.0000,791,758,89700,16.24,1164.6
2355,224.3303,100.0000,0.8309,0.0195,3.1778,0.0601,0.0217,5.4239,0.0013,1,0.0488,4.0310,0.0454,0.9327,48.8351,0.0000,48.8351,1.6008,0.0000,0.0000,791,758,89700,16.24,1164.6
2356,224.3399,9.5537,0.3905,0.0140,2.6104,0.0609,0.0215,47.7508,0.0015,1,0.0451,3.4562,0.0452,0.9093,48.3151,0.0000,48.3151,1.5906,0.0000,0.0000,791,756,89560,16.24,1164.6
2357,224.3907,50.8647,0.0653,0.0129,2.5737,0.0596,0.0223,53.8376,0.0012,1,0.0469,3.7553,0.0451,1.1293,48.7730,0.0000,48.7730,1.7900,0.0000,0.0000,791,757,89640,16.31,1164.6
2358,224.4473,56.5882,1.9661,0.0161,2.7460,0.0596,0.0213,50.8884,0.0013,1,0.0467,3.5579,0.0457,0.8202,48.0209,0.0000,48.0209,1.5800,0.0000,0.0000,791,757,89640,16.41,1164.6
2359,224.5030,55.7151,0.3852,0.0166,3.3161,0.0778,0.0259,104.2309,0.0023,1,0.0467,3.5537,0.0449,0.7905,47.7029,0.0000,47.7029,1.5740,0.0000,0.0000,791,757,89640,16.51,1164.6
2360,224.6111,100.0000,0.6601,0.0224,2.9372,0.0854,0.0292,5.1975,0.0014,1,0.0452,4.0168,0.0463,0.8418,48.3975,0.0000,48.3975,1.7785,0.0000,0.0000,791,757,89640,16.31,1164.6
2361,224.6201,8.9571,0.0584,0.0135,3.1320,0.0670,0.0249,48.9266,0.0013,1,0.0483,3.6924,0.0454,0.8608,48.3698,0.0000,48.3698,1.5789,0.0000,0.0000,791,757,89640,16.47,1164.6
2362,224.6723,52.2409,1.2331,0.0179,3.2084,0.0731,0.0266,306.9278,0.0023,1,0.0457,3.8006,0.0464,0.8476,48.4745,0.0000,48.4745,1.5708,0.0000,0.0000,791,757,89640,16.37,1164.6
2363,224.9838,100.0000,5.1971,0.3411,2.6371,0.2834,0.0506,7.1345,0.0019,1,0.0456,4.0023,0.0450,0.6912,51.4741,0.0000,51.4741,1.5786,0.0000,0.0000,791,757,89640,16.37,1164.6
2364,224.9995,15.6611,98.8623,0.0161,2.6998,0.0703,0.0670,46.1820,0.0026,1,0.0459,3.6328,0.0453,0.8212,49.1920,0.0000,49.1920,1.5924,0.0000,0.0000,791,757,89640,16.52,1164.6
2365,225.1474,100.0000,0.7205,0.0244,13.8040,0.0634,0.0239,46.1546,0.0018,1,0.0453,4.5689,0.0467,0.7441,52.9401,0.0000,52.9401,1.5778,0.0000,0.0000,791,757,89640,16.34,1164.6
2366,225.2082,60.8150,0.6790,0.0200,7.7773,0.0633,0.0228,8.3484,0.0014,1,0.0523,4.1067,0.0466,1.0702,49.2121,0.0000,49.2121,1.5826,0.0000,0.0000,791,757,89640,16.43,1164.6
2367,225.2251,16.9288,0.0199,0.0138,7.0600,0.0650,0.0439,49.0799,0.0014,1,0.0457,3.7975,0.0451,0.7923,48.6654,0.0000,48.6654,1.5849,0.0000,0.0000,791,757,89640,16.44,1164.6
2368,225.2814,56.2916,0.0224,0.0164,10.7590,0.0704,0.0238,36.2885,0.0013,1,0.0448,3.3712,0.0451,0.7824,48.4810,0.0000,48.4810,1.5822,0.0000,0.0000,791,757,89640,16.49,1164.6
2369,225.3286,47.1979,0.0969,0.0167,4.8156,0.0721,0.0264,48.2113,0.0011,1,0.0444,3.6016,0.0457,0.7730,47.1350,0.0000,47.1350,1.5904,0.0000,0.0000,791,757,89640,16.61,1164.6
2370,225.3819,53.2467,0.0228,0.0135,2.5566,0.0694,0.0247,50.2293,0.0013,1,0.0458,3.9580,0.0451,0.7976,49.3806,0.0000,49.3806,1.5756,0.0000,0.0000,791,757,89640,16.52,1164.6
2371,225.4348,52.9243,0.0209,0.0152,4.8578,0.0661,0.0240,50.4458,0.0011,1,0.0455,3.7420,0.0451,0.8643,48.2267,0.0000,48.2267,1.5827,0.0000,0.0000,791,757,89640,16.63,1164.6
2372,225.4902,55.4372,0.0239,0.2644,3.0160,0.0602,0.0222,60.6101,0.0013,1,0.0461,3.5351,0.0451,1.0150,57.4652,0.0000,57.4652,1.5628,0.0000,0.0000,791,757,89640,16.68,1164.6
2373,225.5542,64.0132,0.0212,0.0140,4.0352,0.0658,0.0232,113.9117,0.0019,1,0.0460,3.5843,0.0451,0.7988,57.1143,0.0000,57.1143,1.5588,0.0000,0.0000,791,757,89640,16.56,1164.6
2374,225.6723,100.0000,0.0279,0.0171,2.9576,0.0843,0.0291,6.2033,0.0014,1,0.0468,3.5649,0.0452,0.8229,46.7648,0.0000,46.7648,1.5783,0.0000,0.0000,791,757,89640,16.56,1164.6
2375,225.6817,9.3288,0.0256,0.0145,3.0862,0.0662,0.0245,49.1363,0.0014,1,0.0475,3.5939,0.0451,0.7981,47.3154,0.0000,47.3154,1.5772,0.0000,0.0000,791,757,89640,16.57,1164.6
2376,225.7340,52.3612,0.0260,0.0137,2.7518,0.0693,0.0258,132.8152,0.0014,1,0.0503,4.3756,0.0467,0.8754,55.1502,0.0000,55.1502,1.5693,0.0000,0.0000,791,757,89640,16.64,1164.6
2377,225.8697,100.0000,0.0221,0.0148,10.4842,0.1206,0.0375,14.4517,0.0013,1,0.0473,3.8283,0.0451,0.9348,55.2639,0.0000,55.2639,1.5611,0.0000,0.0000,791,757,89640,16.64,1164.6
2378,225.8949,25.1414,0.0277,0.0169,3.2213,0.0766,0.0255,32.9497,0.0013,1,0.0467,3.9246,0.0462,0.8452,54.7864,0.0000,54.7864,1.5547,0.0000,0.0000,791,757,89640,16.82,1164.6
2379,225.9312,36.3255,0.0198,0.0177,5.6271,0.1002,0.0370,66.5407,0.0011,1,0.0452,3.5208,0.0451,0.7712,63.7305,0.0000,63.7305,1.5483,0.0000,0.0000,791,757,89640,16.76,1164.6
2380,226.0036,72.3714,0.1536,0.0881,3.2177,0.0598,0.0210,60.1400,0.0016,1,0.0448,3.5069,0.0451,0.8151,55.4514,0.0000,55.4514,1.5342,0.0000,0.0000,791,757,89640,16.76,1164.6
2381,226.0673,63.6894,85.7850,0.0174,27.8067,0.0690,0.0250,80.7744,0.0021,1,0.0454,3.4172,0.0451,0.7153,57.7337,0.0000,57.7337,1.5232,0.0000,0.0000,791,757,89640,16.76,1164.6
2382,226.2617,100.0000,0.1489,0.0190,3.2608,0.0918,0.0291,103.5946,0.0028,1,0.0461,4.3919,0.0465,0.8567,58.2148,0.0000,58.2148,1.5173,0.0000,0.0000,791,757,89640,16.74,1164.6
2383,226.3689,100.0000,0.2170,0.0207,2.7202,0.0893,0.0297,7.1494,0.0012,1,0.0455,3.5310,0.0470,1.1491,56.5825,0.0000,56.5825,1.5216,0.0000,0.0000,791,757,89640,16.60,1164.6
2384,226.3791,10.2351,0.0292,0.0144,2.6072,0.0713,0.0229,56.9329,0.0013,1,0.0464,3.6031,0.0471,0.8315,57.7167,0.0000,57.7167,1.5187,0.0000,0.0000,791,757,89640,16.72,1164.6
2385,226.4388,59.6862,0.0249,0.0151,3.8337,0.0691,0.0239,73.6474,0.0014,1,0.0454,3.4117,0.0451,0.7222,56.2047,0.0000,56.2047,1.7212,0.0000,0.0000,791,757,89640,16.81,1164.6
2386,226.5164,77.6223,0.0232,0.0152,2.8011,0.0734,0.0261,67.1021,0.0014,1,0.0440,3.3592,0.0451,0.7514,61.3869,0.0000,61.3869,2.5932,0.0000,0.0000,791,757,89640,16.68,1164.6
2387,226.5865,70.0490,0.0270,0.0188,3.0667,0.0687,0.0262,51.3426,0.0016,1,0.0448,3.8004,0.0455,0.7362,58.6589,0.0000,58.6589,1.5073,0.0000,0.0000,791,757,89640,16.65,1164.6
2388,226.6411,54.5594,0.0786,0.0162,8.1178,0.0700,0.0253,58.2362,0.0014,1,0.0463,3.5988,0.0471,0.7376,57.8875,0.0000,57.8875,1.4987,0.0000,0.0000,791,757,89640,16.75,1164.6
2389,226.7076,66.5720,0.0279,0.0158,7.9154,0.0724,0.0256,54.6816,0.0013,1,0.0449,3.5124,0.0453,0.7261,57.8916,0.0000,57.8916,1.9519,0.0000,0.0000,791,757,89640,16.63,1164.6
2390,226.7704,62.7468,0.0195,0.0137,2.6909,0.0621,0.0224,64.0348,0.0014,1,0.0444,3.3242,0.0466,0.6902,56.8059,0.0000,56.8059,1.4956,0.0000,0.0000,791,757,89640,16.62,1164.6
2391,226.8372,66.8515,0.0308,0.0445,3.7968,0.0628,0.0220,63.5666,0.0015,1,0.0437,3.9775,0.0505,0.9830,57.9113,0.0000,57.9113,1.4981,0.0000,0.0000,791,757,89640,16.63,1164.6
2392,226.9048,67.5316,0.0361,0.0152,2.9032,0.0778,0.0299,59.4577,0.0014,1,0.0483,3.6804,0.0459,0.9830,57.6499,0.0000,57.6499,1.4894,0.0000,0.0000,791,757,89640,16.62,1164.6
2393,226.9673,62.5281,0.0250,0.0149,3.4927,0.0800,0.0250,189.1105,0.0021,1,0.0454,3.4127,0.0451,0.9150,58.5311,0.0000,58.5311,1.6420,0.0000,0.0000,791,757,89640,16.64,1164.6
2394,227.1600,100.0000,0.0377,0.0228,4.5993,0.0636,0.0239,75.0931,0.0014,1,0.0446,3.2835,0.0465,0.8004,58.4585,0.0000,58.4585,1.4748,0.0000,0.0000,791,757,89640,16.56,1164.6
2395,227.2399,79.8498,0.2450,0.0183,6.7771,0.0637,0.0297,6.2056,0.0014,1,0.0464,3.6665,0.0456,0.7922,60.2028,0.0000,60.2028,1.4772,0.0000,0.0000,791,757,89640,16.54,1164.6
2396,227.2533,13.3481,0.5716,0.0152,3.0778,0.0640,0.0238,50.5591,0.0014,1,0.0461,3.5348,0.0456,0.8533,55.6057,0.0000,55.6057,1.4727,0.0000,0.0000,791,757,89640,16.67,1164.6
2397,227.3076,54.3200,0.0230,0.0146,2.8032,0.0653,0.0239,59.3662,0.0022,1,0.0443,3.4730,0.0453,0.7002,55.6860,0.0000,55.6860,1.4756,0.0000,0.0000,791,757,89640,16.78,1164.6
2398,227.3699,62.3061,0.0284,0.0173,2.9992,0.0760,0.0272,58.8881,0.0013,1,0.0443,3.5307,0.0448,0.7223,56.0257,0.0000,56.0257,1.4623,0.0000,0.0000,791,757,89640,16.81,1164.6
2399,227.4319,62.0454,0.0252,0.0172,3.1299,0.0704,0.0266,57.9399,0.0014,1,0.0452,3.4561,0.0459,0.7996,54.7446,0.0000,54.7446,1.4679,0.0000,0.0000,791,757,89640,16.70,1164.6
2400,227.4931,61.2229,0.0218,0.0167,3.0434,0.0723,0.0273,58.2334,0.0014,1,0.0489,3.5369,0.0449,0.7060,54.9632,0.0000,54.9632,1.4635,0.0000,0.0000,791,757,89640,16.71,1164.6
2401,227.5546,61.4245,0.0359,0.0170,2.9915,0.0718,0.0250,121.2011,0.0018,1,0.0444,3.3892,0.0454,0.7268,55.8149,0.0000,55.8149,1.4530,0.0000,0.0000,791,757,89640,16.72,1164.6
2402,227.6789,100.0000,0.0313,0.0171,3.2976,0.0822,0.0296,4.8647,0.0013,1,0.0437,3.4978,0.0451,0.8414,56.6608,0.0000,56.6608,1.4474,0.0000,0.0000,791,757,89640,16.66,1164.6
2403,227.6872,8.3309,0.0215,0.0142,2.9379,0.0690,0.0242,56.8806,0.0016,1,0.0457,3.9430,0.0463,0.8704,55.2621,0.0000,55.2621,1.4410,0.0000,0.0000,791,757,89640,16.81,1164.6
2404,227.7472,59.9568,0.0274,0.0158,3.1435,0.0732,0.0256,58.5769,0.0013,1,0.0455,3.6270,0.0484,1.0400,55.4421,0.0000,55.4421,1.4489,0.0000,0.0000,791,757,89640,16.83,1164.6
2405,227.9038,100.0000,0.0642,0.0143,3.2284,0.0621,0.0255,4.9641,0.0013,1,0.0449,3.8157,0.0452,0.8847,65.7158,0.0000,65.7158,1.5753,0.0000,0.0000,791,757,89640,16.83,1164.6
2406,227.9122,8.3675,0.0252,0.0185,2.7877,0.0641,0.0290,97.5195,0.0018,1,0.0444,4.5458,0.0451,1.0142,60.7393,0.0000,60.7393,1.4378,0.0000,0.0000,791,757,89640,16.84,1164.6
2407,228.0126,100.0000,0.0319,0.0179,4.1401,0.0788,0.0284,9.9081,0.0011,1,0.0452,3.6296,0.0456,0.9124,55.9400,0.0000,55.9400,1.4355,0.0000,0.0000,791,757,89640,16.74,1164.6
2408,228.0268,14.2126,0.0165,0.0125,2.7729,0.0627,0.0214,49.8428,0.0014,1,0.0448,3.7417,0.0464,0.7556,55.3764,0.0000,55.3764,1.4287,0.0000,0.0000,791,757,89640,16.86,1164.6
2409,228.0796,52.7420,0.2544,0.0137,4.7099,0.1029,0.0267,122.5407,0.0017,1,0.0445,3.4284,0.0451,0.9095,55.1236,0.0000,55.1236,1.4379,0.0000,0.0000,791,757,89640,16.90,1164.6
2410,228.2072,100.0000,0.0572,0.0190,4.4695,0.0659,0.0249,11.3714,0.0015,1,0.0430,3.6553,0.0449,0.8348,55.5408,0.0000,55.5408,1.4332,0.0000,0.0000,791,757,89640,16.82,1164.6
2411,228.2233,16.0164,0.0223,0.0141,3.6672,0.0663,0.0233,50.0123,0.0015,1,0.0440,3.7341,0.0463,0.8349,55.6863,0.0000,55.6863,1.4372,0.0000,0.0000,791,757,89640,16.94,1164.6
2412,228.2771,53.8135,0.0217,0.0146,2.9559,0.0700,0.0306,58.1544,0.0020,1,0.0437,3.8241,0.0471,0.9106,55.8092,0.0000,55.8092,1.4385,0.0000,0.0000,791,757,89640,17.05,1164.6
2413,228.3383,61.2575,0.0274,0.0176,3.1037,0.0725,0.0268,58.4448,0.0015,1,0.0426,3.3431,0.0451,0.6985,55.1129,0.0000,55.1129,1.4262,0.0000,0.0000,791,757,89640,16.92,1164.6
2414,228.4000,61.7022,0.0270,0.0184,4.0834,0.0766,0.0270,118.6371,0.0018,1,0.0432,3.2953,0.0451,0.7291,54.5418,0.0000,54.5418,1.4260,0.0000,0.0000,791,757,89640,16.92,1164.6
2415,228.5229,100.0000,0.0254,0.0210,3.3957,0.1809,0.0408,7.2657,0.0016,1,0.0422,3.3202,0.0461,0.7993,54.7036,0.0000,54.7036,1.4259,0.0000,0.0000,791,757,89640,16.92,1164.6
2416,228.5338,10.9397,0.0301,0.0186,3.6454,0.1669,0.0325,54.6250,0.0017,1,0.0448,3.6147,0.0453,0.9316,55.0223,0.0000,55.0223,1.4283,0.0000,0.0000,791,757,89640,16.91,1164.6
2417,228.5924,58.5283,0.0365,0.0188,3.7184,0.0832,0.0306,57.7757,0.0019,1,0.0453,3.4284,0.0452,0.9503,55.3776,0.0000,55.3776,1.4208,0.0000,0.0000,791,757,89640,16.92,1164.6
2418,228.6541,61.6739,0.0296,0.0190,3.8773,0.0838,0.0296,56.5101,0.0015,1,0.0452,3.4488,0.0453,0.8520,55.0071,0.0000,55.0071,1.4155,0.0000,0.0000,791,757,89640,17.01,1164.6
2419,228.7146,60.5584,0.0302,0.0171,3.6761,0.0932,0.0303,56.8548,0.0013,1,0.0446,3.5908,0.0451,0.7935,54.6796,0.0000,54.6796,1.4232,0.0000,0.0000,791,757,89640,16.89,1164.6
2420,228.7753,60.7108,0.0328,0.0168,3.5295,0.0811,0.0289,64.1001,0.0014,1,0.0435,3.2730,0.0461,0.7244,55.6120,0.0000,55.6120,1.4228,0.0000,0.0000,791,757,89640,16.89,1164.6
2421,228.8431,67.7978,0.0236,0.0159,3.4269,0.0721,0.0264,113.7008,0.0025,1,0.0443,3.3975,0.0466,0.8349,55.3935,0.0000,55.3935,1.4188,0.0000,0.0000,791,757,89640,16.89,1164.6
2422,228.9604,100.0000,0.0333,0.0217,3.8365,0.0946,0.0363,8.2426,0.0013,1,0.0436,3.3755,0.0452,0.7145,55.5512,0.0000,55.5512,1.4251,0.0000,0.0000,791,757,89640,16.81,1164.6
2423,228.9727,12.2730,0.0579,0.0164,4.1406,0.0723,0.0252,51.7445,0.0013,1,0.0519,3.7340,0.0459,0.8581,55.0505,0.0000,55.0505,1.4201,0.0000,0.0000,791,757,89640,16.94,1164.6
2424,229.0287,56.0644,0.1481,0.0150,3.6488,0.0743,0.0273,121.6731,0.0015,1,0.0440,3.7147,0.0451,1.0047,55.0762,0.0000,55.0762,1.4087,0.0000,0.0000,791,757,89640,16.97,1164.6
2425,229.1543,100.0000,0.9004,0.0196,7.2478,0.2102,0.0256,11.6686,0.0013,1,0.0431,3.3864,0.0465,0.7023,55.3581,0.0000,55.3581,1.4142,0.0000,0.0000,791,757,89640,16.97,1164.6
2426,229.1744,20.0811,0.0247,0.0149,3.0296,0.0725,0.0272,43.8357,0.0012,1,0.0459,3.7958,0.0458,0.9380,55.4180,0.0000,55.4180,1.4120,0.0000,0.0000,791,757,89640,16.95,1164.6
2427,229.2214,47.0121,0.0235,0.0158,2.9194,0.0911,0.0799,58.9242,0.0011,1,0.0446,3.3772,0.0455,0.8192,56.2957,0.0000,56.2957,1.4106,0.0000,0.0000,791,757,89640,16.98,1164.6
2428,229.2835,62.0618,0.0224,0.0990,3.8244,0.0691,0.0221,57.4058,0.0012,1,0.0452,3.8735,0.0471,1.0061,54.7164,0.0000,54.7164,1.4100,0.0000,0.0000,791,757,89640,16.99,1164.6
2429,229.3449,61.4498,0.0281,0.0145,2.5566,0.0635,0.0220,62.5236,0.0012,1,0.0462,3.4480,0.0452,0.8724,55.4045,0.0000,55.4045,1.4070,0.0000,0.0000,791,757,89640,17.00,1164.6
2430,229.4102,65.2161,0.0326,0.0146,3.3750,0.0699,0.0244,59.6185,0.0014,1,0.0440,3.4386,0.0458,0.7168,57.5676,0.0000,57.5676,1.4066,0.0000,0.0000,791,757,89640,17.01,1164.6
2431,229.4733,63.1434,0.0215,0.0151,3.5618,0.0718,0.0249,118.2765,0.0023,1,0.0448,3.5113,0.0462,0.8978,56.1463,0.0000,56.1463,1.4085,0.0000,0.0000,791,757,89640,17.01,1164.6
2432,229.5953,100.0000,0.0313,0.0292,3.0555,0.0886,0.0287,6.1438,0.0015,1,0.0451,3.6858,0.0460,0.8419,54.4817,0.0000,54.4817,1.4060,0.0000,0.0000,791,757,89640,17.01,1164.6
2433,229.6047,9.3858,0.0246,0.0165,3.4918,0.0669,0.0248,54.1870,0.0012,1,0.0452,3.5903,0.0451,0.7259,54.6142,0.0000,54.6142,1.4129,0.0000,0.0000,791,757,89640,17.01,1164.6
2434,229.6625,57.8202,0.0236,0.0158,3.6559,0.0685,0.0245,120.5826,0.0027,1,0.0477,3.8436,0.0451,0.8806,56.4319,0.0000,56.4319,1.4026,0.0000,0.0000,791,757,89640,17.02,1164.6
2435,229.7869,100.0000,0.0974,0.0204,5.6515,0.4913,0.0269,6.0799,0.0017,1,0.0472,4.0647,0.0452,0.9844,55.2949,0.0000,55.2949,1.4108,0.0000,0.0000,791,757,89640,16.94,1164.6
2436,229.7992,12.3774,0.0233,0.0163,2.9451,0.0720,0.0255,52.1627,0.0018,1,0.0438,3.6131,0.0450,0.7455,55.1077,0.0000,55.1077,1.4062,0.0000,0.0000,791,757,89640,17.07,1164.6
2437,229.8545,55.2649,0.0268,0.0159,3.6444,0.0773,0.0275,58.7481,0.0014,1,0.0427,3.4433,0.0454,0.7062,55.2740,0.0000,55.2740,1.6052,0.0000,0.0000,791,757,89640,17.10,1164.6
2438,229.9171,62.5483,0.0333,0.0158,2.8387,0.0696,0.0254,58.3396,0.0017,1,0.0436,3.5104,0.0456,0.7475,56.1830,0.0000,56.1830,1.4083,0.0000,0.0000,791,757,89640,17.11,1164.6
2439,229.9784,61.3301,0.0259,0.0146,3.9741,0.0589,0.0209,60.4436,0.0013,1,0.0428,3.6774,0.0457,0.7227,57.4220,0.0000,57.4220,1.4009,0.0000,0.0000,791,757,89640,17.21,1164.6
2440,230.0429,64.5457,0.1271,0.0155,3.0150,0.0694,0.0288,59.0411,0.0015,1,0.0439,3.5239,0.0464,0.7229,56.4463,0.0000,56.4463,1.3974,0.0000,0.0000,791,757,89640,17.08,1164.6
2441,230.1052,62.3054,0.9457,0.0156,3.9610,0.0660,0.0308,80.3401,0.0014,1,0.0521,3.4772,0.0451,0.8563,56.2520,0.0000,56.2520,1.4047,0.0000,0.0000,791,757,89640,16.96,1164.6
2442,230.1906,85.3680,0.0220,0.0144,4.2209,0.0762,0.0319,54.7129,0.0011,1,0.0437,3.3775,0.0451,0.7310,56.8369,0.0000,56.8369,1.4095,0.0000,0.0000,791,757,89640,16.92,1164.6
2443,230.2497,59.0862,0.0218,0.0144,3.4802,0.0633,0.0231,53.3374,0.0012,1,0.0423,3.4481,0.0451,0.8460,56.1456,0.0000,56.1456,1.4026,0.0000,0.0000,791,757,89640,16.94,1164.6
2444,230.3066,56.9479,0.0209,0.0139,3.4602,0.0652,0.0226,81.1976,0.0013,1,0.0438,3.5476,0.0451,1.0034,56.5500,0.0000,56.5500,1.3944,0.0000,0.0000,791,757,89640,16.96,1164.6
2445,230.3914,84.7880,0.0209,0.0141,2.7007,0.0760,0.0256,37.4740,0.0013,1,0.0464,3.3884,0.0462,0.8189,57.8553,0.0000,57.8553,1.3976,0.0000,0.0000,791,757,89640,17.00,1164.6
2446,230.4317,40.3189,0.0251,0.0135,3.6099,0.5735,0.0335,48.9559,0.0014,1,0.0473,4.3451,0.0459,0.9857,55.5623,0.0000,55.5623,1.3940,0.0000,0.0000,791,757,89640,16.92,1164.6
2447,230.4850,53.2189,0.0238,0.0145,2.5011,0.0866,0.0246,118.5308,0.0016,1,0.0447,3.4713,0.0451,0.8014,54.8972,0.0000,54.8972,1.3957,0.0000,0.0000,791,757,89640,16.94,1164.6
2448,230.6062,100.0000,0.0218,0.0158,5.5198,0.0569,0.0192,3.7294,0.0011,1,0.0447,3.3292,0.0451,0.6904,55.1364,0.0000,55.1364,1.3902,0.0000,0.0000,791,757,89640,16.94,1164.6
2449,230.6155,9.3706,0.0193,0.0132,2.4132,0.0568,0.0219,58.6609,0.0012,1,0.0439,4.3803,0.0451,0.7475,54.7936,0.0000,54.7936,1.3966,0.0000,0.0000,791,757,89640,16.94,1164.6
2450,230.6767,61.1924,0.0221,0.0138,2.4987,0.0616,0.0218,58.6801,0.0014,1,0.0456,3.9695,0.0451,0.8206,56.2558,0.0000,56.2558,1.4003,0.0000,0.0000,791,757,89640,16.94,1164.6
2451,230.7380,61.3055,0.0237,0.0391,3.7815,0.0641,0.0231,58.1145,0.0013,1,0.0483,3.5862,0.0463,0.6984,54.8388,0.0000,54.8388,1.4054,0.0000,0.0000,791,757,89640,17.03,1164.6
2452,230.8001,62.0538,0.0229,0.0142,2.7229,0.0736,0.0264,135.1957,0.0016,1,0.0429,4.2677,0.0452,0.7234,55.2242,0.0000,55.2242,1.3964,0.0000,0.0000,791,757,89640,16.90,1164.6
2453,230.9381,100.0000,0.0244,0.0188,4.3066,2.8168,0.0300,7.5353,0.0011,1,0.0441,3.5103,0.0458,0.8253,55.6537,0.0000,55.6537,1.3974,0.0000,0.0000,791,757,89640,16.81,1164.6
2454,230.9529,14.7398,0.0188,0.0141,2.8640,0.1116,0.0275,49.3019,0.0016,1,0.0432,3.4185,0.0451,0.8709,56.4813,0.0000,56.4813,1.3987,0.0000,0.0000,791,757,89640,16.94,1164.6
2455,231.0052,52.3488,0.0531,0.0164,3.5292,0.0704,0.0248,125.1431,0.0020,1,0.0439,3.3866,0.0452,0.9910,56.9841,0.0000,56.9841,1.3931,0.0000,0.0000,791,757,89640,16.98,1164.6
2456,231.1341,100.0000,0.2008,0.0231,3.7642,0.1054,0.0368,6.8083,0.0014,1,0.0460,3.3341,0.0468,0.8028,57.0614,0.0000,57.0614,1.3965,0.0000,0.0000,791,757,89640,16.98,1164.6
2457,231.1450,10.9484,0.1627,0.0203,4.5095,0.0926,0.0382,88.6716,0.0016,1,0.0424,3.4924,0.0452,0.8463,55.9674,0.0000,55.9674,1.5631,0.0000,0.0000,791,757,89640,16.99,1164.6
2458,231.2385,93.5047,0.0293,0.0188,5.2895,0.0819,0.0299,24.2710,0.0016,1,0.0445,3.4445,0.0452,0.8039,56.5812,0.0000,56.5812,1.3884,0.0000,0.0000,791,757,89640,16.90,1164.6
2459,231.2683,29.7303,0.0264,0.0189,4.4054,0.0813,0.0294,61.9989,0.0019,1,0.0444,4.0161,0.0455,0.8717,56.5128,0.0000,56.5128,1.3841,0.0000,0.0000,791,757,89640,16.99,1164.6
2460,231.3348,66.5720,0.0326,0.0197,4.0006,0.0879,0.0298,119.2243,0.0027,1,0.0463,3.8117,0.0464,0.8770,57.6777,0.0000,57.6777,1.3887,0.0000,0.0000,791,757,89640,16.99,1164.6
2461,231.4583,100.0000,0.0328,0.0214,4.0348,0.1061,0.0321,6.6238,0.0012,1,0.0476,4.0451,0.0471,0.8411,57.4386,0.0000,57.4386,1.3868,0.0000,0.0000,791,757,89640,16.99,1164.6
2462,231.4691,10.8596,0.0227,0.0161,5.4848,0.0874,0.0608,52.8552,0.0013,1,0.0447,3.6368,0.0471,0.7728,56.9857,0.0000,56.9857,1.3925,0.0000,0.0000,791,757,89640,16.99,1164.6
2463,231.5276,58.5351,0.0248,0.0152,3.6196,0.0653,0.0240,57.7262,0.0016,1,0.0430,3.3873,0.0464,0.7119,55.0021,0.0000,55.0021,1.3904,0.0000,0.0000,791,757,89640,17.00,1164.6
2464,231.5891,61.4839,0.0316,0.0155,2.9388,0.0821,0.0260,58.4198,0.0012,1,0.0496,3.4746,0.0453,0.7467,56.4811,0.0000,56.4811,1.3900,0.0000,0.0000,791,757,89640,17.10,1164.6
2465,231.6507,61.5211,0.0221,0.0128,2.6632,0.0619,0.0223,60.2057,0.0014,1,0.0444,3.2918,0.0455,0.7844,54.9967,0.0000,54.9967,1.3861,0.0000,0.0000,791,757,89640,16.97,1164.6
2466,231.7136,62.9965,0.0239,0.0267,2.7171,0.0640,0.0230,57.9190,0.0013,1,0.0461,3.8915,0.0461,0.9384,54.5374,0.0000,54.5374,1.3893,0.0000,0.0000,791,757,89640,16.95,1164.6
2467,231.7744,60.7816,0.0256,0.0148,4.9016,0.0800,0.0240,57.3360,0.0015,1,0.0461,3.4628,0.0451,0.8128,56.0951,0.0000,56.0951,1.3822,0.0000,0.0000,791,757,89640,16.95,1164.6
2468,231.8368,62.3896,0.0225,0.0142,2.8228,0.0636,0.0227,58.8717,0.0013,1,0.0449,3.4132,0.0451,0.8243,54.8750,0.0000,54.8750,1.3887,0.0000,0.0000,791,757,89640,16.94,1164.6
2469,231.8986,61.8258,0.0225,0.0156,2.8361,0.0698,0.0225,117.6885,0.0018,1,0.0429,3.4987,0.0452,0.9298,54.3952,0.0000,54.3952,1.3863,0.0000,0.0000,791,757,89640,17.04,1164.6
2470,232.0193,100.0000,0.0366,0.0203,5.4935,0.0744,0.0272,8.9977,0.0014,1,0.0449,3.3652,0.0450,0.7229,54.4053,0.0000,54.4053,1.3843,0.0000,0.0000,791,757,89640,16.82,1164.6
2471,232.0340,14.6590,0.0244,0.0165,7.9390,0.0823,0.0278,45.5339,0.0018,1,0.0519,3.5699,0.0452,0.7639,56.1547,0.0000,56.1547,1.6848,0.0000,0.0000,791,757,89640,16.91,1164.6
2472,232.0876,53.6325,0.2406,0.0170,3.0189,0.0695,0.0244,119.7297,0.0018,1,0.0427,3.3919,0.0451,0.7658,54.6944,0.0000,54.6944,1.3883,0.0000,0.0000,791,757,89640,17.02,1164.6
2473,232.2107,100.0000,0.1417,0.0311,6.4350,0.0966,0.0326,5.6507,0.0013,1,0.0447,3.7770,0.0450,0.9455,54.5806,0.0000,54.5806,1.3860,0.0000,0.0000,791,757,89640,16.81,1164.6
2474,232.2231,12.3962,0.0258,0.0160,3.1046,0.0711,0.0256,52.4610,0.0018,1,0.0471,3.5483,0.0451,0.9302,54.3353,0.0000,54.3353,1.3908,0.0000,0.0000,791,757,89640,16.90,1164.6
2475,232.2788,55.7139,0.0284,0.6819,3.5660,0.0656,0.0236,59.2712,0.0013,1,0.0455,3.7007,0.0462,0.8514,56.7694,0.0000,56.7694,1.3854,0.0000,0.0000,791,757,89640,17.01,1164.6
2476,232.3425,63.6451,0.1106,0.0146,7.2930,0.0794,0.0255,52.3929,0.0014,1,0.0438,3.3657,0.0465,0.7550,56.0279,0.0000,56.0279,1.3920,0.0000,0.0000,791,757,89640,16.88,1164.6
2477,232.4024,59.9254,0.0300,0.0167,3.3766,0.0705,0.0246,64.5901,0.0014,1,0.0445,3.3338,0.0452,0.6865,55.4614,0.0000,55.4614,1.3786,0.0000,0.0000,791,757,89640,16.86,1164.6
2478,232.4705,68.1172,0.0234,0.0159,3.5313,0.0742,0.0270,52.2331,0.0013,1,0.0456,3.3677,0.0451,0.8048,54.8468,0.0000,54.8468,1.3852,0.0000,0.0000,791,757,89640,16.83,1164.6
2479,232.5264,55.9131,0.0212,0.0152,2.6865,0.0698,0.0238,58.0787,0.0015,1,0.0436,3.6716,0.0456,0.7996,54.5660,0.0000,54.5660,1.3887,0.0000,0.0000,791,757,89640,16.83,1164.6
2480,232.5873,60.9038,0.2016,0.0202,3.6966,0.0679,0.0253,63.0602,0.0016,1,0.0451,3.5238,0.0451,0.7317,56.4450,0.0000,56.4450,1.3844,0.0000,0.0000,791,757,89640,16.92,1164.6
2481,232.6544,67.0814,0.0269,0.0160,4.0410,0.0731,0.0252,117.1440,0.0017,1,0.0458,3.8937,0.0468,0.9874,56.3289,0.0000,56.3289,1.3899,0.0000,0.0000,791,757,89640,16.78,1164.6
2482,232.7757,100.0000,0.0509,0.0199,3.2462,0.0983,0.0341,5.5526,0.0012,1,0.0481,3.8022,0.0469,1.1724,56.3011,0.0000,56.3011,1.3911,0.0000,0.0000,791,757,89640,16.67,1164.6
2483,232.7848,9.0096,0.0263,0.0135,2.4207,0.0620,0.0224,58.1947,0.0020,1,0.0528,4.7244,0.0463,1.0793,54.8200,0.0000,54.8200,1.3798,0.0000,0.0000,791,757,89640,16.88,1164.6
2484,232.8455,60.7495,0.2213,0.0156,3.3117,0.0736,0.0251,120.9311,0.0018,1,0.0437,3.5698,0.0451,0.8132,55.4520,0.0000,55.4520,1.3798,0.0000,0.0000,791,757,89640,16.78,1164.6
2485,232.9701,100.0000,0.0330,0.0208,3.2246,0.0875,0.0326,5.9306,0.0015,1,0.0459,3.9321,0.0469,0.8080,56.2392,0.0000,56.2392,1.3856,0.0000,0.0000,791,757,89640,16.78,1164.6
2486,232.9794,9.3390,0.0272,0.0163,3.4454,0.0740,0.0262,55.9253,0.0013,1,0.0467,3.4178,0.0451,0.9830,54.7081,0.0000,54.7081,1.3798,0.0000,0.0000,791,757,89640,16.90,1164.6
2487,233.0390,59.5229,0.1492,0.0210,3.3742,0.0756,0.0261,121.4598,0.0020,1,0.0454,4.8580,0.0452,1.3746,57.0334,0.0000,57.0334,1.3814,0.0000,0.0000,791,757,89640,16.80,1164.6
2488,233.1648,100.0000,0.3782,0.0465,7.7596,0.0707,0.0250,6.3122,0.0018,1,0.0470,3.5659,0.0457,1.0138,55.1751,0.0000,55.1751,1.3777,0.0000,0.0000,791,757,89640,16.70,1164.6
2489,233.1794,14.6049,0.0247,0.0150,4.5764,0.0718,0.0254,47.1161,0.0014,1,0.0439,3.3944,0.0452,0.7987,54.4374,0.0000,54.4374,1.3829,0.0000,0.0000,791,757,89640,16.77,1164.6
2490,233.3627,100.0000,0.7023,0.0178,4.3490,0.0738,0.0259,7.5745,0.0030,1,0.0452,3.6213,0.0453,0.8850,61.1813,0.0000,61.1813,1.3810,0.0000,0.0000,791,757,89640,16.66,1164.6
2491,233.3754,12.7590,0.6618,0.0270,3.3802,0.0903,0.0401,63.9082,0.0017,1,0.0447,3.9401,0.0451,0.8151,64.2347,0.0000,64.2347,1.3852,0.0000,0.0000,791,757,89640,16.76,1164.6
2492,233.4435,68.1207,0.0431,0.0207,2.8713,0.0976,0.0322,6.8295,0.0012,1,0.0542,4.1553,0.0463,0.9372,56.2287,0.0000,56.2287,1.3803,0.0000,0.0000,791,757,89640,16.73,1164.6
2493,233.4534,9.9034,0.0221,0.0146,2.9390,0.0752,0.0253,56.2819,0.0018,1,0.0489,3.9743,0.0468,0.9482,55.9716,0.0000,55.9716,1.3785,0.0000,0.0000,791,757,89640,16.86,1164.6
2494,233.5128,59.3675,0.0254,0.0158,2.4999,0.0635,0.0230,60.0311,0.0016,1,0.0468,4.3377,0.0453,1.1448,54.9128,0.0000,54.9128,1.3879,0.0000,0.0000,791,757,89640,16.95,1164.6
2495,233.5755,62.6683,0.0274,0.0174,3.2240,0.0751,0.0274,59.6988,0.0014,1,0.0444,3.6313,0.0451,0.8049,56.0602,0.0000,56.0602,1.3758,0.0000,0.0000,791,757,89640,16.83,1164.6
2496,233.6385,63.0787,0.0235,0.0141,2.5662,0.0841,0.0289,56.4060,0.0019,1,0.0470,3.6664,0.0453,1.0734,54.7638,0.0000,54.7638,1.3821,0.0000,0.0000,791,757,89640,16.80,1164.6
2497,233.6977,59.1330,0.0325,0.0176,2.1465,0.0527,0.0185,61.4251,0.0013,1,0.0472,3.9842,0.0451,1.0101,55.1695,0.0000,55.1695,1.3854,0.0000,0.0000,791,757,89640,16.90,1164.6
2498,233.7614,63.7026,0.0254,0.0160,2.5873,0.0710,0.0330,59.9303,0.0014,1,0.0507,4.1107,0.0451,1.1340,55.0332,0.0000,55.0332,1.3749,0.0000,0.0000,791,757,89640,16.81,1164.6
2499,233.8241,62.6717,0.0242,0.0137,2.3954,0.0635,0.0235,59.5457,0.0013,1,0.0470,3.8654,0.0453,1.0330,55.1387,0.0000,55.1387,1.3739,0.0000,0.0000,791,757,89640,16.74,1164.6
2500,233.8861,62.0745,0.0226,0.0144,2.5535,0.0640,0.0230,121.3145,0.0020,1,0.0459,3.7444,0.0451,1.0258,54.9032,0.0000,54.9032,1.3803,0.0000,0.0000,791,757,89640,16.77,1164.6
2501,234.0102,100.0000,0.0424,0.0181,2.5635,0.0916,0.0246,5.0655,0.0013,1,0.0496,4.1599,0.0466,0.9948,54.9345,0.0000,54.9345,1.3717,0.0000,0.0000,791,757,89640,16.68,1164.6
2502,234.0180,7.8149,0.0231,0.0136,3.5181,0.0922,0.0240,56.1294,0.0014,1,0.0530,4.0285,0.0451,1.0936,55.0539,0.0000,55.0539,1.3770,0.0000,0.0000,791,757,89640,16.90,1164.6
2503,234.0778,59.8092,0.1292,0.0141,2.4602,0.0606,0.0232,62.9086,0.0013,1,0.0557,3.8315,0.0451,1.1377,56.5033,0.0000,56.5033,1.3762,0.0000,0.0000,791,757,89640,17.00,1164.6
2504,234.1434,65.6031,1.7402,0.0152,3.7566,0.0660,0.0224,62.5161,0.0018,1,0.0460,3.6469,0.0457,0.8692,54.1266,0.0000,54.1266,1.3742,0.0000,0.0000,791,757,89640,16.86,1164.6
2505,234.2115,68.1265,0.0243,0.0172,3.8609,0.0909,0.0314,51.0746,0.0017,1,0.0454,3.3769,0.0451,0.7142,55.8874,0.0000,55.8874,1.3798,0.0000,0.0000,791,757,89640,16.84,1164.6
2506,234.2666,55.1091,0.0300,0.0174,4.4656,0.0808,0.0281,56.9306,0.0016,1,0.0436,3.2770,0.0447,0.8704,54.9288,0.0000,54.9288,1.3766,0.0000,0.0000,791,757,89640,16.90,1164.6
2507,234.3282,61.5614,0.0273,0.0176,3.8590,0.0784,0.0288,119.9555,0.0019,1,0.0446,3.4635,0.0467,0.7919,55.7287,0.0000,55.7287,1.3742,0.0000,0.0000,791,757,89640,16.92,1164.6
2508,234.4522,100.0000,0.0326,0.0219,4.9813,0.0818,0.0299,6.2942,0.0016,1,0.0450,3.3937,0.0451,0.9750,55.1942,0.0000,55.1942,1.3818,0.0000,0.0000,791,757,89640,16.81,1164.6
2509,234.4636,11.4511,0.0275,0.0322,3.5158,0.0793,0.0280,53.9624,0.0013,1,0.0451,3.4310,0.0449,0.8704,55.3959,0.0000,55.3959,1.3767,0.0000,0.0000,791,757,89640,16.94,1164.6
2510,234.5213,57.6543,0.0261,0.0173,6.2277,0.0807,0.0293,54.9657,0.0015,1,0.0476,3.5679,0.0450,0.8760,55.4794,0.0000,55.4794,1.3791,0.0000,0.0000,791,757,89640,16.95,1164.6
2511,234.5826,61.3618,0.0339,0.0161,2.5249,0.0569,0.0207,59.6235,0.0024,1,0.0460,3.5727,0.0451,1.0011,54.4265,0.0000,54.4265,1.3733,0.0000,0.0000,791,757,89640,16.97,1164.6
2512,234.6449,62.2900,0.0311,0.0377,2.9931,0.0769,0.0297,59.2508,0.0016,1,0.0473,4.2128,0.0463,0.9989,56.3019,0.0000,56.3019,1.3723,0.0000,0.0000,791,757,89640,16.98,1164.6
2513,234.7073,62.4288,0.0262,0.0177,3.2411,0.0787,0.0267,56.3369,0.0028,1,0.0470,3.6827,0.0451,0.9143,55.2184,0.0000,55.2184,1.3818,0.0000,0.0000,791,757,89640,16.98,1164.6
2514,234.7671,59.7393,0.0366,0.0197,2.6014,0.0690,0.0232,60.9571,0.0012,1,0.0501,3.9659,0.0461,1.1612,55.0400,0.0000,55.0400,1.3722,0.0000,0.0000,791,757,89640,17.08,1164.6
2515,234.8308,63.7149,0.0236,0.0164,2.2740,0.0525,0.0201,59.5720,0.0013,1,0.0452,3.6497,0.0451,1.0730,55.0836,0.0000,55.0836,1.3636,0.0000,0.0000,791,757,89640,17.11,1164.6
2516,234.8928,61.9665,0.0224,0.0138,2.2576,0.0811,0.0262,58.2736,0.0015,1,0.0467,4.2211,0.0452,0.8228,54.7727,0.0000,54.7727,1.3695,0.0000,0.0000,791,757,89640,17.00,1164.6
2517,234.9534,60.6821,0.0208,0.0127,2.4365,0.0590,0.0215,60.1847,0.0015,1,0.0483,3.7093,0.0439,1.0589,56.4997,0.0000,56.4997,1.3726,0.0000,0.0000,791,757,89640,16.98,1164.6
2518,235.0162,62.7447,0.0266,0.0162,2.2013,0.0564,0.0208,124.7341,0.0018,1,0.0480,3.7762,0.0451,0.9852,54.9829,0.0000,54.9829,1.3779,0.0000,0.0000,791,757,89640,16.98,1164.6
2519,235.1433,100.0000,0.1649,0.0197,3.2110,0.1883,0.0274,5.1682,0.0015,1,0.0438,3.8871,0.0451,0.8233,55.7242,0.0000,55.7242,1.3761,0.0000,0.0000,791,757,89640,16.89,1164.6
2520,235.1521,8.7886,0.1854,0.0140,3.3885,0.0621,0.0221,57.8288,0.0021,1,0.0465,3.6788,0.0451,1.0031,55.7004,0.0000,55.7004,1.3717,0.0000,0.0000,791,757,89640,17.02,1164.6
2521,235.2136,61.5098,0.0203,0.0139,2.8530,0.0719,0.0253,57.5589,0.0012,1,0.0457,3.8546,0.0468,0.8335,56.0677,0.0000,56.0677,1.3685,0.0000,0.0000,791,757,89640,17.02,1164.6
2522,235.2741,60.5518,0.0248,0.0158,3.4585,0.0696,0.0234,58.0830,0.0012,1,0.0449,3.5382,0.0451,0.9649,55.1914,0.0000,55.1914,1.3694,0.0000,0.0000,791,757,89640,17.11,1164.6
2523,235.3358,61.6837,0.0262,0.0147,2.3363,0.0493,0.0174,121.7560,0.0015,1,0.0482,3.9265,0.0465,1.0957,55.1216,0.0000,55.1216,1.3781,0.0000,0.0000,791,757,89640,16.98,1164.6
2524,235.4600,100.0000,0.0305,0.0166,2.5636,0.0896,0.0290,4.7620,0.0013,1,0.0489,3.8707,0.0452,1.0360,55.5278,0.0000,55.5278,1.3721,0.0000,0.0000,791,757,89640,16.89,1164.6
2525,235.4675,7.5000,0.0221,0.0131,2.2205,0.0472,0.0172,57.4208,0.0012,1,0.0504,4.0735,0.0451,0.9966,54.7873,0.0000,54.7873,1.3707,0.0000,0.0000,791,757,89640,17.11,1164.6
2526,235.5273,59.7486,0.0206,0.0132,2.9241,0.0538,0.0199,121.5758,0.0028,1,0.0500,3.7104,0.0467,1.3287,56.4502,0.0000,56.4502,1.3695,0.0000,0.0000,791,757,89640,16.98,1164.6
2527,235.6519,100.0000,0.0344,0.0195,2.7485,0.0835,0.0290,8.6521,0.0014,1,0.0461,3.6654,0.0451,0.9073,55.2101,0.0000,55.2101,1.3673,0.0000,0.0000,791,757,89640,16.98,1164.6
2528,235.6635,11.5762,0.0224,0.0179,2.4590,0.0589,0.0214,53.4862,0.0011,1,0.0481,3.6883,0.0451,0.8995,55.2799,0.0000,55.2799,1.3722,0.0000,0.0000,791,757,89640,16.99,1164.6
2529,235.7195,56.0732,0.0297,0.0136,2.5181,0.0631,0.0227,58.4288,0.0016,1,0.0445,3.6670,0.0455,0.7498,54.9337,0.0000,54.9337,1.3665,0.0000,0.0000,791,757,89640,16.98,1164.6
2530,235.7806,61.0838,0.0237,0.0139,2.5337,0.0682,0.0232,58.4039,0.0014,1,0.0455,3.4336,0.0451,0.7244,55.1067,0.0000,55.1067,1.3651,0.0000,0.0000,791,757,89640,17.08,1164.6
2531,235.8417,61.0746,0.0263,0.0139,3.3323,0.0638,0.0228,119.3259,0.0017,1,0.0436,3.7315,0.0452,0.7885,54.5002,0.0000,54.5002,1.8648,0.0000,0.0000,791,757,89640,16.97,1164.6
2532,235.9645,100.0000,0.0314,0.0172,2.7656,0.0879,0.0309,5.0017,0.0012,1,0.0445,3.4214,0.0462,0.7168,54.5753,0.0000,54.5753,1.3635,0.0000,0.0000,791,757,89640,16.86,1164.6
2533,235.9724,7.9432,0.0252,0.0156,4.2314,0.0626,0.0234,62.1819,0.0015,1,0.0464,3.8811,0.0452,0.8503,55.3889,0.0000,55.3889,1.3673,0.0000,0.0000,791,757,89640,16.99,1164.6
2534,236.0390,66.5484,0.1457,0.0167,3.0566,0.0726,0.0257,52.8909,0.0017,1,0.0457,3.4839,0.0451,0.9603,55.1158,0.0000,55.1158,1.3713,0.0000,0.0000,791,757,89640,16.97,1164.6
2535,236.0952,56.2178,1.4803,0.0875,4.9736,0.0749,0.4771,61.9818,0.0018,1,0.0456,3.3203,0.0452,0.6889,54.9454,0.0000,54.9454,1.3684,0.0000,0.0000,791,757,89640,17.08,1164.6
2536,236.1643,69.0854,0.0225,0.0158,5.9573,0.0704,0.0253,110.4897,0.0017,1,0.0442,3.3370,0.0452,0.8005,55.6079,0.0000,55.6079,1.3741,0.0000,0.0000,791,757,89640,16.94,1164.6
2537,236.2809,100.0000,0.0350,0.0172,2.9098,0.0800,0.0287,5.4836,0.0013,1,0.0452,3.4227,0.0452,0.7441,55.4800,0.0000,55.4800,1.3700,0.0000,0.0000,791,757,89640,16.84,1164.6
2538,236.2894,8.5619,0.0234,0.0144,2.6926,0.0664,0.0248,55.1518,0.0013,1,0.0621,3.5420,0.0464,0.9914,54.8503,0.0000,54.8503,1.3729,0.0000,0.0000,791,757,89640,16.97,1164.6
2539,236.3474,57.9809,0.0251,0.0150,2.5777,0.0605,0.0230,59.3691,0.0017,1,0.0453,3.6561,0.0455,0.9980,54.5423,0.0000,54.5423,1.3640,0.0000,0.0000,791,757,89640,16.97,1164.6
2540,236.4095,62.0793,0.0214,0.0164,2.9455,0.0813,0.0248,59.1324,0.0015,1,0.0452,3.5758,0.0453,0.7352,56.9409,0.0000,56.9409,1.3657,0.0000,0.0000,791,757,89640,16.97,1164.6
2541,236.4717,62.2290,0.0216,0.0134,2.4748,0.0575,0.0275,123.6365,0.0019,1,0.0443,3.3634,0.0466,0.7844,54.5307,0.0000,54.5307,1.3690,0.0000,0.0000,791,757,89640,16.98,1164.6
2542,236.5980,100.0000,0.0310,0.0192,2.9342,0.0704,0.0265,4.8081,0.0010,1,0.0448,3.4987,0.0451,0.8317,56.9340,0.0000,56.9340,1.3664,0.0000,0.0000,791,757,89640,16.98,1164.6
2543,236.6059,7.8982,0.0309,0.0129,2.4852,0.0607,0.0222,56.7037,0.0012,1,0.0452,3.4390,0.0454,0.8046,54.2754,0.0000,54.2754,1.3675,0.0000,0.0000,791,757,89640,16.99,1164.6
2544,236.6652,59.3227,0.0215,0.0138,2.8913,0.0649,0.0238,57.2927,0.0012,1,0.0457,3.4166,0.0461,0.8248,54.3707,0.0000,54.3707,1.3601,0.0000,0.0000,791,757,89640,16.99,1164.6
2545,236.7255,60.3159,0.0236,0.0148,3.7089,0.0668,0.0247,59.0056,0.0013,1,0.0450,3.5086,0.0462,0.7203,54.5129,0.0000,54.5129,1.3655,0.0000,0.0000,791,757,89640,17.08,1164.6
2546,236.7883,62.8528,0.0254,0.0195,2.9037,0.0711,0.0266,55.3844,0.0016,1,0.0447,3.9035,0.0453,0.7086,54.8814,0.0000,54.8814,1.3586,0.0000,0.0000,791,757,89640,16.98,1164.6
2547,236.8468,58.4411,0.0328,0.0185,3.0870,0.0681,0.0249,56.4474,0.0017,1,0.0438,3.3861,0.0452,0.8844,54.5429,0.0000,54.5429,1.3680,0.0000,0.0000,791,757,89640,16.95,1164.6
2548,236.9065,59.6890,0.0276,0.0173,2.0350,0.0487,0.0186,125.6198,0.0023,1,0.0451,3.4817,0.0449,0.8079,54.7896,0.0000,54.7896,1.3696,0.0000,0.0000,791,757,89640,16.96,1164.6
2549,237.0343,100.0000,0.2930,0.0209,5.7611,0.0793,0.0269,5.1552,0.0016,1,0.0453,3.3212,0.0451,0.7197,55.7676,0.0000,55.7676,1.3648,0.0000,0.0000,791,757,89640,16.86,1164.6
2550,237.0456,11.3452,0.6381,0.0173,2.8477,0.0692,0.0236,56.0288,0.0013,1,0.0465,4.9938,0.0466,0.8528,53.7374,0.0000,53.7374,1.3657,0.0000,0.0000,791,757,89640,16.99,1164.6
2551,237.1052,59.6332,0.1364,0.0171,4.3667,0.0681,0.0274,114.6367,0.0019,1,0.0464,4.0041,0.0450,0.9967,54.4879,0.0000,54.4879,1.3568,0.0000,0.0000,791,757,89640,17.00,1164.6
2552,237.2245,100.0000,0.0412,0.0207,2.6352,0.0676,0.0412,6.0733,0.0021,1,0.0448,3.3438,0.0451,0.6939,55.4276,0.0000,55.4276,1.3603,0.0000,0.0000,791,757,89640,17.00,1164.6
2553,237.2334,8.8895,0.0268,0.0171,3.1519,0.0748,0.0265,54.5018,0.0014,1,0.0458,3.4673,0.0452,0.7291,54.7131,0.0000,54.7131,1.3509,0.0000,0.0000,791,757,89640,17.00,1164.6
2554,237.2912,57.8081,0.0214,0.0155,3.0961,0.0686,0.0247,118.3316,0.0025,1,0.0455,3.3116,0.0468,0.7823,55.9571,0.0000,55.9571,1.3637,0.0000,0.0000,791,757,89640,17.00,1164.6
2555,237.4128,100.0000,0.0358,0.0182,3.4198,0.0799,0.0257,4.5444,0.0012,1,0.0475,3.4429,0.0454,0.7759,54.5986,0.0000,54.5986,1.3647,0.0000,0.0000,791,757,89640,17.00,1164.6
2556,237.4209,8.1314,0.0294,0.0182,2.6288,0.0586,0.0217,55.4534,0.0012,1,0.0451,3.6588,0.1859,0.9400,54.3862,0.0000,54.3862,1.3639,0.0000,0.0000,791,757,89640,17.01,1164.6
2557,237.4791,58.2176,0.0319,0.0198,2.8181,0.0642,0.0246,58.3984,0.0014,1,0.0455,3.4024,0.0451,0.7769,54.8829,0.0000,54.8829,1.3633,0.0000,0.0000,791,757,89640,17.01,1164.6
2558,237.5405,61.3642,0.0239,0.0142,2.7171,0.0628,0.0229,59.9942,0.0011,1,0.0482,3.4693,0.0451,0.7266,54.7745,0.0000,54.7745,1.3629,0.0000,0.0000,791,757,89640,17.01,1164.6
2559,237.6033,62.8419,0.0181,0.0137,2.9342,0.0762,0.0247,117.3636,0.0026,1,0.0454,3.3772,0.0452,1.0701,54.8737,0.0000,54.8737,1.3552,0.0000,0.0000,791,757,89640,17.01,1164.6
2560,237.7238,100.0000,0.0348,0.0203,3.4816,0.0855,0.0312,7.1792,0.0013,1,0.0446,3.3357,0.0453,0.6928,54.6551,0.0000,54.6551,1.3628,0.0000,0.0000,791,757,89640,16.92,1164.6
2561,237.7346,10.8406,0.0215,0.0153,3.7449,0.0709,0.0252,51.2723,0.0020,1,0.0458,3.5067,0.0451,0.7599,54.9599,0.0000,54.9599,1.3598,0.0000,0.0000,791,757,89640,17.04,1164.6
2562,237.7898,55.1592,0.0257,0.0167,3.5402,0.0777,0.0268,59.9238,0.0012,1,0.0455,3.3513,0.0451,0.7006,55.3605,0.0000,55.3605,1.3626,0.0000,0.0000,791,757,89640,17.12,1164.6
2563,237.8534,63.6188,0.0257,0.0167,4.3713,0.0746,0.0267,56.6755,0.0020,1,0.0446,3.3692,0.0454,0.7876,55.7904,0.0000,55.7904,1.3638,0.0000,0.0000,791,757,89640,17.11,1164.6
2564,237.9146,61.1998,0.0276,0.0172,3.7129,0.0821,0.0308,58.8279,0.0013,1,0.0445,3.3903,0.0452,0.7266,56.2943,0.0000,56.2943,1.3655,0.0000,0.0000,791,757,89640,17.10,1164.6
2565,237.9773,62.7180,0.0363,0.0160,3.0034,0.0729,0.0265,59.5660,0.0013,1,0.0451,3.2865,0.0466,0.7743,54.7226,0.0000,54.7226,1.3557,0.0000,0.0000,791,757,89640,17.15,1164.6
2566,238.0400,62.7292,0.1764,0.0205,2.7091,0.0687,0.0248,57.5706,0.0013,1,0.0527,5.0981,0.0455,0.7148,54.3153,0.0000,54.3153,1.3548,0.0000,0.0000,791,757,89640,17.10,1164.6
2567,238.1006,60.5781,0.1891,0.0154,4.5608,0.0691,0.0239,56.0460,0.0012,1,0.0436,3.3858,0.0439,0.7375,55.3269,0.0000,55.3269,1.3515,0.0000,0.0000,791,757,89640,17.08,1164.6
2568,238.1615,60.9125,0.0255,0.0155,2.1307,0.0513,0.0201,119.1897,0.0017,1,0.0438,3.5633,0.0451,0.7735,55.4872,0.0000,55.4872,1.3552,0.0000,0.0000,791,757,89640,17.17,1164.6
2569,238.2830,100.0000,0.0291,0.0170,3.1008,0.1251,0.0331,4.9864,0.0012,1,0.0438,3.2727,0.0451,0.7173,55.1524,0.0000,55.1524,1.3499,0.0000,0.0000,791,757,89640,16.95,1164.6
2570,238.2913,8.2988,0.0228,0.0140,2.2993,0.0519,0.0188,54.4076,0.0018,1,0.0467,3.9064,0.1864,0.8188,54.7400,0.0000,54.7400,1.3583,0.0000,0.0000,791,757,89640,17.08,1164.6
2571,238.3481,56.8236,0.0285,0.0170,2.7397,0.1123,0.0257,58.5930,0.0012,1,0.0452,3.4444,0.0452,0.8873,54.1198,0.0000,54.1198,1.3524,0.0000,0.0000,791,757,89640,17.09,1164.6
2572,238.4096,61.5249,0.0232,0.0152,1.7026,0.0453,0.0265,60.3187,0.0012,1,0.0640,3.6489,0.0451,0.8014,54.6610,0.0000,54.6610,1.3479,0.0000,0.0000,791,757,89640,17.09,1164.6
2573,238.4718,62.1391,0.0212,0.0138,2.2599,0.0539,0.0202,58.6258,0.0011,1,0.0436,4.1705,0.0462,0.8703,54.9218,0.0000,54.9218,1.3468,0.0000,0.0000,791,757,89640,17.19,1164.6
2574,238.5327,61.0019,0.0270,0.0129,2.4342,0.0644,0.0215,59.2972,0.0013,1,0.0447,3.3204,0.0455,0.7861,54.8463,0.0000,54.8463,1.3583,0.0000,0.0000,791,757,89640,17.07,1164.6
2575,238.5946,61.8663,0.0281,0.0163,2.6987,0.0648,0.0248,120.7359,0.0020,1,0.0441,3.4008,0.0451,0.9158,54.7843,0.0000,54.7843,1.3510,0.0000,0.0000,791,757,89640,17.05,1164.6
2576,238.8507,100.0000,0.0722,0.0215,3.9659,0.0651,0.0233,5.0302,0.0024,1,0.0449,3.5623,0.0451,0.8648,55.2764,0.0000,55.2764,1.3523,0.0000,0.0000,791,757,89640,17.05,1164.6
2577,238.8598,9.1894,0.0331,0.0182,5.4701,0.0892,0.0239,63.0950,0.0015,1,0.0445,3.6971,0.0451,0.8761,60.7835,0.0000,60.7835,1.3504,0.0000,0.0000,791,757,89640,17.05,1164.6
2578,238.9286,68.7418,0.0311,0.0201,3.2300,0.0816,0.0316,6.1195,0.0018,1,0.0461,4.0144,0.0452,0.7546,56.4018,0.0000,56.4018,1.3416,0.0000,0.0000,791,757,89640,17.11,1164.6
2579,238.9381,9.5242,0.0244,0.0171,3.7011,0.0708,0.0252,77.6427,0.0016,1,0.0460,3.4597,0.0451,0.7340,54.3187,0.0000,54.3187,1.3479,0.0000,0.0000,791,757,89640,17.16,1164.6
2580,239.0196,81.4915,0.4647,0.0171,4.5303,0.0868,0.0277,32.6056,0.0014,1,0.0450,3.3382,0.0454,0.7139,55.5983,0.0000,55.5983,1.3452,0.0000,0.0000,791,757,89640,17.13,1164.6
2581,239.0574,37.7410,0.0246,0.0164,3.1391,0.0698,0.0275,63.0845,0.0013,1,0.0466,3.4348,0.0467,0.8643,54.4684,0.0000,54.4684,1.3539,0.0000,0.0000,791,757,89640,17.28,1164.6
2582,239.1237,66.3704,0.2054,0.0156,2.7933,0.0625,0.0229,54.4261,0.0012,1,0.0456,3.3758,0.0456,0.7015,54.3740,0.0000,54.3740,1.3508,0.0000,0.0000,791,757,89640,17.14,1164.6
2583,239.1813,57.5334,0.1632,0.0140,4.3503,0.0593,0.0222,67.2649,0.0036,1,0.0452,3.3109,0.0451,0.7513,56.4247,0.0000,56.4247,1.3473,0.0000,0.0000,791,757,89640,17.15,1164.6
2584,239.2532,71.9000,0.1400,0.0387,5.6876,0.0659,0.0235,108.0422,0.0021,1,0.0474,4.9956,0.0460,1.2861,57.3753,0.0000,57.3753,1.3509,0.0000,0.0000,791,757,89640,17.12,1164.6
2585,239.3672,100.0000,0.0308,0.0191,3.0083,0.0808,0.0271,5.9829,0.0015,1,0.0439,3.3737,0.0462,0.8798,55.6125,0.0000,55.6125,1.3476,0.0000,0.0000,791,757,89640,17.03,1164.6
2586,239.3763,9.1586,0.0273,0.0175,3.1986,0.0759,0.0332,54.1148,0.0014,1,0.0455,3.3691,0.0451,0.7985,54.5551,0.0000,54.5551,1.3468,0.0000,0.0000,791,757,89640,17.16,1164.6
2587,239.4338,57.4755,0.0211,0.0150,2.9388,0.0694,0.0259,117.8998,0.0020,1,0.0455,3.5402,0.0455,0.7483,54.5857,0.0000,54.5857,1.3468,0.0000,0.0000,791,757,89640,17.17,1164.6
2588,239.5548,100.0000,0.4211,0.0195,3.7151,0.0683,0.0244,4.7579,0.0016,1,0.0435,3.3432,0.0462,0.6933,54.9471,0.0000,54.9471,1.3492,0.0000,0.0000,791,757,89640,17.07,1164.6
2589,239.5638,9.0153,0.0260,0.0157,2.3352,0.0517,0.0195,54.8343,0.0014,1,0.0454,4.0245,0.0456,0.7343,53.5772,0.0000,53.5772,1.3430,0.0000,0.0000,791,757,89640,17.20,1164.6
2590,239.6211,57.2974,0.0272,0.0169,4.0889,0.0742,0.0258,56.4208,0.0013,1,0.0440,3.4124,0.0451,0.8226,55.3854,0.0000,55.3854,1.3489,0.0000,0.0000,791,757,89640,17.31,1164.6
2591,239.6818,60.6623,0.0216,0.0148,2.4958,0.0539,0.0204,58.8886,0.0016,1,0.0462,3.3690,0.0451,0.8334,54.6863,0.0000,54.6863,1.3488,0.0000,0.0000,791,757,89640,17.20,1164.6
2592,239.7433,61.5038,0.0431,0.0156,2.8380,0.0644,0.0253,120.1149,0.0017,1,0.0455,3.4408,0.0451,1.0365,55.5600,0.0000,55.5600,1.3396,0.0000,0.0000,791,757,89640,17.18,1164.6
2593,239.8664,100.0000,0.0421,0.0200,3.1719,0.3858,0.0334,8.5109,0.0018,1,0.0456,3.2986,0.0458,0.7054,54.8261,0.0000,54.8261,1.3403,0.0000,0.0000,791,757,89640,17.18,1164.6
2594,239.8785,12.1733,0.0239,0.0168,3.2527,0.4494,0.0323,53.0918,0.0015,1,0.0452,3.3897,0.0452,0.9134,57.3970,0.0000,57.3970,1.3458,0.0000,0.0000,791,757,89640,17.18,1164.6
2595,239.9354,56.8758,0.0253,0.0149,2.8634,0.0546,0.0204,57.1414,0.0012,1,0.0466,3.5148,0.0459,0.6983,54.3741,0.0000,54.3741,1.3438,0.0000,0.0000,791,757,89640,17.17,1164.6
2596,239.9955,60.1273,0.0188,0.0129,2.5057,0.0615,0.0217,57.9571,0.0015,1,0.0448,3.4682,0.0452,0.8172,54.6564,0.0000,54.6564,1.3421,0.0000,0.0000,791,757,89640,17.18,1164.6
2597,240.0561,60.5853,0.1534,0.0131,5.2074,0.0599,0.0221,56.3213,0.0012,1,0.0440,3.3756,0.0452,0.9444,55.7784,0.0000,55.7784,1.3398,0.0000,0.0000,791,757,89640,17.18,1164.6
2598,240.1179,61.7841,0.1135,0.0135,2.5215,0.0628,0.0212,58.3801,0.0011,1,0.0435,3.3748,0.0457,0.8159,54.4274,0.0000,54.4274,1.3417,0.0000,0.0000,791,757,89640,17.20,1164.6
2599,240.1790,61.1200,0.0244,0.0145,2.6320,0.0678,0.0237,121.0150,0.0023,1,0.0443,3.4612,0.0451,0.8223,55.9887,0.0000,55.9887,1.3418,0.0000,0.0000,791,757,89640,17.18,1164.6
2600,240.3028,100.0000,0.0336,0.0209,3.2749,0.0718,0.0274,7.7837,0.0016,1,0.0451,3.3427,0.0439,0.7184,54.1808,0.0000,54.1808,1.3370,0.0000,0.0000,791,757,89640,17.09,1164.6
2601,240.3141,11.2224,0.0263,0.0167,3.3512,0.0808,0.0316,52.5559,0.0013,1,0.0436,3.2851,0.0452,0.7436,54.7721,0.0000,54.7721,1.3411,0.0000,0.0000,791,757,89640,17.22,1164.6
2602,240.3701,56.0711,0.0250,0.0156,3.7110,0.0829,0.0250,58.1038,0.0014,1,0.0451,3.6650,0.0451,0.8056,55.9353,0.0000,55.9353,1.3408,0.0000,0.0000,791,757,89640,17.33,1164.6
2603,240.4321,61.9720,0.0330,0.0167,3.4079,0.0765,0.0276,57.6934,0.0016,1,0.0442,3.3217,0.0467,0.7133,55.1115,0.0000,55.1115,1.3376,0.0000,0.0000,791,757,89640,17.20,1164.6
2604,240.4934,61.2650,0.0276,0.0191,3.6645,0.0703,0.0249,125.6152,0.0019,1,0.0443,3.3674,0.0437,0.6988,55.8818,0.0000,55.8818,1.3394,0.0000,0.0000,791,757,89640,17.20,1164.6
2605,240.6228,100.0000,0.0342,0.0213,4.1054,0.0746,0.0266,5.3333,0.0015,1,0.0434,3.3594,0.0452,0.6799,54.7737,0.0000,54.7737,1.3374,0.0000,0.0000,791,757,89640,17.20,1164.6
2606,240.6324,9.6041,0.0246,0.0162,3.7035,0.0734,0.0284,54.6154,0.0013,1,0.0477,3.4575,0.0453,0.8115,55.2875,0.0000,55.2875,1.3333,0.0000,0.0000,791,757,89640,17.20,1164.6
2607,240.6909,58.4695,0.0276,0.0157,4.8204,0.0814,0.0266,55.5475,0.0015,1,0.0461,3.4930,0.0457,0.7707,54.6290,0.0000,54.6290,1.3371,0.0000,0.0000,791,757,89640,17.20,1164.6
2608,240.7514,60.5275,0.0264,0.0164,3.1101,0.0690,0.0252,61.1046,0.0014,1,0.0451,3.3199,0.0453,0.6963,55.4883,0.0000,55.4883,1.3332,0.0000,0.0000,791,757,89640,17.30,1164.6
2609,240.8158,64.3607,0.0269,0.0175,3.3826,0.0722,0.0275,56.2057,0.0016,1,0.0452,3.6377,0.0451,0.7738,54.8733,0.0000,54.8733,1.3366,0.0000,0.0000,791,757,89640,17.18,1164.6
2610,240.8755,59.7422,0.1464,0.0205,5.7482,0.0860,0.0286,54.8994,0.0016,1,0.0452,3.2522,0.0457,0.7179,55.3090,0.0000,55.3090,1.3294,0.0000,0.0000,791,757,89640,17.28,1164.6
2611,240.9364,60.9377,0.0284,0.0176,3.8820,0.0758,0.0273,59.8923,0.0019,1,0.0444,3.3551,0.0453,0.6842,56.3380,0.0000,56.3380,1.3316,0.0000,0.0000,791,757,89640,17.16,1164.6
2612,241.0004,63.9330,0.0395,0.0172,4.8660,0.0903,0.0867,53.8815,0.0028,1,0.0459,3.6028,0.0440,0.9376,54.6913,0.0000,54.6913,1.3320,0.0000,0.0000,791,757,89640,17.17,1164.6
2613,241.0594,58.9925,0.1450,0.0170,5.8604,0.0750,0.0261,59.0836,0.0016,1,0.0521,3.3794,0.0455,0.6980,55.7445,0.0000,55.7445,1.3393,0.0000,0.0000,791,757,89640,17.05,1164.6
2614,241.1246,65.2162,0.4973,0.0166,6.5692,0.0723,0.0252,52.8352,0.0012,1,0.0427,3.4921,0.0452,0.7045,54.8484,0.0000,54.8484,1.3327,0.0000,0.0000,791,757,89640,17.03,1164.6
2615,241.1846,60.0233,0.0207,0.0135,2.5004,0.0585,0.0222,119.5082,0.0021,1,0.0479,3.8209,0.0460,1.0057,55.3277,0.0000,55.3277,1.3348,0.0000,0.0000,791,757,89640,17.04,1164.6
2616,241.3067,100.0000,0.0311,0.0191,2.9658,0.0660,0.0244,5.9197,0.0016,1,0.0453,3.3496,0.0452,0.6839,54.5038,0.0000,54.5038,1.3309,0.0000,0.0000,791,757,89640,16.95,1164.6
2617,241.3158,9.0351,0.0260,0.0156,3.3823,0.0802,0.0276,54.7587,0.0015,1,0.0443,3.4860,0.0451,0.7207,54.7152,0.0000,54.7152,1.3370,0.0000,0.0000,791,757,89640,17.07,1164.6
2618,241.3741,58.2998,0.0265,0.0173,3.1380,0.0823,0.0269,58.8970,0.0016,1,0.0449,3.4015,0.0454,0.7116,56.1134,0.0000,56.1134,1.3364,0.0000,0.0000,791,757,89640,17.09,1164.6
2619,241.4363,62.1972,0.0258,0.0179,3.7288,0.0780,0.0305,58.8814,0.0017,1,0.0449,3.3385,0.0451,0.6861,54.6780,0.0000,54.6780,1.3280,0.0000,0.0000,791,757,89640,17.09,1164.6
2620,241.4990,62.7722,0.0281,0.0192,3.9539,0.0738,0.0275,55.1815,0.0015,1,0.0441,3.2956,0.0452,0.6981,54.2835,0.0000,54.2835,1.3295,0.0000,0.0000,791,757,89640,17.09,1164.6
2621,241.5583,59.2931,0.0326,0.0169,3.0929,0.0748,0.0273,60.3825,0.0016,1,0.0450,3.3487,0.0456,0.8260,54.4601,0.0000,54.4601,1.3331,0.0000,0.0000,791,757,89640,17.19,1164.6
2622,241.6220,63.6364,0.0237,0.0166,3.8197,0.0781,0.0274,52.8156,0.0015,1,0.0442,3.7698,0.0454,0.7284,55.0697,0.0000,55.0697,1.3314,0.0000,0.0000,791,757,89640,17.05,1164.6
2623,241.6788,56.7901,0.0316,0.0169,4.4885,0.0727,0.0257,56.4519,0.0013,1,0.0461,3.2566,0.0451,0.9092,55.4708,0.0000,55.4708,1.3327,0.0000,0.0000,791,757,89640,17.06,1164.6
2624,241.7399,61.0954,0.0221,0.0133,2.6052,0.0671,0.0346,60.2922,0.0013,1,0.0622,3.3397,0.0451,0.7516,54.5466,0.0000,54.5466,1.3221,0.0000,0.0000,791,757,89640,17.07,1164.6
2625,241.8029,63.0423,0.0255,0.0163,2.8753,0.0699,0.0257,55.6884,0.0013,1,0.0452,3.4469,0.0452,0.7460,54.5161,0.0000,54.5161,1.3267,0.0000,0.0000,791,757,89640,17.08,1164.6
2626,241.8616,58.7091,0.0247,0.0146,3.0260,0.0662,0.0248,121.5382,0.0017,1,0.0453,3.3124,0.0451,0.8268,54.7542,0.0000,54.7542,1.3227,0.0000,0.0000,791,757,89640,17.07,1164.6
2627,241.9863,100.0000,0.0304,0.0182,3.4610,0.0733,0.0257,4.1279,0.0019,1,0.0451,3.3688,0.0452,0.7168,55.7341,0.0000,55.7341,1.3273,0.0000,0.0000,791,757,89640,16.98,1164.6
2628,241.9940,7.7453,0.0229,0.0135,2.2752,0.0473,0.0179,56.8663,0.0015,1,0.0460,3.6577,0.0464,0.7987,54.3133,0.0000,54.3133,1.3239,0.0000,0.0000,791,757,89640,17.20,1164.6
2629,242.0533,59.2606,0.1416,0.0174,3.0729,0.0737,0.0264,55.9432,0.0018,1,0.0444,3.9303,0.0466,0.7250,54.1804,0.0000,54.1804,1.3264,0.0000,0.0000,791,757,89640,17.09,1164.6
2630,242.1126,59.2837,0.1658,0.0149,4.0979,0.0676,0.0252,57.0104,0.0014,1,0.0473,3.3866,0.0449,0.8274,54.6122,0.0000,54.6122,1.3207,0.0000,0.0000,791,757,89640,17.08,1164.6
2631,242.1740,61.3900,0.0227,0.0143,2.2545,0.0637,0.0224,60.3192,0.0014,1,0.0445,3.2554,0.0464,1.0764,56.0909,0.0000,56.0909,1.3255,0.0000,0.0000,791,757,89640,17.08,1164.6
2632,242.2367,62.7051,0.0228,0.0145,2.7435,0.0713,0.0389,57.2520,0.0011,1,0.0447,3.7971,0.0453,0.7025,54.4140,0.0000,54.4140,1.3238,0.0000,0.0000,791,757,89640,17.08,1164.6
2633,242.2968,60.1508,0.0237,0.0146,2.9871,0.0696,0.0256,58.5502,0.0013,1,0.0446,3.3131,0.0451,0.8011,54.4960,0.0000,54.4960,1.3243,0.0000,0.0000,791,757,89640,17.09,1164.6
2634,242.3585,61.6795,0.0252,0.0174,2.8059,0.0708,0.0246,57.7034,0.0011,1,0.0435,3.4124,0.0451,0.8376,54.3293,0.0000,54.3293,1.3226,0.0000,0.0000,791,757,89640,17.08,1164.6
2635,242.4192,60.6552,0.0250,0.0153,3.5198,0.0748,0.0271,64.8066,0.0014,1,0.0450,3.4180,0.0451,0.8803,54.6553,0.0000,54.6553,1.3207,0.0000,0.0000,791,757,89640,17.09,1164.6
2636,242.4877,68.4772,0.0246,0.0165,3.5558,0.0740,0.0275,51.7856,0.0014,1,0.0456,3.3204,0.0455,0.7050,56.5286,0.0000,56.5286,1.3245,0.0000,0.0000,791,757,89640,17.07,1164.6
2637,242.5432,55.4921,0.0243,0.0157,3.4689,0.0689,0.0254,60.9221,0.0013,1,0.0454,3.3618,0.0458,0.7951,54.8381,0.0000,54.8381,1.3247,0.0000,0.0000,791,757,89640,17.09,1164.6
2638,242.6077,64.5335,0.0217,0.0158,4.4316,0.0721,0.0252,57.9985,0.0013,1,0.0449,3.7823,0.0451,0.7051,54.2434,0.0000,54.2434,1.3291,0.0000,0.0000,791,757,89640,17.08,1164.6
2639,242.6703,62.5740,0.0338,0.0155,3.0189,0.0697,0.0244,113.6410,0.0018,1,0.0447,4.1149,0.0451,0.7069,54.1406,0.0000,54.1406,1.3276,0.0000,0.0000,791,757,89640,17.17,1164.6
2640,242.7871,100.0000,0.0315,0.0180,3.0098,0.0937,0.0322,10.2196,0.0015,1,0.0453,3.4796,0.0447,0.7926,54.4398,0.0000,54.4398,1.3252,0.0000,0.0000,791,757,89640,16.95,1164.6
2641,242.8005,13.4141,0.0213,0.0162,3.9846,0.0670,0.0236,51.9939,0.0014,1,0.0444,3.5003,0.0452,0.8748,55.4805,0.0000,55.4805,1.3167,0.0000,0.0000,791,757,89640,17.07,1164.6
2642,242.8566,56.1158,0.0279,0.0167,8.0598,0.0892,0.0322,54.6059,0.0017,1,0.0442,3.5428,0.0458,0.8746,54.6781,0.0000,54.6781,1.3187,0.0000,0.0000,791,757,89640,17.08,1164.6
2643,242.9194,62.8429,0.0296,0.0214,5.2818,0.0840,0.0318,53.2254,0.0017,1,0.0450,3.3687,0.0451,0.6884,54.1215,0.0000,54.1215,1.3178,0.0000,0.0000,791,757,89640,17.08,1164.6
2644,242.9781,58.6858,0.0274,0.0162,29.0608,0.0806,0.1355,41.3884,0.0017,1,0.0456,3.4764,0.0451,0.7041,56.5257,0.0000,56.5257,1.3123,0.0000,0.0000,791,757,89640,17.18,1164.6
2645,243.0488,70.7187,0.1357,0.0188,4.5708,0.0775,0.0291,47.9464,0.0017,1,0.0525,4.4244,0.1867,1.0719,54.0787,0.0000,54.0787,1.3173,0.0000,0.0000,791,757,89640,17.02,1164.6
2646,243.1016,52.7880,0.2415,0.0184,7.6059,0.0851,0.0288,116.3433,0.0017,1,0.0452,3.3142,0.0450,0.6902,55.9916,0.0000,55.9916,1.3183,0.0000,0.0000,791,757,89640,17.04,1164.6
2647,243.2260,100.0000,0.0432,0.0208,3.3833,0.0730,0.0267,5.9281,0.0016,1,0.0452,3.2707,0.0453,0.7475,55.8876,0.0000,55.8876,1.3192,0.0000,0.0000,791,757,89640,17.04,1164.6
2648,243.2355,9.4848,0.0258,0.0914,3.9649,0.0795,0.0288,53.8933,0.0014,1,0.0453,3.5272,0.0451,0.7500,54.7407,0.0000,54.7407,1.3209,0.0000,0.0000,791,757,89640,17.04,1164.6
2649,243.2935,58.0932,0.0303,0.0175,3.4821,0.0760,0.0271,58.1584,0.0016,1,0.0445,3.3373,0.0451,0.7046,54.9049,0.0000,54.9049,1.3132,0.0000,0.0000,791,757,89640,17.04,1164.6
2650,243.3553,61.8019,0.0324,0.0175,3.6242,0.0797,0.0299,55.7058,0.0014,1,0.0446,3.3426,0.0463,0.7756,54.9868,0.0000,54.9868,1.3154,0.0000,0.0000,791,757,89640,17.04,1164.6
2651,243.4148,59.4977,0.0229,0.0147,2.8341,0.0643,0.0228,117.3480,0.0020,1,0.0447,3.4021,0.0452,0.7105,54.7284,0.0000,54.7284,1.3213,0.0000,0.0000,791,757,89640,17.04,1164.6
2652,243.5352,100.0000,0.0306,0.0182,3.5469,0.0854,0.0270,4.4694,0.0012,1,0.0457,3.2850,0.0458,0.7045,54.9892,0.0000,54.9892,1.3176,0.0000,0.0000,791,757,89640,17.04,1164.6
2653,243.5434,8.1856,0.0212,0.0137,2.5516,0.0502,0.0181,59.0932,0.0014,1,0.0439,4.1131,0.0464,0.8008,54.2733,0.0000,54.2733,1.3148,0.0000,0.0000,791,757,89640,17.04,1164.6
2654,243.6051,61.7560,0.0239,0.0149,3.2555,0.0650,0.0230,492.4770,0.0017,1,0.0434,3.4169,0.0451,0.7121,54.7769,0.0000,54.7769,1.3116,0.0000,0.0000,791,757,89640,17.05,1164.6
2655,244.1010,100.0000,0.2657,0.0205,10.7315,0.0635,0.0235,75.8923,0.0014,1,0.0445,3.4191,0.0452,0.7496,57.0073,0.0000,57.0073,1.3136,0.0000,0.0000,791,757,89640,16.95,1164.6
2656,244.1921,91.1580,1.5132,0.0146,4.2335,0.0587,0.0210,5.6500,0.0011,1,0.0517,3.4327,0.0471,0.9309,59.1103,0.0000,59.1103,1.3224,0.0000,0.0000,791,757,89640,16.89,1164.6
2657,244.2036,11.4985,0.2650,0.0168,8.1672,0.0583,0.0224,88.3201,0.0012,1,0.0452,3.7510,0.0458,0.7842,57.8202,0.0000,57.8202,1.3165,0.0000,0.0000,791,757,89640,17.11,1164.6
2658,244.3005,96.8580,0.0201,0.0135,2.9400,0.0684,0.0244,29.5352,0.0012,1,0.0436,3.6889,0.0453,0.8464,58.8409,0.0000,58.8409,1.4727,0.0000,0.0000,791,757,89640,16.89,1164.6
2659,244.3331,32.6095,0.0214,0.0143,2.7766,0.0683,0.0260,95.5887,0.0016,1,0.0439,3.4243,0.0454,0.8233,58.3288,0.0000,58.3288,1.4701,0.0000,0.0000,791,757,89640,16.96,1164.6
2660,244.4316,98.5049,0.0280,0.0185,18.6815,0.0679,0.0233,7.2612,0.0014,1,0.0429,3.7424,0.0451,0.8478,57.2831,0.0000,57.2831,1.3125,0.0000,0.0000,791,757,89640,16.87,1164.6
2661,244.6645,100.0000,0.4895,0.6350,6.1342,0.0669,0.0234,10.4102,0.0024,1,0.0448,4.1588,0.0455,0.8549,61.2986,0.0000,61.2986,1.3149,0.0000,0.0000,791,757,89640,16.78,1164.6
2662,244.6822,17.7724,0.0303,0.0194,13.8824,0.5962,0.0263,163.9364,0.0012,1,0.0450,4.0714,0.0467,0.8581,62.3784,0.0000,62.3784,1.3222,0.0000,0.0000,791,757,89640,16.97,1164.6
2663,244.8607,100.0000,0.0202,0.0145,4.3939,0.0665,0.0233,4.8829,0.0013,1,0.0417,3.5422,0.0466,0.8474,58.6143,0.0000,58.6143,1.4576,0.0000,0.0000,791,757,89640,16.76,1164.6
2664,244.8701,9.4095,0.0236,0.0139,2.5800,0.0763,0.0237,133.0640,0.0018,1,0.0440,3.7038,0.0454,0.7208,57.0985,0.0000,57.0985,1.3124,0.0000,0.0000,791,757,89640,16.87,1164.6
2665,245.0059,100.0000,0.0783,0.0174,8.9394,0.0671,0.0239,81.8543,0.0017,1,0.0426,3.9573,0.0455,0.7393,58.7953,0.0000,58.7953,1.3150,0.0000,0.0000,791,757,89640,16.78,1164.6
2666,245.0969,90.9902,0.2076,0.0183,2.9991,0.0904,0.0247,5.1172,0.0016,1,0.0433,3.3303,0.0453,0.8157,58.4707,0.0000,58.4707,1.3125,0.0000,0.0000,791,757,89640,16.71,1164.6
2667,245.1054,8.4661,0.1284,0.0165,8.4370,0.0641,0.0239,125.2198,0.0019,1,0.0463,3.4849,0.0453,0.8721,57.0342,0.0000,57.0342,1.3206,0.0000,0.0000,791,757,89640,16.83,1164.6
2668,245.2393,100.0000,0.0284,0.0168,6.9014,0.0737,0.0231,71.3861,0.0022,1,0.0454,4.0728,0.0452,0.7974,57.2766,0.0000,57.2766,1.3065,0.0000,0.0000,791,757,89640,16.74,1164.6
2669,245.3177,78.4413,0.0343,0.0202,2.9618,0.0929,0.0316,9.1231,0.0019,1,0.0432,3.5127,0.0465,0.8925,58.6424,0.0000,58.6424,1.3111,0.0000,0.0000,791,757,89640,16.79,1164.6
2670,245.3300,12.2726,0.0232,0.0141,4.5133,0.0686,0.0240,74.1718,0.0014,1,0.0441,3.9878,0.0451,0.8472,57.3748,0.0000,57.3748,1.3106,0.0000,0.0000,791,757,89640,16.79,1164.6
2671,245.4088,78.8239,0.0221,0.0142,8.9683,0.0712,0.0234,35.9064,0.0012,1,0.0445,3.5694,0.0449,0.8156,57.9474,0.0000,57.9474,1.6003,0.0000,0.0000,791,757,89640,16.74,1164.6
2672,245.4539,45.0136,0.0230,0.0140,3.0028,0.0691,0.0259,63.2147,0.0015,1,0.0464,3.7105,0.0468,0.8357,58.6022,0.0000,58.6022,1.4574,0.0000,0.0000,791,757,89640,16.87,1164.6
2673,245.5202,66.3584,0.0268,0.0159,3.1746,0.0691,0.0254,64.1941,0.0014,1,0.0458,4.1267,0.0458,0.7037,56.6900,0.0000,56.6900,1.3061,0.0000,0.0000,791,757,89640,16.73,1164.6
2674,245.5877,67.5136,0.1276,0.0162,3.8741,0.0948,0.0270,128.3719,0.0021,1,0.0457,3.8867,0.0492,0.9052,59.0525,0.0000,59.0525,1.3081,0.0000,0.0000,791,757,89640,16.71,1164.6
2675,245.7202,100.0000,0.0262,0.0199,3.6015,0.0614,0.0232,8.8618,0.0014,1,0.0452,3.6781,0.0451,0.9732,58.4216,0.0000,58.4216,1.3042,0.0000,0.0000,791,757,89640,16.71,1164.6
2676,245.7328,12.6030,0.0241,0.0157,3.1090,0.0730,0.0281,62.4606,0.0018,1,0.0461,3.7724,0.0459,0.7057,59.2149,0.0000,59.2149,1.3084,0.0000,0.0000,791,757,89640,16.70,1164.6
2677,245.7986,65.7203,0.0238,0.0179,3.6220,0.0672,0.0537,119.2951,0.0023,1,0.0478,3.4440,0.0452,0.9510,59.0009,0.0000,59.0009,1.3066,0.0000,0.0000,791,757,89640,16.68,1164.6
2678,245.9217,100.0000,0.0338,0.0199,3.1341,0.0852,0.0364,16.0334,0.0016,1,0.0464,3.4346,0.0466,0.7291,56.1129,0.0000,56.1129,1.4559,0.0000,0.0000,791,757,89640,16.60,1164.6
2679,245.9410,19.3524,0.0248,0.0163,9.3018,0.0697,0.4525,92.0962,0.0013,1,0.0502,3.4697,0.0464,0.8279,60.0614,0.0000,60.0614,1.3107,0.0000,0.0000,791,757,89640,16.70,1164.6
2680,246.0430,100.0000,0.0236,0.0150,7.4709,0.1673,0.0241,105.4521,0.0018,1,0.0461,3.4813,0.0462,0.9701,57.3448,0.0000,57.3448,1.6193,0.0000,0.0000,791,757,89640,16.70,1164.6
2681,246.1561,100.0000,0.1606,0.0178,2.6881,0.0795,0.0277,14.8164,0.0013,1,0.0449,3.3412,0.0463,0.8518,56.8724,0.0000,56.8724,1.7669,0.0000,0.0000,791,757,89640,16.49,1164.6
2682,246.1740,17.7989,0.2138,0.0148,2.7653,0.0677,0.0238,250.8118,0.0020,1,0.0453,3.5322,0.0454,0.7338,57.7571,0.0000,57.7571,1.3011,0.0000,0.0000,791,757,89640,16.58,1164.6
2683,246.4279,100.0000,0.3445,0.0198,10.4212,0.0697,0.0260,102.2070,0.0016,1,0.0445,3.7437,0.0463,0.7723,57.5914,0.0000,57.5914,1.5977,0.0000,0.0000,791,757,89640,16.49,1164.6
2684,246.5410,100.0000,0.2033,0.0203,3.2622,0.0757,0.0252,45.2425,0.0011,1,0.0478,3.6742,0.0466,0.9564,59.5994,0.0000,59.5994,1.3041,0.0000,0.0000,791,757,89640,16.41,1164.6
2685,246.5898,48.8375,0.1723,0.0144,2.9052,0.0657,0.0225,95.6421,0.0011,1,0.0429,3.4144,0.0454,0.7830,56.5268,0.0000,56.5268,1.4705,0.0000,0.0000,791,757,89640,16.44,1164.6
2686,246.6886,98.8296,0.0208,0.0139,4.1328,0.0729,0.0243,11.6025,0.0011,1,0.0440,3.5063,0.0453,0.8031,57.4908,0.0000,57.4908,1.4639,0.0000,0.0000,791,757,89640,16.36,1164.6
2687,246.7045,15.8754,0.0272,0.0142,3.3638,0.0684,0.0236,69.9866,0.0015,1,0.0451,3.7120,0.0454,0.8448,58.6561,0.0000,58.6561,1.3052,0.0000,0.0000,791,757,89640,16.46,1164.6
2688,246.7780,73.4967,0.0250,0.0169,13.2611,0.0670,0.0223,29.5715,0.0011,1,0.0443,3.5409,0.0462,0.9134,57.6261,0.0000,57.6261,1.3110,0.0000,0.0000,791,757,89640,16.43,1164.6
2689,246.8210,42.9713,0.0180,0.0126,2.9003,0.0574,0.0199,55.2246,0.0012,1,0.0433,3.5018,0.0454,0.8082,57.7531,0.0000,57.7531,1.2979,0.0000,0.0000,791,757,89640,16.56,1164.6
2690,246.8792,58.2397,0.0276,0.0131,4.7211,0.0597,0.0210,69.8015,0.0014,1,0.0451,3.4252,0.0460,0.7946,58.0432,0.0000,58.0432,1.3028,0.0000,0.0000,791,757,89640,16.44,1164.6
2691,246.9539,74.6523,0.0207,0.0147,4.3448,0.0626,0.0225,68.7728,0.0012,1,0.0438,3.5195,0.0453,0.8916,57.7619,0.0000,57.7619,1.3045,0.0000,0.0000,791,757,89640,16.40,1164.6
2692,247.0271,73.2462,0.0212,0.0164,78.7718,0.0695,0.0245,5.5355,0.0015,1,0.0441,4.1147,0.0467,0.7434,59.7214,0.0000,59.7214,1.2990,0.0000,0.0000,791,757,89640,16.38,1164.6
2693,247.1116,84.4556,6.0703,0.0155,3.7144,0.0642,0.0292,20.1909,0.0014,1,0.0441,4.3272,0.0449,0.7741,56.4393,0.0000,56.4393,1.2972,0.0000,0.0000,791,757,89640,16.33,1164.6
2694,247.1416,30.0928,5.9226,0.0156,6.5106,0.0711,0.0248,50.1403,0.0014,1,0.0461,3.9068,0.0471,0.8925,58.0935,0.0000,58.0935,1.3010,0.0000,0.0000,791,757,89640,16.40,1164.6
2695,247.2043,62.6927,0.9302,0.0151,2.4609,0.0592,0.0219,119.4023,0.0023,1,0.0445,3.6489,0.0471,1.0308,56.0114,0.0000,56.0114,1.3083,0.0000,0.0000,791,757,89640,16.39,1164.6
2696,247.3272,100.0000,8.7151,0.0248,3.4622,0.0735,0.0259,5.5955,0.0017,1,0.0444,3.3099,0.0448,0.7025,54.4260,0.0000,54.4260,1.3057,0.0000,0.0000,791,757,89640,16.39,1164.6
2697,247.3452,17.9058,1.6020,0.0545,3.3742,0.0753,0.0253,43.7547,0.0017,1,0.0444,3.3466,0.0451,0.8816,54.7161,0.0000,54.7161,1.3028,0.0000,0.0000,791,757,89640,16.38,1164.6
2698,247.3940,48.8965,2.0499,0.0176,3.8550,0.0827,0.0286,115.0568,0.0021,1,0.0434,3.3121,0.0452,0.6843,55.1241,0.0000,55.1241,1.3060,0.0000,0.0000,791,757,89640,16.42,1164.6
2699,247.5152,100.0000,0.9145,0.0255,2.9042,0.0843,0.0341,5.0354,0.0013,1,0.0436,3.6670,0.0453,0.6860,54.4460,0.0000,54.4460,1.3038,0.0000,0.0000,791,757,89640,16.22,1164.6
2700,247.5242,9.0060,0.7786,0.0160,2.6809,0.0666,0.0235,54.0559,0.0010,1,0.0445,3.5732,0.0451,0.7640,55.8769,0.0000,55.8769,1.3029,0.0000,0.0000,791,757,89640,16.38,1164.6
2701,247.5818,57.6283,0.5481,0.0135,2.6503,0.0608,0.0219,58.3495,0.0016,1,0.0452,3.3247,0.0451,0.7998,54.0342,0.0000,54.0342,1.3005,0.0000,0.0000,791,757,89640,16.34,1164.6
2702,247.6434,61.6528,0.6438,0.0179,2.8958,0.0691,0.0246,61.3590,0.0012,1,0.0450,3.4053,0.0451,0.6963,55.0546,0.0000,55.0546,1.3040,0.0000,0.0000,791,757,89640,16.35,1164.6
2703,247.7085,65.0183,0.7204,0.0165,3.8026,0.0609,0.0212,52.9047,0.0013,1,0.0429,3.4718,0.0451,0.6941,56.4802,0.0000,56.4802,1.3105,0.0000,0.0000,791,757,89640,16.33,1164.6
2704,247.7660,57.5337,0.5435,0.0142,3.3013,0.0683,0.0228,60.8115,0.0014,1,0.0422,3.3329,0.0461,0.8541,57.6416,0.0000,57.6416,1.2999,0.0000,0.0000,791,757,89640,16.36,1164.6
2705,247.8307,64.7691,0.0565,0.0132,2.4329,0.2397,0.0220,63.0134,0.0012,1,0.0430,3.3390,0.0454,0.7818,58.3076,0.0000,58.3076,1.3020,0.0000,0.0000,791,757,89640,16.44,1164.6
2706,247.8965,65.7847,0.0571,0.0122,2.5006,0.0566,0.0207,60.2950,0.0015,1,0.0420,3.3241,0.0466,0.7045,56.2263,0.0000,56.2263,1.4556,0.0000,0.0000,791,757,89640,16.31,1164.6
2707,247.9595,62.9506,0.0614,0.0131,2.6696,0.0587,0.0218,62.2661,0.0015,1,0.0438,3.6700,0.0451,0.9377,57.0618,0.0000,57.0618,1.3042,0.0000,0.0000,791,757,89640,16.30,1164.6
2708,248.0246,65.1041,0.3818,0.0154,2.6121,0.0834,0.0228,57.7688,0.0013,1,0.0444,3.8662,0.0451,0.9196,55.3525,0.0000,55.3525,1.2993,0.0000,0.0000,791,757,89640,16.38,1164.6
2709,248.0855,60.8974,1.2204,0.0173,6.0735,0.0628,0.0225,54.8232,0.0013,1,0.0414,3.3515,0.0462,0.8277,55.7665,0.0000,55.7665,1.3011,0.0000,0.0000,791,757,89640,16.26,1164.6
2710,248.1477,62.2277,0.6047,0.0154,2.6589,0.0656,0.0226,59.0179,0.0019,1,0.0441,3.4252,0.0454,0.8581,55.1858,0.0000,55.1858,1.3165,0.0000,0.0000,791,757,89640,16.25,1164.6
2711,248.2101,62.3954,0.6052,0.0154,3.0572,0.0678,0.0245,59.2526,0.0014,1,0.0440,3.4847,0.0450,0.8444,54.8363,0.0000,54.8363,1.3030,0.0000,0.0000,791,757,89640,16.25,1164.6
2712,248.2731,63.0310,0.7065,0.0170,2.8355,0.0672,0.0235,57.7089,0.0017,1,0.0420,3.2883,0.0452,0.7107,55.8712,0.0000,55.8712,1.3008,0.0000,0.0000,791,757,89640,16.25,1164.6
2713,248.3345,61.3675,0.7988,0.0206,4.2463,0.0803,0.0280,121.3261,0.0017,1,0.0437,3.3096,0.0457,0.6943,56.9683,0.0000,56.9683,1.3055,0.0000,0.0000,791,757,89640,16.33,1164.6
2714,248.4610,100.0000,0.7061,0.0183,2.8682,0.0917,0.0344,5.0908,0.0013,1,0.0444,3.3571,0.0449,0.7291,56.7565,0.0000,56.7565,1.3002,0.0000,0.0000,791,757,89640,16.14,1164.6
2715,248.4698,8.8182,0.6796,0.0155,2.7937,0.0661,0.0233,55.4305,0.0019,1,0.0439,3.5738,0.0453,0.9359,55.7856,0.0000,55.7856,1.2921,0.0000,0.0000,791,757,89640,16.24,1164.6
2716,248.5289,59.0193,0.6450,0.0155,2.6947,0.0687,0.0338,125.4636,0.0017,1,0.0452,3.8082,0.0449,0.9246,56.4833,0.0000,56.4833,1.3051,0.0000,0.0000,791,757,89640,16.25,1164.6
2717,248.6578,100.0000,0.0882,0.0201,3.2755,0.0898,0.0525,5.9085,0.0012,1,0.0456,3.8636,0.0451,0.8796,56.3548,0.0000,56.3548,1.2999,0.0000,0.0000,791,757,89640,16.16,1164.6
2718,248.6672,9.4432,0.0698,0.0146,2.9801,0.0763,0.0235,54.9495,0.0013,1,0.0433,3.4187,0.0449,0.9254,56.0259,0.0000,56.0259,1.2973,0.0000,0.0000,791,757,89640,16.27,1164.6
2719,248.7254,58.1215,0.0603,0.0137,2.6977,0.0662,0.0234,121.1110,0.0016,1,0.0449,3.9836,0.0451,1.0588,56.3303,0.0000,56.3303,1.2963,0.0000,0.0000,791,757,89640,16.28,1164.6
2720,248.8493,100.0000,0.0689,0.0184,3.2573,0.0669,0.0371,5.0708,0.0015,1,0.0431,3.3786,0.0452,0.7276,54.8440,0.0000,54.8440,1.2976,0.0000,0.0000,791,757,89640,16.28,1164.6
2721,248.8579,8.5286,0.0672,0.0152,2.9563,0.0610,0.0230,55.8052,0.0017,1,0.0440,3.5077,0.0451,0.8525,55.3621,0.0000,55.3621,1.2952,0.0000,0.0000,791,757,89640,16.29,1164.6
2722,248.9168,58.9365,0.0679,0.0160,3.2590,0.0762,0.0255,119.0416,0.0023,1,0.0451,3.5765,0.0451,0.9692,54.3097,0.0000,54.3097,1.2918,0.0000,0.0000,791,757,89640,16.28,1164.6
2723,249.0393,100.0000,0.2857,0.0178,2.8672,0.0787,0.0244,5.1441,0.0017,1,0.0432,3.3564,0.0453,0.7432,55.6525,0.0000,55.6525,1.2924,0.0000,0.0000,791,757,89640,16.20,1164.6
2724,249.0477,8.4268,0.6998,0.0179,7.2666,0.0741,0.0272,49.7749,0.0015,1,0.0454,3.4527,0.0451,0.7680,54.6466,0.0000,54.6466,1.3006,0.0000,0.0000,791,757,89640,16.31,1164.6
2725,249.1056,57.8697,0.4571,0.0177,4.0232,0.0743,0.0275,57.2963,0.0016,1,0.0431,3.3203,0.0453,0.7031,54.7435,0.0000,54.7435,1.2980,0.0000,0.0000,791,757,89640,16.41,1164.6
2726,249.1675,61.9049,0.7624,0.0185,3.7732,0.1073,0.0358,56.1837,0.0016,1,0.0443,3.3203,0.0451,0.6932,54.7569,0.0000,54.7569,1.2949,0.0000,0.0000,791,757,89640,16.29,1164.6
2727,249.2284,60.8899,0.7727,0.0183,2.9818,0.0774,0.0266,116.6252,0.0020,1,0.0423,3.3417,0.0438,0.7707,54.9495,0.0000,54.9495,1.2999,0.0000,0.0000,791,757,89640,16.29,1164.6
2728,249.3489,100.0000,0.7773,0.0207,3.2146,0.0712,0.0251,5.2395,0.0012,1,0.0434,3.3130,0.0452,0.7287,54.8734,0.0000,54.8734,1.2941,0.0000,0.0000,791,757,89640,16.20,1164.6
2729,249.3583,9.3564,0.0644,0.0162,2.9488,0.0685,0.0247,60.8260,0.0011,1,0.0428,3.4502,0.0452,0.7130,53.6783,0.0000,53.6783,1.3088,0.0000,0.0000,791,757,89640,16.32,1164.6
2730,249.4222,63.9567,0.8145,0.0160,4.2510,0.0721,0.0241,47.9645,0.0015,1,0.0440,3.3454,0.0462,0.7455,54.4371,0.0000,54.4371,1.2992,0.0000,0.0000,791,757,89640,16.31,1164.6
2731,249.4754,53.1506,0.0667,0.0162,3.1208,0.0795,0.0250,57.4308,0.0018,1,0.0427,3.4001,0.0451,0.7122,54.5984,0.0000,54.5984,1.3022,0.0000,0.0000,791,757,89640,16.33,1164.6
2732,249.5361,60.7475,0.7618,0.0170,2.9695,0.0716,0.0253,57.3037,0.0015,1,0.0425,3.3100,0.0452,0.6857,54.8059,0.0000,54.8059,1.2915,0.0000,0.0000,791,757,89640,16.33,1164.6
2733,249.5973,61.1586,0.6876,0.0163,2.9092,0.0687,0.0248,56.9664,0.0014,1,0.0423,3.5967,0.0454,0.6940,54.6578,0.0000,54.6578,1.2956,0.0000,0.0000,791,757,89640,16.33,1164.6
2734,249.6580,60.6818,1.5325,0.0174,2.9060,0.0717,0.0256,117.5893,0.0019,1,0.0429,3.2811,0.0452,0.7070,54.5427,0.0000,54.5427,1.2921,0.0000,0.0000,791,757,89640,16.34,1164.6
2735,249.7801,100.0000,0.8177,0.0211,3.2972,0.0801,0.0308,5.0830,0.0012,1,0.0433,3.6018,0.0452,0.7830,54.5444,0.0000,54.5444,1.2960,0.0000,0.0000,791,757,89640,16.25,1164.6
2736,249.7895,9.3382,0.1344,0.0153,3.1434,0.0837,0.0226,52.7267,0.0012,1,0.0432,3.4001,0.0463,0.8539,53.9601,0.0000,53.9601,1.2943,0.0000,0.0000,791,757,89640,16.45,1164.6
2737,249.8456,56.1337,0.0621,0.0145,2.4243,0.0573,0.0220,60.0016,0.0013,1,0.0420,3.2992,0.0451,0.7103,56.3556,0.0000,56.3556,1.2987,0.0000,0.0000,791,757,89640,16.35,1164.6
2738,249.9082,62.5897,0.7401,0.0150,2.7426,0.0671,0.0238,57.2804,0.0012,1,0.0464,3.4567,0.0454,0.8192,54.9752,0.0000,54.9752,1.2889,0.0000,0.0000,791,757,89640,16.34,1164.6
2739,249.9691,60.8775,0.7289,0.0150,3.0072,0.0622,0.0227,57.5639,0.0015,1,0.0425,3.2771,0.0451,0.7063,54.5521,0.0000,54.5521,1.2968,0.0000,0.0000,791,757,89640,16.34,1164.6
2740,250.0305,61.4086,0.7142,0.0170,2.7710,0.0668,0.1667,61.0138,0.0014,1,0.0437,3.8348,0.0450,0.8991,54.9219,0.0000,54.9219,1.2917,0.0000,0.0000,791,757,89640,16.34,1164.6
2741,250.0952,64.7584,1.3888,0.0171,6.6618,0.0676,0.0243,51.8541,0.0017,1,0.0600,5.9380,0.0468,1.2819,54.4633,0.0000,54.4633,1.2917,0.0000,0.0000,791,757,89640,16.33,1164.6
2742,250.1552,60.0216,0.6346,0.0157,2.7490,0.0626,0.0228,57.6104,0.0013,1,0.0433,3.3839,0.0456,0.7044,54.8929,0.0000,54.8929,1.4839,0.0000,0.0000,791,757,89640,16.34,1164.6
2743,250.3345,100.0000,0.1845,0.0176,3.5611,0.0754,0.0359,5.9018,0.0014,1,0.0429,3.3756,0.0461,0.8358,65.6514,0.0000,65.6514,1.2886,0.0000,0.0000,791,757,89640,16.24,1164.6
2744,250.3443,9.7849,0.0661,0.0168,3.7735,0.0725,0.0269,11.3978,0.0015,1,0.0451,3.7780,0.0451,0.7369,63.6154,0.0000,63.6154,1.3025,0.0000,0.0000,791,757,89640,16.36,1164.6
2745,250.3596,15.3622,0.0756,0.0160,3.5700,0.0701,0.0250,119.2391,0.0016,1,0.0437,3.3436,0.0451,0.6910,55.8526,0.0000,55.8526,1.2898,0.0000,0.0000,791,757,89640,16.47,1164.7
2746,250.4827,100.0000,0.0796,0.0187,2.8869,0.0815,0.0288,4.6217,0.0012,1,0.0453,3.3362,0.0454,0.7059,56.0724,0.0000,56.0724,1.2898,0.0000,0.0000,791,757,89640,16.37,1164.7
2747,250.4904,7.7250,0.0584,0.0138,2.8249,0.0650,0.0216,54.6213,0.0013,1,0.0432,3.4288,0.0451,0.7415,54.2424,0.0000,54.2424,1.2939,0.0000,0.0000,791,757,89640,16.58,1164.7
2748,250.5480,57.6132,0.0779,0.0159,2.8749,0.0710,0.0243,58.1632,0.0013,1,0.0439,3.3743,0.0451,0.7903,54.7028,0.0000,54.7028,1.2979,0.0000,0.0000,791,757,89640,16.47,1164.7
2749,250.6092,61.2363,0.0687,0.0153,3.8533,0.0698,0.0254,57.4239,0.0013,1,0.0428,3.4151,0.0457,0.7025,54.5543,0.0000,54.5543,1.2944,0.0000,0.0000,791,757,89640,16.46,1164.7
2750,250.6707,61.4651,0.0672,0.0177,3.5573,0.1393,0.0287,56.9017,0.0069,1,0.0430,3.4040,0.0451,0.7252,54.0729,0.0000,54.0729,1.2887,0.0000,0.0000,791,757,89640,16.46,1164.7
2751,250.7314,60.7268,0.1506,0.0172,3.3432,0.0746,0.0279,57.2988,0.0014,1,0.0436,3.4256,0.0492,0.7804,55.1148,0.0000,55.1148,1.2919,0.0000,0.0000,791,757,89640,16.46,1164.7
2752,250.7923,60.9210,0.7354,0.0187,3.2946,0.0772,0.0266,57.2027,0.0056,1,0.0432,3.3369,0.0451,0.7033,54.8837,0.0000,54.8837,1.3133,0.0000,0.0000,791,757,89640,16.46,1164.7
2753,250.8537,61.3682,0.3799,0.0165,3.0242,0.0704,0.0255,62.6402,0.0012,1,0.0424,3.4042,0.0440,0.7138,54.4330,0.0000,54.4330,1.2958,0.0000,0.0000,791,757,89640,16.46,1164.7
2754,250.9199,66.1652,0.7421,0.0177,3.2892,0.0775,0.0282,49.8382,0.0013,1,0.0439,3.4059,0.0454,0.7305,53.9947,0.0000,53.9947,1.2919,0.0000,0.0000,791,757,89640,16.45,1164.8
2755,250.9739,54.0016,0.0710,0.0179,2.9810,0.0689,0.0257,57.4558,0.0015,1,0.0434,3.3635,0.0451,0.7426,54.9076,0.0000,54.9076,1.2822,0.0000,0.0000,791,757,89640,16.47,1164.8
2756,251.0345,60.6291,3.5318,0.0166,5.1147,0.0784,0.0332,114.4079,0.0030,1,0.0451,3.3537,0.0460,1.0802,54.5810,0.0000,54.5810,1.2980,0.0000,0.0000,791,757,89640,16.48,1164.8
2757,251.1577,100.0000,0.9264,0.0255,3.5177,0.1097,0.0310,5.6196,0.0021,1,0.0442,4.0362,0.0451,0.7188,54.4497,0.0000,54.4497,1.2928,0.0000,0.0000,791,757,89640,16.38,1164.8
2758,251.1680,10.2420,1.2585,0.0182,3.1623,0.0738,0.0272,206.5366,0.0015,1,0.0435,3.5847,0.0451,0.8096,54.7042,0.0000,54.7042,1.2882,0.0000,0.0000,791,757,89640,16.51,1164.8
2759,251.3791,100.0000,5.9229,0.0156,20.4561,0.0609,0.0217,8.0770,0.0011,1,0.0452,3.3161,0.0451,0.6953,56.6744,0.0000,56.6744,1.7059,0.0000,0.0000,791,757,89640,16.42,1164.8
2760,251.4136,34.5614,0.0219,0.0137,3.0084,0.0616,0.0218,37.9902,0.0010,1,0.0509,3.4675,0.0470,0.7834,57.5053,0.0000,57.5053,1.2949,0.0000,0.0000,791,757,89640,16.57,1164.8
2761,251.4547,41.1243,0.0201,0.0121,102.7284,0.0638,0.0233,48.0864,0.0017,1,0.0436,3.8879,0.0453,0.8012,56.1804,0.0000,56.1804,1.2926,0.0000,0.0000,791,757,89640,16.51,1164.8
2762,251.6057,100.0000,0.0946,0.0147,2.5206,0.0657,0.0235,5.8891,0.0015,1,0.0461,3.3833,0.0452,0.7757,54.8830,0.0000,54.8830,1.2875,0.0000,0.0000,791,757,89640,16.41,1164.8
2763,251.6143,8.6164,0.0229,0.0159,33.0502,0.0618,0.0210,28.8940,0.0011,1,0.0458,3.9876,0.0471,0.9564,62.1036,0.0000,62.1036,1.4359,0.0000,0.0000,791,757,89640,16.53,1164.8
2764,251.6764,62.0741,0.1954,0.0150,3.5700,0.0583,0.0207,74.1367,0.0014,1,0.0443,3.4988,0.0460,1.4071,58.9253,0.0000,58.9253,1.2904,0.0000,0.0000,791,757,89640,16.52,1164.8
2765,251.7544,78.0045,0.6887,0.0154,4.8059,0.0681,0.0251,199.4715,0.0013,1,0.1924,4.3754,0.0465,0.8094,56.8943,0.0000,56.8943,1.2929,0.0000,0.0000,791,757,89640,16.51,1164.8
2766,251.9595,100.0000,0.0227,0.0142,4.0115,0.0634,0.0229,15.7030,0.0013,1,0.0498,3.4492,0.0451,0.8575,55.3483,0.0000,55.3483,1.2897,0.0000,0.0000,791,757,89640,16.40,1164.8
2767,251.9793,19.8467,0.0272,0.0182,10.7145,0.0652,0.0229,217.9310,0.0016,1,0.0464,3.8199,0.0454,1.0047,58.1625,0.0000,58.1625,1.2915,0.0000,0.0000,791,757,89640,16.58,1164.8
2768,252.2081,100.0000,0.0302,0.0183,3.2135,0.1425,0.0311,84.7458,0.0019,1,0.0454,3.4934,0.0453,0.8172,59.0512,0.0000,59.0512,1.2870,0.0000,0.0000,791,757,89640,16.38,1164.8
2769,252.2963,88.1922,0.2456,0.0188,2.8730,0.0771,0.0278,12.5086,0.0012,1,0.0460,3.4368,0.0471,0.9099,56.6095,0.0000,56.6095,1.2952,0.0000,0.0000,791,757,89640,16.31,1164.8
2770,252.3121,15.7580,0.2040,0.0145,14.6632,0.0640,0.0235,97.9026,0.0015,1,0.0462,3.5066,0.0457,0.8296,58.2965,0.0000,58.2965,1.2956,0.0000,0.0000,791,757,89640,16.41,1164.8
2771,252.4249,100.0000,0.0345,0.0157,4.3751,0.0858,0.0254,9.6478,0.0013,1,0.0465,3.3609,0.0454,0.7164,58.3136,0.0000,58.3136,1.2897,0.0000,0.0000,791,757,89640,16.32,1164.8
2772,252.4391,14.1928,0.0237,0.0166,3.1584,0.0701,0.0259,74.0193,0.0014,1,0.0436,3.4440,0.0456,0.7707,57.1219,0.0000,57.1219,1.7354,0.0000,0.0000,791,757,89640,16.51,1164.8
2773,252.5164,77.3225,0.0204,0.0154,17.3524,0.0747,0.0271,98.0500,0.0012,1,0.0448,3.5411,0.0451,0.8564,56.0108,0.0000,56.0108,1.2935,0.0000,0.0000,791,757,89640,16.36,1164.8
2774,252.6320,100.0000,0.0251,0.0163,10.2397,0.5738,0.0298,7.2710,0.0016,1,0.0479,4.0605,0.0463,0.7632,58.1182,0.0000,58.1182,1.2888,0.0000,0.0000,791,757,89640,16.27,1164.8
2775,252.6502,18.1640,0.0265,0.0163,9.5830,0.0743,0.0268,39.0354,0.0014,1,0.0451,3.4282,0.0463,0.8435,58.2254,0.0000,58.2254,1.2911,0.0000,0.0000,791,757,89640,16.46,1164.8
2776,252.6989,48.7718,0.0240,0.0177,8.2634,0.0800,0.0273,53.9064,0.0017,1,0.0490,3.4263,0.0458,0.8417,58.4912,0.0000,58.4912,1.2900,0.0000,0.0000,791,757,89640,16.55,1164.8
2777,252.7613,62.3283,0.0282,0.0172,4.6986,0.0779,0.0276,52.3626,0.0012,1,0.0507,3.3121,0.0453,0.7641,57.3575,0.0000,57.3575,1.2874,0.0000,0.0000,791,757,89640,16.44,1164.8
2778,252.8185,57.2204,0.0235,0.0158,10.4368,0.2749,0.0352,117.7683,0.0016,1,0.0463,3.4185,0.0463,0.7267,57.1706,0.0000,57.1706,1.7426,0.0000,0.0000,791,757,89640,16.53,1164.8
2779,252.9471,100.0000,0.0311,0.0181,2.8664,0.0845,0.0310,10.2845,0.0015,1,0.0433,3.3684,0.0452,0.7084,56.1352,0.0000,56.1352,1.2932,0.0000,0.0000,791,757,89640,16.38,1164.8
2780,252.9604,13.3246,0.0242,0.0146,3.3641,0.0750,0.0293,95.8197,0.0013,1,0.0452,3.5453,0.0451,0.7844,57.4308,0.0000,57.4308,1.2813,0.0000,0.0000,791,757,89640,16.57,1164.8
2781,253.0597,99.3351,0.0301,0.0144,2.8634,0.0636,0.0306,17.9469,0.0012,1,0.0441,3.3120,0.0473,0.7144,56.9744,0.0000,56.9744,1.6030,0.0000,0.0000,791,757,89640,16.57,1164.8
2782,253.0807,20.9563,0.0199,0.0130,2.5196,0.0702,0.0240,115.3931,0.0010,1,0.0484,3.5104,0.0458,0.7675,60.6444,0.0000,60.6444,1.6519,0.0000,0.0000,791,757,89640,16.56,1164.8
2783,253.1987,100.0000,0.2361,0.0173,2.1559,0.0568,0.0211,61.8192,0.0019,1,0.0496,3.7633,0.0467,0.9062,59.7830,0.0000,59.7830,1.8720,0.0000,0.0000,791,757,89640,16.56,1164.8
2784,253.2630,64.3172,0.4981,0.0186,14.8960,0.0963,0.1004,15.7789,0.0015,1,0.0503,3.9093,0.0451,0.8533,58.8007,0.0000,58.8007,1.2842,0.0000,0.0000,791,757,89640,16.44,1164.8
2785,253.2944,31.3966,0.0265,0.0154,3.5182,0.2386,0.0635,101.0785,0.0014,1,0.0462,3.8898,0.0453,0.7666,60.5098,0.0000,60.5098,1.2807,0.0000,0.0000,791,757,89640,16.59,1164.8
2786,253.3994,100.0000,0.0242,0.0152,3.8337,0.0831,0.0272,49.3134,0.0013,1,0.0451,3.3684,0.0478,0.7091,58.8797,0.0000,58.8797,1.2900,0.0000,0.0000,791,757,89640,16.57,1164.8
2787,253.4527,53.3049,0.0202,0.0143,9.2793,0.0682,0.0244,47.6546,0.0012,1,0.0434,4.1432,0.0462,0.8131,56.4194,0.0000,56.4194,1.2948,0.0000,0.0000,791,757,89640,16.47,1164.8
2788,253.5098,57.0685,0.0996,0.0142,5.4559,0.0667,0.0219,114.1023,0.0011,1,0.0474,4.1247,0.0471,0.7636,57.7255,0.0000,57.7255,1.2859,0.0000,0.0000,791,757,89640,16.57,1164.8
2789,253.6295,100.0000,0.0260,0.0144,3.2047,0.0730,0.0243,7.2712,0.0014,1,0.0424,3.3408,0.0461,0.7068,58.9936,0.0000,58.9936,1.2894,0.0000,0.0000,791,757,89640,16.52,1164.8
2790,253.6401,10.6228,0.0268,0.0179,5.0352,0.0844,0.0276,70.5228,0.0530,1,0.0446,5.3282,0.0456,0.7526,60.3809,0.0000,60.3809,1.2864,0.0000,0.0000,791,757,89640,16.52,1164.8
2791,253.7161,75.9562,0.2014,0.0161,2.9476,0.0736,0.0260,50.1548,0.0013,1,0.0530,3.9675,0.0463,0.7487,58.2790,0.0000,58.2790,1.2818,0.0000,0.0000,791,757,89640,16.53,1164.8
2792,253.7697,53.5598,0.2675,0.1181,18.4733,0.0588,0.0216,46.5569,0.0012,1,0.0438,3.3659,0.0451,0.8508,58.0541,0.0000,58.0541,1.2886,0.0000,0.0000,791,757,89640,16.51,1164.8
2793,253.8352,65.5444,0.0194,0.0147,16.5363,0.0706,0.0257,62.2109,0.0016,1,0.0437,3.3944,0.0451,0.7072,57.4446,0.0000,57.4446,1.2839,0.0000,0.0000,791,757,89640,16.51,1164.8
2794,253.9141,78.8861,0.0228,0.0149,33.7177,0.0842,0.0267,8.1129,0.0012,1,0.0448,3.8014,0.0457,0.6902,57.8453,0.0000,57.8453,1.2887,0.0000,0.0000,791,757,89640,16.49,1164.8
2795,253.9561,41.9904,0.0277,0.0165,13.0420,0.0786,0.0249,231.0799,0.0019,1,0.0466,4.2404,0.0452,0.7025,56.6065,0.0000,56.6065,1.2965,0.0000,0.0000,791,757,89640,16.62,1164.8
2796,254.2003,100.0000,0.2745,0.0190,4.1291,0.0640,0.0235,66.1859,0.0016,1,0.0452,3.3403,0.0459,0.7390,57.1175,0.0000,57.1175,1.2816,0.0000,0.0000,791,757,89640,16.42,1164.8
2797,254.2711,70.7060,0.2191,0.0209,11.4173,0.0756,0.0248,30.0111,0.0013,1,0.0454,3.5219,0.0452,0.7598,57.3044,0.0000,57.3044,1.2828,0.0000,0.0000,791,757,89640,16.41,1164.8
2798,254.3128,41.7773,0.0326,0.0157,5.6277,0.0600,0.0237,27.7900,0.0018,1,0.0558,3.7748,0.0471,1.5502,58.2352,0.0000,58.2352,1.5127,0.0000,0.0000,791,757,89640,16.54,1164.8
2799,254.3464,33.5580,0.0220,0.0149,5.0058,0.0724,0.0259,101.6079,0.0014,1,0.0443,3.4296,0.0453,0.8171,59.5819,0.0000,59.5819,1.2835,0.0000,0.0000,791,757,89640,16.51,1164.8
2800,254.4532,100.0000,0.0231,0.0134,2.7561,0.0631,0.0234,16.5782,0.0014,1,0.0455,3.7781,0.0464,0.9318,57.6063,0.0000,57.6063,1.2843,0.0000,0.0000,791,757,89640,16.51,1164.8
2801,254.4726,19.4660,0.0243,0.0147,5.6826,0.0671,0.0244,73.5339,0.0014,1,0.0445,3.6184,0.0470,0.7464,57.7060,0.0000,57.7060,1.2858,0.0000,0.0000,791,757,89640,16.69,1164.8
2802,254.5520,79.3551,0.0222,0.0140,2.9395,0.0630,0.0229,43.7757,0.0017,1,0.0463,3.5374,0.0451,0.9431,54.6990,0.0000,54.6990,1.4327,0.0000,0.0000,791,757,89640,16.55,1164.8
2803,254.5988,46.8460,0.0233,0.0167,4.4649,0.0626,0.0230,57.1916,0.0014,1,0.0451,4.0203,0.0456,0.7045,54.9026,0.0000,54.9026,1.2855,0.0000,0.0000,791,757,89640,16.67,1164.8
2804,254.6606,61.7905,0.0237,0.0157,3.1005,0.0712,0.0257,59.4815,0.0012,1,0.0441,3.4158,0.0453,0.7578,55.8410,0.0000,55.8410,1.2817,0.0000,0.0000,791,757,89640,16.76,1164.8
2805,254.7233,62.7261,0.0229,0.0142,3.2074,0.0639,0.0242,56.8634,0.0013,1,0.0436,3.7467,0.0451,0.7088,54.1340,0.0000,54.1340,1.2856,0.0000,0.0000,791,757,89640,16.73,1164.8
2806,254.7835,60.2046,0.0251,0.0153,3.5375,0.0904,0.0265,57.1550,0.0015,1,0.0447,3.4010,0.0451,0.6991,54.7417,0.0000,54.7417,1.2806,0.0000,0.0000,791,757,89640,16.82,1164.8
2807,254.8444,60.8580,0.0327,0.0148,3.5269,0.0793,0.0265,80.5636,0.0012,1,0.0444,3.4389,0.0451,0.7768,54.8974,0.0000,54.8974,1.2812,0.0000,0.0000,791,757,89640,16.72,1164.8
2808,254.9286,84.2517,0.0200,0.0146,3.4674,0.0641,0.0232,36.5511,0.0015,1,0.0492,3.8833,0.0463,0.8868,54.9497,0.0000,54.9497,1.2796,0.0000,0.0000,791,757,89640,16.69,1164.8
2809,254.9688,40.1484,0.0252,0.0140,2.6770,0.0630,0.0240,61.7794,0.0015,1,0.0435,3.3551,0.0452,0.7020,56.3908,0.0000,56.3908,1.2830,0.0000,0.0000,791,757,89640,16.70,1164.8
2810,255.0334,64.5909,0.0239,0.0145,3.0798,0.0697,0.0263,53.9053,0.0015,1,0.0452,3.5700,0.0488,0.8991,55.3997,0.0000,55.3997,1.2828,0.0000,0.0000,791,757,89640,16.68,1164.8
2811,255.0905,57.1277,0.2051,0.0166,3.4824,0.0732,0.0256,58.3962,0.0016,1,0.0433,3.4049,0.0462,0.7229,54.9607,0.0000,54.9607,1.2815,0.0000,0.0000,791,757,89640,16.72,1164.8
2812,255.1527,62.2079,0.1782,0.0175,12.4619,0.0803,0.0269,49.6079,0.0014,1,0.0452,3.4085,0.0451,0.7171,54.9120,0.0000,54.9120,1.2836,0.0000,0.0000,791,757,89640,16.75,1164.8
2813,255.2151,62.3811,0.1339,0.0175,3.7867,0.0709,0.0264,119.0577,0.0026,1,0.0446,3.3559,0.0453,0.8363,55.3901,0.0000,55.3901,1.2797,0.0000,0.0000,791,757,89640,16.80,1164.8
2814,255.3382,100.0000,0.0390,0.0240,4.4833,0.0832,0.0344,7.5166,0.0020,1,0.0425,3.4022,0.0452,0.7271,55.9982,0.0000,55.9982,1.2818,0.0000,0.0000,791,757,89640,16.64,1164.8
2815,255.3504,12.1909,0.0315,0.0189,4.0880,0.0955,0.0315,52.6343,0.0015,1,0.0428,3.7425,0.0451,0.7116,55.5940,0.0000,55.5940,1.2831,0.0000,0.0000,791,757,89640,16.75,1164.8
2816,255.4073,56.9092,0.1148,0.0176,3.1184,0.0763,0.0265,127.4323,0.0023,1,0.0443,3.3403,0.0471,0.7200,56.2071,0.0000,56.2071,1.2791,0.0000,0.0000,791,757,89640,16.86,1164.8
2817,255.5381,100.0000,0.0307,0.0195,3.5907,0.0810,0.0305,10.4594,0.0018,1,0.0419,3.7531,0.0451,0.7401,57.2198,0.0000,57.2198,1.2772,0.0000,0.0000,791,757,89640,16.66,1164.8
2818,255.5523,14.2211,0.0248,0.0162,4.4697,0.0740,0.0322,48.8243,0.0014,1,0.0427,3.3239,0.0461,0.7235,55.5880,0.0000,55.5880,1.2952,0.0000,0.0000,791,757,89640,16.74,1164.8
2819,255.6058,53.4495,0.0242,0.0155,3.3362,0.0797,0.0277,58.1549,0.0015,1,0.0417,3.3456,0.0463,0.7508,54.7299,0.0000,54.7299,1.2729,0.0000,0.0000,791,757,89640,16.85,1164.8
2820,255.6674,61.6472,0.0280,0.0193,3.7210,0.0805,0.0292,119.0637,0.0018,1,0.0432,3.4804,0.0462,0.8332,55.7925,0.0000,55.7925,1.2753,0.0000,0.0000,791,757,89640,16.73,1164.8
2821,255.7904,100.0000,0.0365,0.0220,4.0025,0.2530,0.0317,8.1241,0.0016,1,0.0445,3.4274,0.0452,0.7331,54.4898,0.0000,54.4898,1.2847,0.0000,0.0000,791,757,89640,16.63,1164.8
2822,255.8029,12.4796,0.0294,0.0181,3.7825,0.0873,0.0375,51.2760,0.0018,1,0.0450,3.5505,0.0448,0.7762,54.7695,0.0000,54.7695,1.2796,0.0000,0.0000,791,757,89640,16.75,1164.8
2823,255.8581,55.2407,0.0265,0.0189,3.2474,0.0770,0.0267,58.9733,0.0018,1,0.0436,3.3566,0.0451,0.8422,54.6588,0.0000,54.6588,1.2783,0.0000,0.0000,791,757,89640,16.77,1164.8
2824,255.9205,62.3800,0.0319,0.0191,4.7736,0.1250,0.0271,54.1570,0.0013,1,0.0441,3.4554,0.0463,0.8662,55.7559,0.0000,55.7559,1.3538,0.0000,0.0000,791,757,89640,16.76,1164.8
2825,255.9796,59.1419,0.0315,0.0164,5.6779,0.0755,0.0263,58.9390,0.0396,1,0.0426,3.3011,0.0451,0.7340,54.4438,0.0000,54.4438,1.2782,0.0000,0.0000,791,757,89640,16.77,1164.8
2826,256.0446,64.9343,0.6615,0.0153,9.3906,0.0661,0.0240,82.6248,0.0012,1,0.0429,3.3663,0.0451,0.6877,54.7692,0.0000,54.7692,1.2814,0.0000,0.0000,791,757,89640,16.77,1164.8
2827,256.4707,100.0000,0.0322,0.0158,5.8156,0.1161,0.0405,7.6624,0.0018,1,0.0420,3.5664,0.0452,0.7215,54.4118,0.0000,54.4118,1.2810,0.0000,0.0000,791,757,89640,16.69,1164.8
2828,256.4844,13.6948,0.0340,0.0218,3.6111,0.0769,0.0267,64.0043,0.0015,1,0.0431,3.3172,0.0451,0.7139,56.7392,0.0000,56.7392,1.2774,0.0000,0.0000,791,757,89640,16.81,1164.8
2829,256.5522,67.7864,0.0285,0.0180,3.0307,0.0835,0.0298,5.0849,0.0013,1,0.0502,4.8436,0.0456,0.9666,54.8957,0.0000,54.8957,1.2783,0.0000,0.0000,791,757,89640,16.79,1164.8
2830,256.5605,8.2834,0.0222,0.0151,2.6117,0.0642,0.0244,57.0110,0.0014,1,0.0616,3.5955,0.0452,0.8965,54.7410,0.0000,54.7410,1.2767,0.0000,0.0000,791,757,89640,16.92,1164.8
2831,256.6202,59.7567,0.0242,0.0156,3.1192,0.0707,0.0273,56.5642,0.0018,1,0.0460,3.6119,0.0449,0.9582,54.4925,0.0000,54.4925,1.2747,0.0000,0.0000,791,757,89640,16.92,1164.8
2832,256.6801,59.8309,0.0275,0.0167,2.8735,0.0687,0.0255,58.5762,0.0016,1,0.0441,3.6153,0.0451,0.8354,55.1212,0.0000,55.1212,1.4369,0.0000,0.0000,791,757,89640,16.93,1164.8
2833,256.7417,61.6056,0.0231,0.0160,2.5806,0.0642,0.0238,59.8012,0.0014,1,0.0444,3.3897,0.0455,0.9689,55.0038,0.0000,55.0038,1.2791,0.0000,0.0000,791,757,89640,16.93,1164.8
2834,256.8042,62.5169,0.0296,0.0195,2.9972,0.0722,0.0266,57.3661,0.0020,1,0.0447,3.4586,0.0453,0.9529,54.9890,0.0000,54.9890,1.2790,0.0000,0.0000,791,757,89640,17.02,1164.8
2835,256.8647,60.5211,0.0346,0.0168,3.5180,0.0899,0.0255,122.8587,0.0021,1,0.0454,3.3714,0.0451,0.7349,54.4814,0.0000,54.4814,1.2772,0.0000,0.0000,791,757,89640,16.90,1165.2
2836,256.9912,100.0000,0.0274,0.0217,3.1586,0.0757,0.0810,7.6866,0.0014,1,0.0431,3.3080,0.0461,0.6938,55.5052,0.0000,55.5052,1.2756,0.0000,0.0000,791,757,89640,16.80,1165.2
2837,257.0023,11.0598,0.0222,0.0163,3.8438,0.0733,0.0268,50.5864,0.0013,1,0.0434,3.4146,0.0464,0.7536,54.2193,0.0000,54.2193,1.2775,0.0000,0.0000,791,757,89640,17.01,1165.2
2838,257.0569,54.5769,0.2490,0.0167,3.1386,0.0705,0.0291,60.3199,0.0014,1,0.0433,3.4104,0.0440,0.7210,55.0190,0.0000,55.0190,1.2765,0.0000,0.0000,791,757,89640,16.90,1165.2
2839,257.1207,63.8323,0.4217,0.0159,8.8100,0.1131,0.0273,50.1444,0.0015,1,0.0439,3.3086,0.0453,0.6962,54.6246,0.0000,54.6246,1.2712,0.0000,0.0000,791,757,89640,16.89,1165.2
2840,257.1803,59.5410,0.0228,0.0163,3.4648,0.0742,0.0255,57.6104,0.0016,1,0.0430,3.2891,0.0451,0.7578,55.8292,0.0000,55.8292,1.2792,0.0000,0.0000,791,757,89640,16.99,1165.2
2841,257.2415,61.2226,0.0252,0.0158,3.1556,0.0777,0.0307,59.0132,0.0016,1,0.0419,3.8800,0.0451,0.7293,54.2085,0.0000,54.2085,1.2756,0.0000,0.0000,791,757,89640,16.86,1165.2
2842,257.3038,62.3266,0.0199,0.0146,4.1358,0.0690,0.0253,57.2851,0.0017,1,0.0431,3.3746,0.0447,0.7180,55.8702,0.0000,55.8702,1.2835,0.0000,0.0000,791,757,89640,16.85,1165.2
2843,257.3654,61.5597,0.0260,0.0213,5.6422,0.1158,0.0321,57.3785,0.0015,1,0.0444,3.5350,0.0452,0.7448,56.0041,0.0000,56.0041,1.2750,0.0000,0.0000,791,757,89640,16.95,1165.2
2844,257.4286,63.2246,0.0394,0.0155,3.0798,0.0675,0.0308,117.8950,0.0016,1,0.0427,3.6037,0.0462,0.7172,55.4108,0.0000,55.4108,1.2738,0.0000,0.0000,791,757,89640,16.82,710.6
2845,257.5497,100.0000,0.0304,0.0195,2.7880,0.0938,0.0876,5.0614,0.0012,1,0.0465,3.8759,0.0437,0.9329,55.7196,0.0000,55.7196,1.2772,0.0000,0.0000,791,757,89640,16.72,710.6
2846,257.5578,8.0889,0.0223,0.0145,2.6029,0.0632,0.0227,55.3153,0.0014,1,0.0457,3.7260,0.0460,0.9155,54.6903,0.0000,54.6903,1.2744,0.0000,0.0000,791,757,89640,16.84,710.6
2847,257.6159,58.0489,0.0222,0.0147,2.5877,0.0623,0.0223,59.6776,0.0015,1,0.0444,3.3573,0.0451,0.8611,54.6853,0.0000,54.6853,1.2742,0.0000,0.0000,791,757,89640,16.85,710.6
2848,257.6783,62.3953,0.0261,0.0163,3.0759,0.0781,0.0624,57.9594,0.0016,1,0.0485,3.8090,0.0451,0.8311,55.2559,0.0000,55.2559,1.2675,0.0000,0.0000,791,757,89640,16.94,710.6
2849,257.7395,61.2270,0.0242,0.0151,3.1018,0.0749,0.0267,120.3772,0.0014,1,0.0450,3.6056,0.0456,1.0536,55.6961,0.0000,55.6961,1.2711,0.0000,0.0000,791,757,89640,16.82,710.6
2850,257.8631,100.0000,0.0958,0.0199,2.9103,0.0908,0.0316,6.4360,0.0016,1,0.0430,3.3836,0.0451,0.7481,55.0748,0.0000,55.0748,1.2657,0.0000,0.0000,791,757,89640,16.73,710.6
2851,257.8727,9.5933,0.0261,0.0152,3.9107,0.0690,0.0251,53.6302,0.0014,1,0.0456,3.5925,0.0457,0.8376,55.1318,0.0000,55.1318,1.2758,0.0000,0.0000,791,757,89640,16.83,710.6
2852,257.9304,57.6849,0.0277,0.0158,3.0322,0.0776,0.0281,118.9422,0.0023,1,0.0436,3.5495,0.0452,0.8094,54.6828,0.0000,54.6828,1.2771,0.0000,0.0000,791,757,89640,16.84,710.6
2853,258.0526,100.0000,0.2201,0.0221,3.6860,0.0879,0.0331,5.6626,0.0016,1,0.1797,3.6135,0.0458,0.7557,54.6322,0.0000,54.6322,1.2755,0.0000,0.0000,791,757,89640,16.75,494.1
2854,258.0623,9.7219,0.1455,0.0163,7.5012,0.0934,0.0359,50.2349,0.0017,1,0.0456,3.5719,0.0452,0.8059,55.1364,0.0000,55.1364,1.2737,0.0000,0.0000,791,757,89640,16.87,494.1
2855,258.1203,58.0359,0.2526,0.0161,6.0080,0.1440,0.0255,55.5224,0.0013,1,0.0434,3.3501,0.0450,0.7446,55.5034,0.0000,55.5034,1.2695,0.0000,0.0000,791,757,89640,16.97,494.1
2856,258.1823,61.9776,0.0273,0.0172,3.1847,0.0760,0.0283,59.4005,0.0016,1,0.0464,3.8743,0.0452,0.8520,55.7158,0.0000,55.7158,1.2637,0.0000,0.0000,791,757,89640,16.84,494.1
2857,258.2450,62.7429,0.0296,0.0163,3.1653,0.0742,0.0263,117.1632,0.0013,1,0.0447,3.8732,0.0471,0.7479,54.4356,0.0000,54.4356,1.2720,0.0000,0.0000,791,757,89640,16.83,494.1
2858,258.3655,100.0000,0.0283,0.0188,2.9421,0.0806,0.0294,5.3277,0.0014,1,0.0439,3.2834,0.0450,0.7261,54.4037,0.0000,54.4037,1.2692,0.0000,0.0000,791,757,89640,16.74,494.1
2859,258.3739,8.4348,0.0215,0.0135,2.9747,0.0662,0.0231,57.6035,0.0010,1,0.0432,3.4306,0.0453,0.7598,54.9617,0.0000,54.9617,1.2725,0.0000,0.0000,791,757,89640,16.86,494.1
2860,258.4346,60.7093,0.0214,0.0127,3.5057,0.0634,0.0237,56.9856,0.0016,1,0.0483,3.7267,0.0452,0.9684,56.7494,0.0000,56.7494,1.2754,0.0000,0.0000,791,757,89640,16.87,494.1
2861,258.4953,60.6204,0.0221,0.0159,2.6992,0.0649,0.0310,59.3463,0.0014,1,0.0429,3.9427,0.0452,0.8075,55.0627,0.0000,55.0627,1.2720,0.0000,0.0000,791,757,89640,16.88,494.1
2862,258.5575,62.1885,0.0262,0.0189,3.2060,0.0681,0.0255,119.1494,0.0025,1,0.0454,3.3935,0.0451,0.7742,54.5191,0.0000,54.5191,1.2684,0.0000,0.0000,791,757,89640,16.87,494.1
2863,258.6800,100.0000,0.0368,0.0214,4.3983,0.0796,0.0294,6.3742,0.0012,1,0.0442,3.3952,0.0455,0.7564,54.6554,0.0000,54.6554,1.2706,0.0000,0.0000,791,757,89640,16.87,494.1
2864,258.6909,10.9492,0.0271,0.0166,3.9441,0.0813,0.0305,51.2820,0.0017,1,0.0446,3.4274,0.0463,0.8813,54.9019,0.0000,54.9019,1.2707,0.0000,0.0000,791,757,89640,16.87,494.1
2865,258.7463,55.3901,0.0255,0.0154,3.2528,0.0752,0.0258,119.3352,0.0021,1,0.0435,3.3137,0.0451,0.6922,55.8551,0.0000,55.8551,1.2721,0.0000,0.0000,791,757,89640,16.77,494.1
2866,258.8690,100.0000,0.0303,0.0191,3.9708,0.0923,0.0320,7.3823,0.0014,1,0.0442,3.3068,0.0452,0.7413,54.2050,0.0000,54.2050,1.2652,0.0000,0.0000,791,757,89640,16.77,494.1
2867,258.8806,11.5367,0.0275,0.0171,3.3459,0.0946,0.0270,52.5846,0.0013,1,0.0442,3.5312,0.0452,0.9096,55.2938,0.0000,55.2938,1.2740,0.0000,0.0000,791,757,89640,16.76,494.1
2868,258.9367,56.1051,0.0251,0.0153,2.9505,0.0703,0.0258,123.0786,0.0020,1,0.0463,3.6219,0.0457,0.7424,54.1224,0.0000,54.1224,1.2688,0.0000,0.0000,791,757,89640,16.77,494.1
2869,259.0629,100.0000,0.2769,0.0202,3.2064,0.0914,0.0308,5.4659,0.0013,1,0.0419,3.5663,0.0462,0.8435,54.7755,0.0000,54.7755,1.2683,0.0000,0.0000,791,757,89640,16.68,494.1
2870,259.0720,9.1000,0.1716,0.0161,6.5730,0.0835,0.0278,91.6416,0.0017,1,0.0439,3.5042,0.0468,0.9498,54.9508,0.0000,54.9508,1.2692,0.0000,0.0000,791,757,89640,16.80,494.1
2871,259.1705,98.5224,0.0252,0.0156,3.0603,0.0784,0.0278,40.4096,0.0015,1,0.0417,4.0436,0.0466,0.7984,57.8584,0.0000,57.8584,1.2677,0.0000,0.0000,791,757,89640,16.71,494.1
2872,259.2141,43.6257,0.0273,0.0183,3.8211,0.1726,0.0291,39.4280,0.0013,1,0.0445,3.5275,0.0466,0.8101,54.9342,0.0000,54.9342,1.2720,0.0000,0.0000,791,757,89640,16.75,494.1
2873,259.2576,43.5051,0.0356,0.0156,4.8749,0.0834,0.0291,55.3787,0.0018,1,0.0429,3.6684,0.0451,0.8032,54.4907,0.0000,54.4907,1.2681,0.0000,0.0000,791,757,89640,16.79,494.1
2874,259.3181,60.4270,0.0282,0.0193,3.3836,0.0830,0.0271,61.5066,0.0013,1,0.0437,3.5954,0.0451,0.8140,57.7612,0.0000,57.7612,1.2705,0.0000,0.0000,791,757,89640,16.81,494.1
2875,259.3831,65.0757,0.0270,0.0157,3.3392,0.0740,0.0275,59.8030,0.0015,1,0.0428,4.1206,0.0452,0.8600,54.3242,0.0000,54.3242,1.2648,0.0000,0.0000,791,757,89640,16.78,494.1
2876,259.4464,63.2963,0.0309,0.0180,4.6158,0.0812,0.0295,53.5034,0.0015,1,0.0433,3.3754,0.0454,0.7066,54.7765,0.0000,54.7765,1.2670,0.0000,0.0000,791,757,89640,16.77,494.1
2877,259.5047,58.2886,0.0290,0.0181,3.4946,0.0786,0.0289,130.6654,0.0014,1,0.0434,3.3669,0.0448,0.8192,54.7104,0.0000,54.7104,1.2631,0.0000,0.0000,791,757,89640,16.87,494.1
2878,259.6390,100.0000,0.0255,0.0175,3.9179,0.0829,0.0301,8.5029,0.0015,1,0.0443,3.9748,0.0462,0.7474,54.1312,0.0000,54.1312,1.2611,0.0000,0.0000,791,757,89640,16.66,494.1
2879,259.6516,12.5869,0.0270,0.0193,3.6166,0.0806,0.0288,41.9754,0.0017,1,0.0424,3.7933,0.0451,0.7087,55.5507,0.0000,55.5507,1.2648,0.0000,0.0000,791,757,89640,16.87,494.1
2880,259.6974,45.7573,0.0280,0.0184,3.5193,0.0820,0.0284,57.3662,0.0018,1,0.0470,3.5947,0.0458,0.8095,54.4704,0.0000,54.4704,1.2701,0.0000,0.0000,791,757,89640,16.84,494.1
2881,259.7584,61.0522,0.0278,0.0168,4.4411,0.0812,0.0287,55.2847,0.0017,1,0.0424,3.5352,0.0462,0.7677,54.7336,0.0000,54.7336,1.2677,0.0000,0.0000,791,757,89640,16.79,494.1
2882,259.8183,59.8897,0.0367,0.0188,3.7065,0.0792,0.0295,61.6549,0.0016,1,0.0436,3.3332,0.0451,0.7393,54.9512,0.0000,54.9512,1.2672,0.0000,0.0000,791,757,89640,16.89,494.1
2883,259.8839,65.5345,0.0251,0.0169,5.0641,0.0838,0.8705,50.5829,0.0014,1,0.0430,3.3469,0.0452,0.6864,54.8493,0.0000,54.8493,1.2680,0.0000,0.0000,791,757,89640,16.75,494.1
2884,259.9405,56.6519,0.0252,0.0153,3.3819,0.0823,0.0261,57.2374,0.0015,1,0.0431,3.4209,0.0451,0.7587,54.4210,0.0000,54.4210,1.2592,0.0000,0.0000,791,757,89640,16.77,494.1
2885,260.0013,60.7869,0.0284,0.0185,3.7674,0.0730,0.0269,60.0262,0.0014,1,0.0464,3.4587,0.0452,0.7148,57.2754,0.0000,57.2754,1.2618,0.0000,0.0000,791,757,89640,16.81,494.1
2886,260.0652,63.9495,0.4445,0.0166,3.3040,0.0800,0.0266,119.6995,0.0018,1,0.0432,3.6284,0.0471,0.7883,55.1947,0.0000,55.1947,1.2631,0.0000,0.0000,791,757,89640,16.89,494.1
2887,260.1888,100.0000,0.1289,0.0180,4.2458,0.0686,0.0255,9.1777,0.0015,1,0.0496,4.0431,0.0471,0.9073,55.6439,0.0000,55.6439,1.2659,0.0000,0.0000,791,757,89640,16.70,494.1
2888,260.2025,13.6734,0.0233,0.0147,4.6134,0.0691,0.0267,51.4112,0.0015,1,0.0436,3.4799,0.0466,0.7496,57.1784,0.0000,57.1784,1.2653,0.0000,0.0000,791,757,89640,16.91,494.1
2889,260.2587,56.1668,0.0231,0.0151,3.9417,0.0731,0.0256,125.9101,0.0019,1,0.0446,3.4713,0.0451,0.8925,56.3908,0.0000,56.3908,1.2674,0.0000,0.0000,791,757,89640,16.98,494.1
2890,260.3887,100.0000,0.0392,0.0495,3.4983,0.0810,0.0284,5.9862,0.0014,1,0.0614,5.2234,0.0452,1.1510,54.5521,0.0000,54.5521,1.2658,0.0000,0.0000,791,757,89640,16.78,494.1
2891,260.3983,9.6920,0.0277,0.0158,3.3142,0.0929,0.0278,55.1831,0.0015,1,0.0521,3.8401,0.0450,0.9112,56.7784,0.0000,56.7784,1.2694,0.0000,0.0000,791,757,89640,17.00,494.1
2892,260.4570,58.6713,0.0254,0.0164,3.0821,0.0748,0.0292,59.4250,0.0013,1,0.0460,3.6193,0.0456,1.0771,55.0522,0.0000,55.0522,1.2631,0.0000,0.0000,791,757,89640,16.89,494.1
2893,260.5197,62.6617,0.0236,0.0160,2.8491,0.0705,0.0330,60.9417,0.2644,1,0.0430,3.6972,0.0440,0.9480,54.5166,0.0000,54.5166,1.2672,0.0000,0.0000,791,757,89640,16.93,494.1
2894,260.5839,64.2051,0.1613,0.0146,3.3202,0.0671,0.0235,54.4559,0.0016,1,0.0455,3.4772,0.0450,0.8246,56.0835,0.0000,56.0835,1.2673,0.0000,0.0000,791,757,89640,17.01,494.1
2895,260.6419,58.0516,0.0260,0.0167,2.2967,0.0556,0.0206,58.7920,0.0013,1,0.0450,3.7819,0.0454,0.9473,54.5930,0.0000,54.5930,1.2672,0.0000,0.0000,791,757,89640,16.92,494.1
2896,260.7032,61.2162,0.0232,0.0151,2.6811,0.0537,0.0410,120.9257,0.0022,1,0.0425,3.6761,0.0451,0.8751,54.9187,0.0000,54.9187,1.2641,0.0000,0.0000,791,757,89640,16.89,494.1
2897,260.8269,100.0000,0.0319,0.0234,2.5890,0.0852,0.0302,5.9372,0.0012,1,0.0475,3.7721,0.0449,0.9027,55.3869,0.0000,55.3869,1.2666,0.0000,0.0000,791,757,89640,16.80,494.1
2898,260.8356,8.7046,0.0231,0.0129,2.7084,0.0662,0.0226,56.6032,0.0015,1,0.0466,4.1011,0.0462,0.9424,55.0958,0.0000,55.0958,1.2643,0.0000,0.0000,791,757,89640,16.91,494.1
2899,260.8951,59.4444,0.0236,0.0169,9.5002,0.1720,0.0273,52.1966,0.0016,1,0.0428,3.4677,0.0452,0.7087,54.6512,0.0000,54.6512,1.2654,0.0000,0.0000,791,757,89640,17.01,494.1
2900,260.9571,61.9993,0.5494,0.3426,6.0667,0.0745,0.0220,51.3130,0.0023,1,0.0429,3.3551,0.0452,0.7367,55.0946,0.0000,55.0946,1.2602,0.0000,0.0000,791,757,89640,16.89,494.1
2901,261.0155,58.4334,0.0324,0.0184,2.8790,0.0625,0.0239,122.4771,0.0020,1,0.0446,3.7580,0.0449,0.9852,55.3129,0.0000,55.3129,1.2672,0.0000,0.0000,791,757,89640,16.99,494.1
2902,261.1410,100.0000,0.4913,0.0216,9.9511,0.0673,0.0263,10.8671,0.0012,1,0.0482,4.0090,0.0451,0.9608,55.8242,0.0000,55.8242,1.2618,0.0000,0.0000,791,757,89640,16.80,494.1
2903,261.1624,21.4332,0.0214,0.0166,5.6376,0.0689,0.0254,39.4865,0.0018,1,0.0513,4.0096,0.0446,1.3064,54.2870,0.0000,54.2870,1.2614,0.0000,0.0000,791,757,89640,16.99,494.1
2904,261.2077,45.2655,0.0236,0.0155,3.2260,0.0534,0.0198,120.1521,0.0017,1,0.0421,3.3638,0.0446,0.7128,55.5293,0.0000,55.5293,1.2616,0.0000,0.0000,791,757,89640,17.04,494.1
2905,261.3312,100.0000,0.0286,0.0195,5.0477,2.3793,0.0243,5.1228,0.0012,1,0.0436,3.3518,0.0450,0.8821,54.6792,0.0000,54.6792,1.2584,0.0000,0.0000,791,757,89640,16.87,494.1
2906,261.3438,12.6312,0.0256,0.0160,1.9797,0.0481,0.0173,51.9903,0.0015,1,0.0606,4.0382,0.0453,0.9892,56.3722,0.0000,56.3722,1.2605,0.0000,0.0000,791,757,89640,17.08,494.1
2907,261.3979,54.0844,0.0224,0.0192,2.8439,0.0634,0.0223,60.5423,0.0015,1,0.0538,3.4394,0.0453,0.8355,54.6084,0.0000,54.6084,1.2603,0.0000,0.0000,791,757,89640,17.08,494.1
2908,261.4614,63.5214,0.0242,0.0143,2.7304,0.0633,0.0248,59.1321,0.0013,1,0.0540,3.6201,0.0461,0.7954,54.9064,0.0000,54.9064,1.2600,0.0000,0.0000,791,757,89640,17.07,494.1
2909,261.5234,61.9972,0.0322,0.0163,2.8996,0.0790,0.0263,118.8299,0.0016,1,0.0555,3.5473,0.0455,0.7121,54.9895,0.0000,54.9895,1.2594,0.0000,0.0000,791,757,89640,17.16,478.2
2910,261.6453,100.0000,0.0330,0.0203,3.2660,0.1025,0.0485,8.7782,0.0014,1,0.0539,3.3888,0.0449,0.7015,54.5766,0.0000,54.5766,1.2628,0.0000,0.0000,791,757,89640,16.94,478.2
2911,261.6576,12.2569,0.0224,0.0169,3.6842,0.0646,0.0231,52.3264,0.0011,1,0.0542,3.4152,0.0455,0.7377,57.3532,0.0000,57.3532,1.2651,0.0000,0.0000,791,757,89640,17.10,478.2
2912,261.7137,56.1448,0.0213,0.0130,1.9032,0.0469,0.0181,117.8863,0.0016,1,0.0528,3.4392,0.0462,0.8090,54.8958,0.0000,54.8958,1.2745,0.0000,0.0000,791,757,89640,17.09,478.2
2913,261.8336,100.0000,0.0274,0.0159,3.1700,0.0532,0.0195,4.0555,0.0010,1,0.0541,3.4632,0.0451,0.7700,54.4125,0.0000,54.4125,1.2583,0.0000,0.0000,791,757,89640,17.01,478.2
2914,261.9206,87.0126,0.0715,0.0139,3.7261,0.0730,0.0228,4.0258,0.0011,1,0.0543,4.2476,0.0456,0.7755,64.4511,0.0000,64.4511,1.4010,0.0000,0.0000,791,757,89640,16.99,478.2
2915,261.9286,7.9412,0.0212,0.0124,1.8552,0.0508,0.0185,44.1537,0.0012,1,0.0527,3.7287,0.0451,0.7415,58.0412,0.0000,58.0412,1.4148,0.0000,0.0000,791,757,89640,17.07,478.2
2916,261.9747,46.1200,0.0215,0.0131,1.6715,0.0425,0.0163,59.8080,0.0013,1,0.0542,3.3878,0.0451,0.9190,55.2682,0.0000,55.2682,1.2614,0.0000,0.0000,791,757,89640,17.20,478.2
2917,262.0363,61.5808,0.3789,0.0132,2.3695,0.0609,0.0193,59.7417,0.0014,1,0.0540,3.5738,0.0451,1.0110,55.1387,0.0000,55.1387,1.2599,0.0000,0.0000,791,757,89640,17.22,478.2
2918,262.0989,62.5914,0.1377,0.0153,3.7884,0.0908,0.0327,56.8061,0.0014,1,0.0550,3.6404,0.0451,0.7498,54.3582,0.0000,54.3582,1.2650,0.0000,0.0000,791,757,89640,17.17,455.7
2919,262.1598,60.8803,0.0258,0.0175,3.3570,0.0651,0.0229,123.5876,0.0019,1,0.0444,3.3680,0.0450,0.7207,55.7002,0.0000,55.7002,1.2580,0.0000,0.0000,791,757,89640,17.10,455.7
2920,262.2868,100.0000,0.0327,0.0216,3.2068,0.0956,0.0266,5.4217,0.0014,1,0.0508,4.5814,0.0458,1.0456,58.0108,0.0000,58.0108,1.2634,0.0000,0.0000,791,757,89640,17.10,455.7
2921,262.2957,8.8141,0.0253,0.0153,3.1016,0.0649,0.0229,53.2067,0.0013,1,0.0513,4.0960,0.0458,0.8148,53.7660,0.0000,53.7660,1.2593,0.0000,0.0000,791,757,89640,17.13,455.7
2922,262.3521,56.4443,0.0235,0.0164,2.8840,0.0642,0.0228,97.3005,0.0199,1,0.0472,3.6670,0.0454,0.8550,55.1958,0.0000,55.1958,1.2688,0.0000,0.0000,791,757,89640,17.19,455.7
2923,262.4525,100.0000,0.2340,1.2839,6.8025,0.1863,0.0721,31.5002,0.0503,1,0.0458,3.9461,0.0453,0.7711,57.0378,0.0000,57.0378,1.2616,0.0000,0.0000,791,757,89640,17.06,455.7
2924,262.4927,40.1928,0.3600,0.4240,7.9604,0.0664,0.0226,53.7635,0.0012,1,0.0491,3.3918,0.0457,0.7004,54.4391,0.0000,54.4391,1.2542,0.0000,0.0000,791,757,89640,17.11,455.7
2925,262.5553,62.6057,0.1683,0.2542,3.6054,0.0679,0.0259,48.2201,0.0013,1,0.0451,3.3478,0.0451,0.7329,57.7026,0.0000,57.7026,1.2588,0.0000,0.0000,791,757,89640,17.11,455.7
2926,262.6077,52.3491,0.0184,0.0128,4.3780,0.0572,0.0212,159.8373,0.0016,1,0.0446,3.3492,0.0465,0.7386,54.5212,0.0000,54.5212,1.2569,0.0000,0.0000,791,757,89640,17.13,455.7
2927,262.7720,100.0000,0.0289,0.0159,2.7379,0.0589,0.0211,4.1494,0.0012,1,0.0431,3.3571,0.0462,0.6984,54.2949,0.0000,54.2949,1.2612,0.0000,0.0000,791,757,89640,17.03,453.0
2928,262.7791,7.0199,0.0204,0.0134,2.5656,0.0548,0.0211,96.1438,0.0013,1,0.0454,3.4491,0.0452,0.7188,54.3438,0.0000,54.3438,1.2592,0.0000,0.0000,791,757,89640,17.22,453.0
2929,262.8779,98.8274,0.0200,0.0129,3.0915,0.0600,0.0211,22.2750,0.0012,1,0.0455,3.3603,0.0451,1.0353,54.5393,0.0000,54.5393,1.2615,0.0000,0.0000,791,757,89640,17.08,453.0
2930,262.9034,25.4877,0.0226,0.0136,3.0234,0.0999,0.0239,73.3932,0.0013,1,0.0460,3.3871,0.0451,0.7823,56.7824,0.0000,56.7824,1.2641,0.0000,0.0000,791,757,89640,17.17,453.0
2931,262.9799,76.5851,0.0275,0.0149,2.8881,0.0666,0.0240,62.8485,0.0018,1,0.0428,3.2902,0.0451,0.7331,55.0366,0.0000,55.0366,1.2615,0.0000,0.0000,791,757,89640,17.13,453.0
2932,263.0458,65.8782,0.0305,0.0150,3.2569,0.0704,0.0472,62.1539,0.0013,1,0.0467,3.3712,0.0461,0.7593,56.8860,0.0000,56.8860,1.2583,0.0000,0.0000,791,757,89640,17.12,453.0
2933,263.1114,65.5818,0.1506,0.0191,2.8501,0.0685,0.0287,38.7717,0.0012,1,0.0565,5.4811,0.0467,1.3967,58.0471,0.0000,58.0471,1.2629,0.0000,0.0000,791,757,89640,17.11,453.0
2934,263.1533,41.8960,0.1232,0.0176,3.8217,0.0714,0.0241,64.5059,0.0011,1,0.0477,3.8367,0.0451,1.0187,55.9784,0.0000,55.9784,1.2551,0.0000,0.0000,791,757,89640,17.25,453.0
2935,263.2219,68.5711,0.0204,0.0281,4.9636,0.0702,0.0238,52.1897,0.0011,1,0.0447,3.4754,0.0462,0.7100,55.4283,0.0000,55.4283,1.2586,0.0000,0.0000,791,757,89640,17.11,453.0
2936,263.2792,57.3040,0.0300,0.0138,3.2263,0.0708,0.0253,56.2615,0.0013,1,0.0487,4.6324,0.0462,1.3763,55.2001,0.0000,55.2001,1.2649,0.0000,0.0000,791,757,89640,17.11,454.7
2937,263.3388,59.6359,0.0217,0.0137,3.3653,1.2149,0.0290,60.6411,0.0015,1,0.0508,3.9567,0.0456,0.9844,57.0562,0.0000,57.0562,1.2613,0.0000,0.0000,791,757,89640,17.21,454.7
2938,263.4041,65.2940,0.0217,0.0142,5.6940,0.0606,0.0347,54.9743,0.0064,1,0.0466,3.6471,0.0461,0.7652,55.3815,0.0000,55.3815,1.2567,0.0000,0.0000,791,757,89640,17.09,454.7
2939,263.4649,60.8127,0.0244,0.0167,2.6618,0.0633,0.0231,59.3850,0.0012,1,0.0445,3.5870,0.0453,0.7741,55.1448,0.0000,55.1448,1.2566,0.0000,0.0000,791,757,89640,17.07,454.7
2940,263.5271,62.1862,0.0239,0.0150,2.8079,0.0640,0.0227,56.4614,0.0010,1,0.0461,3.6234,0.0451,0.8485,54.5501,0.0000,54.5501,1.2578,0.0000,0.0000,791,757,89640,17.07,454.7
2941,263.5865,59.4020,0.0197,0.0126,2.2089,0.0575,0.0208,119.1879,0.0020,1,0.0438,3.3265,0.0452,0.8214,54.9118,0.0000,54.9118,1.2571,0.0000,0.0000,791,757,89640,17.17,454.7
2942,263.7080,100.0000,0.0312,0.0220,3.8293,0.0744,0.0241,4.6777,0.0018,1,0.0446,3.4016,0.0465,0.7885,55.5292,0.0000,55.5292,1.2600,0.0000,0.0000,791,757,89640,16.95,454.7
2943,263.7167,8.6685,0.0231,0.0151,2.2544,0.0548,0.0196,57.5487,0.0011,1,0.0613,4.3045,0.0452,0.9011,54.9402,0.0000,54.9402,1.2630,0.0000,0.0000,791,757,89640,17.07,454.7
2944,263.7766,59.9233,0.0195,0.0134,3.3762,0.0637,0.0225,57.4267,0.0013,1,0.0471,4.1806,0.0461,1.0117,55.6112,0.0000,55.6112,1.2577,0.0000,0.0000,791,757,89640,17.07,454.7
2945,263.8376,60.9289,0.0275,0.0139,2.3540,0.0570,0.0217,62.2753,0.0016,1,0.0434,3.4718,0.0451,0.8872,54.5851,0.0000,54.5851,1.2600,0.0000,0.0000,791,757,89640,17.07,468.4
2946,263.9023,64.7579,0.0229,0.0137,2.2481,0.0613,0.0209,58.5525,0.0018,1,0.0489,4.4238,0.0447,1.0506,55.2149,0.0000,55.2149,1.2606,0.0000,0.0000,791,757,89640,17.07,468.4
2947,263.9632,60.9277,0.0237,0.0148,2.6782,0.0635,0.0235,59.0597,0.0014,1,0.0447,3.5686,0.0449,0.9947,55.3544,0.0000,55.3544,1.2595,0.0000,0.0000,791,757,89640,17.16,468.4
2948,264.0251,61.8728,0.0265,0.0175,3.9777,0.0684,0.0252,72.7009,0.0017,1,0.0453,3.5826,0.0451,0.7141,54.8753,0.0000,54.8753,1.2595,0.0000,0.0000,791,757,89640,17.05,468.4
2949,264.1019,76.8368,0.1278,0.0167,3.0490,0.0743,0.0271,52.4294,0.0015,1,0.0597,3.4378,0.0451,0.9018,55.1712,0.0000,55.1712,1.2530,0.0000,0.0000,791,757,89640,17.02,468.4
2950,264.1577,55.7330,0.1988,0.0199,7.5484,0.0813,0.0272,48.5085,0.0014,1,0.0464,3.6354,0.1843,0.9359,54.7132,0.0000,54.7132,1.2642,0.0000,0.0000,791,757,89640,16.91,468.4
2951,264.2141,56.3928,0.0229,0.0165,5.0006,0.0841,0.0280,52.3390,0.0014,1,0.0448,3.3847,0.0451,0.7885,55.5769,0.0000,55.5769,1.2532,0.0000,0.0000,791,757,89640,16.92,468.4
2952,264.2716,57.5000,0.0263,0.0180,3.3613,0.0751,0.0263,69.5552,0.0020,1,0.0450,3.5340,0.0463,0.9168,55.3564,0.0000,55.3564,1.2594,0.0000,0.0000,791,757,89640,16.92,468.4
2953,264.3447,73.0936,0.0304,0.0157,3.4280,0.0769,0.0641,52.1470,0.0013,1,0.0450,3.9853,0.0451,1.0732,55.4146,0.0000,55.4146,1.2597,0.0000,0.0000,791,757,89640,16.90,472.0
2954,264.4004,55.7705,0.0207,0.0152,2.9355,0.0649,0.0245,54.5416,0.0016,1,0.0446,3.2910,0.0451,0.6907,54.9169,0.0000,54.9169,1.2556,0.0000,0.0000,791,757,89640,16.91,472.0
2955,264.4580,57.6105,0.0276,0.0528,3.3262,0.0631,0.0232,59.5788,0.0013,1,0.0450,3.4658,0.0451,0.7370,54.5838,0.0000,54.5838,1.2503,0.0000,0.0000,791,757,89640,16.92,472.0
2956,264.5211,63.0803,0.0465,0.0149,2.7980,0.0651,0.0238,62.2786,0.0014,1,0.0437,3.4096,0.0450,0.7782,54.8982,0.0000,54.8982,1.2551,0.0000,0.0000,791,757,89640,17.01,472.0
2957,264.5864,65.2353,0.0330,0.0237,2.9163,0.0704,0.0249,57.2865,0.0020,1,0.0445,3.3756,0.0453,0.6861,55.6233,0.0000,55.6233,1.2511,0.0000,0.0000,791,757,89640,16.88,472.0
2958,264.6467,60.3643,0.0253,0.0155,3.4969,0.0794,0.0252,114.9594,0.0018,1,0.0457,3.3743,0.0453,0.7003,56.3473,0.0000,56.3473,1.2610,0.0000,0.0000,791,757,89640,16.87,472.0
2959,264.7653,100.0000,0.0305,0.0201,3.2886,0.0863,0.0312,5.6283,0.0015,1,0.0464,3.3587,0.0453,0.7291,55.3985,0.0000,55.3985,1.2508,0.0000,0.0000,791,757,89640,16.78,472.0
2960,264.7744,9.0935,0.0252,0.0156,2.9326,0.0762,0.0282,55.3161,0.0011,1,0.0457,3.3976,0.0466,0.8028,54.8639,0.0000,54.8639,1.2575,0.0000,0.0000,791,757,89640,16.90,472.0
2961,264.8328,58.4025,0.0230,0.0147,2.7671,0.0664,0.0242,119.2935,0.0019,1,0.0446,3.5349,0.0451,0.8720,56.1939,0.0000,56.1939,1.2562,0.0000,0.0000,791,757,89640,16.91,472.0
2962,264.9550,100.0000,0.0382,0.0186,2.8015,0.0790,0.0286,5.5166,0.0017,1,0.0448,3.3301,0.0451,0.7161,55.4213,0.0000,55.4213,1.2578,0.0000,0.0000,791,757,89640,16.82,479.8
2963,264.9635,8.4921,0.0239,0.0273,2.6468,0.0627,0.0234,64.8751,0.0013,1,0.0459,3.7401,0.0460,0.7829,54.7122,0.0000,54.7122,1.2596,0.0000,0.0000,791,757,89640,16.94,479.8
2964,265.0312,67.6671,0.0213,0.0169,3.1650,0.0632,0.0237,108.6371,0.0017,1,0.0456,3.3997,0.0451,0.7205,54.6392,0.0000,54.6392,1.2530,0.0000,0.0000,791,757,89640,16.93,479.8
2965,265.1431,100.0000,0.2599,0.0206,4.5479,0.0716,0.0243,5.3098,0.0013,1,0.0450,3.7340,0.0452,0.9992,54.6286,0.0000,54.6286,1.2544,0.0000,0.0000,791,757,89640,16.93,479.8
2966,265.1534,10.2434,0.1704,0.0157,7.7919,0.0697,0.0336,50.5129,0.0013,1,0.0464,3.5690,0.0468,0.9799,55.6541,0.0000,55.6541,1.2518,0.0000,0.0000,791,757,89640,16.93,479.8
2967,265.2120,58.6023,0.0212,0.0144,4.7065,0.0760,0.0257,58.7688,0.0013,1,0.0484,3.4591,0.0438,0.8867,55.3602,0.0000,55.3602,1.4103,0.0000,0.0000,791,757,89640,16.93,479.8
2968,265.2756,63.6209,0.0258,0.0163,3.3469,0.0695,0.0246,59.7348,0.0012,1,0.0454,3.3336,0.0450,0.8661,55.6423,0.0000,55.6423,1.2554,0.0000,0.0000,791,757,89640,16.92,479.8
2969,265.3388,63.2252,0.0219,0.0134,2.9210,0.0621,0.0222,54.8077,0.0013,1,0.0452,3.8646,0.0463,0.8888,55.6784,0.0000,55.6784,1.2551,0.0000,0.0000,791,757,89640,16.92,479.8
2970,265.3967,57.8553,0.0578,0.0449,4.2019,0.0590,0.0213,73.4031,0.0014,1,0.0455,3.4611,0.0452,0.7079,58.7522,0.0000,58.7522,1.2563,0.0000,0.0000,791,757,89640,17.02,479.8
2971,265.4745,77.7964,0.0323,0.0152,5.3863,0.2352,0.0247,56.7899,0.0055,1,0.0456,3.3203,0.0456,0.7821,55.7383,0.0000,55.7383,1.5443,0.0000,0.0000,791,757,89640,16.86,486.2
2972,265.5370,62.4975,0.0230,0.0148,6.1716,0.0672,0.0271,47.6123,0.0014,1,0.0436,3.3941,0.0451,0.7212,56.6541,0.0000,56.6541,1.2552,0.0000,0.0000,791,757,89640,16.84,486.2
2973,265.5909,53.9247,0.0264,0.0152,3.2532,0.0672,0.0245,69.1013,0.0012,1,0.0444,3.6085,0.0450,0.7047,59.3604,0.0000,59.3604,1.2512,0.0000,0.0000,791,757,89640,16.95,486.2
2974,265.6634,72.4961,0.0196,0.0536,11.3572,0.0845,0.0293,44.0724,0.0013,1,0.0462,3.7053,0.0453,0.7559,57.2089,0.0000,57.2089,1.2566,0.0000,0.0000,791,757,89640,16.81,486.2
2975,265.7190,55.6247,0.0268,0.0171,3.3143,0.0730,0.0270,59.7023,0.0016,1,0.0453,3.3274,0.0451,0.7832,58.5873,0.0000,58.5873,1.2594,0.0000,0.0000,791,757,89640,16.81,486.2
2976,265.7822,63.1695,0.0242,0.0166,3.6717,0.0824,0.0267,60.9555,0.0017,1,0.0441,3.4755,0.0451,0.7168,58.2327,0.0000,58.2327,1.4051,0.0000,0.0000,791,757,89640,16.81,486.2
2977,265.8470,64.7867,0.0264,0.0165,3.3692,0.0759,0.0253,59.6883,0.0013,1,0.0459,3.5897,0.0453,0.7336,56.8025,0.0000,56.8025,1.2521,0.0000,0.0000,791,757,89640,16.80,486.2
2978,265.9102,63.2101,0.0247,0.0143,2.7023,0.0631,0.0237,61.5239,0.0013,1,0.0452,4.0845,0.0457,0.8233,57.7716,0.0000,57.7716,1.2556,0.0000,0.0000,791,757,89640,16.89,486.2
2979,265.9745,64.3604,0.0302,0.0147,3.0543,0.0760,0.0255,123.6205,0.0018,1,0.0452,3.6036,0.0467,0.8957,56.6466,0.0000,56.6466,1.2505,0.0000,0.0000,791,757,89640,16.76,492.8
2980,266.1014,100.0000,0.2722,0.0200,3.2962,0.0893,0.0323,7.0038,0.0014,1,0.0462,4.1612,0.0452,0.8320,56.8156,0.0000,56.8156,1.2513,0.0000,0.0000,791,757,89640,16.67,492.8
2981,266.1121,10.7222,0.1449,0.0159,3.6313,0.6670,0.5429,53.7786,0.0014,1,0.0472,3.5945,0.0451,0.8174,56.1522,0.0000,56.1522,1.2525,0.0000,0.0000,791,757,89640,16.78,492.8
2982,266.1709,58.7888,0.5125,0.0195,8.7728,0.0770,0.0303,116.9873,0.0018,1,0.0451,3.6008,0.0458,0.7943,57.1012,0.0000,57.1012,1.2489,0.0000,0.0000,791,757,89640,16.79,492.8
2983,266.2973,100.0000,0.0287,0.0200,3.4067,0.4437,0.0324,6.4514,0.0015,1,0.0434,3.5787,0.0450,0.8433,57.7947,0.0000,57.7947,1.2535,0.0000,0.0000,791,757,89640,16.79,492.8
2984,266.3077,10.3919,0.0285,0.0162,3.0853,0.0689,0.0353,55.7643,0.0014,1,0.0478,3.4766,0.0467,1.0724,56.7013,0.0000,56.7013,1.2552,0.0000,0.0000,791,757,89640,16.79,492.8
2985,266.3667,59.0069,0.0219,0.0150,4.3246,0.0665,0.0231,121.8360,0.0012,1,0.0447,3.3707,0.0449,0.8316,57.5277,0.0000,57.5277,1.2522,0.0000,0.0000,791,757,89640,16.78,492.8
2986,266.4930,100.0000,0.0293,0.0192,2.6857,0.0920,0.0326,5.8222,0.0013,1,0.0443,3.8295,0.0451,1.1476,56.6924,0.0000,56.6924,1.4114,0.0000,0.0000,791,757,89640,16.78,492.8
2987,266.5017,8.6897,0.0203,0.0131,2.9369,0.0628,0.0228,56.8774,0.0013,1,0.0478,3.7682,0.0451,1.0138,57.6038,0.0000,57.6038,1.2553,0.0000,0.0000,791,757,89640,16.79,492.8
2988,266.5616,59.9412,0.0294,0.0141,2.7381,0.0615,0.0218,124.8912,0.0020,1,0.0467,3.6334,0.0457,0.8350,57.1587,0.0000,57.1587,1.4024,0.0000,0.0000,791,757,89640,16.78,506.2
2989,266.6894,100.0000,0.0260,0.0195,3.7809,0.1234,0.0451,6.2432,0.0015,1,0.0438,3.9466,0.0461,0.7780,55.9582,0.0000,55.9582,1.2506,0.0000,0.0000,791,757,89640,16.78,506.2
2990,266.6996,10.2484,0.0293,0.0171,3.0625,0.0758,0.0294,60.5598,0.0016,1,0.0615,4.6879,0.0455,1.5644,58.3256,0.0000,58.3256,1.2544,0.0000,0.0000,791,757,89640,16.78,506.2
2991,266.7634,63.7837,0.0285,0.0185,3.0040,0.0718,0.0260,61.7171,0.0012,1,0.0620,4.4633,0.0468,2.0148,57.7876,0.0000,57.7876,1.5639,0.0000,0.0000,791,757,89640,16.86,506.2
2992,266.8283,64.8744,0.0227,0.0136,3.0635,0.0703,0.0231,64.2115,0.0011,1,0.0478,3.3558,0.0459,0.7586,56.5684,0.0000,56.5684,1.2569,0.0000,0.0000,791,757,89640,16.81,506.2
2993,266.8957,67.4265,0.0197,0.0155,3.3537,0.0658,0.0226,58.8269,0.0015,1,0.0467,3.9490,0.0464,0.8827,57.7007,0.0000,57.7007,1.2587,0.0000,0.0000,791,757,89640,16.75,506.2
2994,266.9580,62.3118,0.0215,0.0133,2.7497,0.0696,0.0265,56.7883,0.0011,1,0.0459,3.7933,0.0457,0.8922,55.7899,0.0000,55.7899,1.2538,0.0000,0.0000,791,757,89640,16.75,506.2
2995,267.0177,59.6768,0.0229,0.0138,2.8283,0.0638,0.0229,122.8416,0.0020,1,0.0454,3.5457,0.0455,0.8514,56.1882,0.0000,56.1882,1.2599,0.0000,0.0000,791,757,89640,16.76,506.2
2996,267.1435,100.0000,0.2100,0.0200,3.1499,0.0845,0.0321,4.8490,0.0013,1,0.0498,3.7781,0.0449,0.8025,56.6629,0.0000,56.6629,1.3819,0.0000,0.0000,791,757,89640,16.68,501.4
2997,267.2830,100.0000,0.1553,0.0294,10.0508,0.1226,0.0253,5.7405,0.0017,1,0.0564,4.1477,0.0464,0.8940,62.5493,0.0000,62.5493,1.2550,0.0000,0.0000,791,757,89640,16.58,501.4
2998,267.2991,16.1341,0.0280,0.0181,6.6933,0.0675,0.0245,62.5966,0.0018,1,0.0461,4.3732,0.0452,1.0088,60.9528,0.0000,60.9528,1.2499,0.0000,0.0000,791,757,89640,16.78,501.4
2999,267.3686,69.4391,0.0292,0.0185,3.8506,0.0876,0.0315,6.5710,0.0013,1,0.0444,3.5486,0.0454,0.7870,57.8815,0.0000,57.8815,1.2578,0.0000,0.0000,791,757,89640,16.64,501.4
3000,267.3792,10.5974,2.9684,0.0165,4.0975,0.0694,0.0255,50.9708,0.0014,1,0.0457,3.7191,0.0451,0.8212,55.5282,0.0000,55.5282,1.2444,0.0000,0.0000,791,757,89640,16.72,501.4
3001,267.4373,58.1562,0.0250,0.0159,5.8223,0.0714,0.0259,55.4507,0.0014,1,0.0460,3.4918,0.0456,0.7511,55.7525,0.0000,55.7525,1.2540,0.0000,0.0000,791,757,89640,16.73,501.4
3002,267.4987,61.4200,0.0261,0.0163,2.8883,0.0703,0.0253,59.7265,0.0013,1,0.0447,3.6474,0.0451,0.8335,55.4141,0.0000,55.4141,1.2495,0.0000,0.0000,791,757,89640,16.73,501.4
3003,267.5615,62.7604,0.0231,0.0134,3.2376,0.0649,0.0229,63.0075,0.0014,1,0.0451,3.5470,0.0454,0.7444,55.2543,0.0000,55.2543,1.2521,0.0000,0.0000,791,757,89640,16.73,501.4
3004,267.6279,66.3769,0.0218,0.0150,4.2772,0.1150,0.0276,112.7317,0.0017,1,0.0458,3.4988,0.0456,0.8172,56.4246,0.0000,56.4246,1.2475,0.0000,0.0000,791,757,89640,16.71,501.4
3005,267.7451,100.0000,0.0356,0.0181,2.8954,0.0771,0.0276,4.8787,0.0017,1,0.0470,3.6721,0.0471,0.7447,54.7825,0.0000,54.7825,1.2536,0.0000,0.0000,791,757,89640,16.62,504.8
3006,267.7530,7.9411,0.0230,0.0133,4.5752,0.0599,0.0225,55.5911,0.0011,1,0.0456,3.8837,0.0451,0.8462,56.6097,0.0000,56.6097,1.2562,0.0000,0.0000,791,757,89640,16.75,504.8
3007,267.8133,60.2929,0.0212,0.0134,2.4828,0.0626,0.0226,121.1992,0.0022,1,0.0484,3.8606,0.0451,1.0386,55.2708,0.0000,55.2708,1.2450,0.0000,0.0000,791,757,89640,16.84,504.8
3008,267.9371,100.0000,0.0294,0.0189,3.5703,0.0798,0.0302,5.4561,0.0011,1,0.0500,3.4186,0.0453,0.9072,55.6612,0.0000,55.6612,1.2573,0.0000,0.0000,791,757,89640,16.64,504.8
3009,267.9463,9.1921,0.0197,0.0130,3.2598,0.0639,0.0238,53.5549,0.0014,1,0.0454,3.5881,0.0457,0.8592,54.6732,0.0000,54.6732,1.2546,0.0000,0.0000,791,757,89640,16.75,504.8
3010,268.0033,56.9444,0.0248,0.0154,2.7924,0.0730,0.0247,60.5866,0.0013,1,0.0450,3.3876,0.0452,0.7507,54.8932,0.0000,54.8932,1.2516,0.0000,0.0000,791,757,89640,16.85,504.8
3011,268.0668,63.5261,0.3785,0.0157,3.4146,0.0651,0.0236,58.3778,0.0012,1,0.0442,3.3342,0.0464,0.8827,56.8363,0.0000,56.8363,1.2545,0.0000,0.0000,791,757,89640,16.73,504.8
3012,268.1291,62.2828,0.1597,0.0141,6.9257,0.0644,0.0222,117.0527,0.0068,1,0.0454,3.4901,0.0450,0.7799,55.1826,0.0000,55.1826,1.2587,0.0000,0.0000,791,757,89640,16.72,504.8
3013,268.2533,100.0000,0.0300,0.0181,2.7018,0.0805,0.0280,5.5950,0.0014,1,0.0448,3.4575,0.0450,0.7629,58.1033,0.0000,58.1033,1.2549,0.0000,0.0000,791,757,89640,16.63,504.8
3014,268.2618,8.4615,0.0221,0.0139,3.1082,0.1303,0.0273,54.6879,0.0012,1,0.0445,3.6870,0.0451,0.8969,54.7679,0.0000,54.7679,1.2554,0.0000,0.0000,791,757,89640,16.76,504.8
3015,268.3198,57.9981,0.0287,0.0144,2.6275,0.0642,0.0241,59.5519,0.0022,1,0.0450,3.6396,0.0448,0.8194,56.5838,0.0000,56.5838,1.2538,0.0000,0.0000,791,757,89640,16.76,505.7
3016,268.3821,62.3227,0.0347,0.0203,2.7668,0.0633,0.0227,59.6478,0.0013,1,0.0471,4.0667,0.0455,1.0326,54.9664,0.0000,54.9664,1.2571,0.0000,0.0000,791,757,89640,16.76,505.7
3017,268.4447,62.5636,0.0206,0.0139,2.7992,0.0614,0.0240,119.4018,0.0020,1,0.0478,3.7351,0.0451,0.9440,54.7820,0.0000,54.7820,1.2493,0.0000,0.0000,791,757,89640,16.85,505.7
3018,268.5670,100.0000,0.0335,0.0213,2.8762,0.0845,0.0284,4.9787,0.0013,1,0.0481,3.4454,0.0469,0.8060,54.9348,0.0000,54.9348,1.2458,0.0000,0.0000,791,757,89640,16.63,505.7
3019,268.5751,8.0990,0.0239,0.0662,4.4242,0.4965,0.0245,55.2181,0.0017,1,0.0451,3.6819,0.0451,0.8365,54.9564,0.0000,54.9564,1.4473,0.0000,0.0000,791,757,89640,16.75,505.7
3020,268.6354,60.2633,0.0201,0.0150,2.7771,0.0661,0.0241,58.5328,0.0012,1,0.0448,3.3714,0.0458,0.7352,55.9266,0.0000,55.9266,1.2516,0.0000,0.0000,791,757,89640,16.76,505.7
3021,268.6968,61.4434,0.0237,0.0155,3.1652,0.0742,0.0261,58.6406,0.0016,1,0.0449,3.5767,0.0452,0.7366,55.0960,0.0000,55.0960,1.2508,0.0000,0.0000,791,757,89640,16.75,505.7
3022,268.7588,61.9549,0.0259,0.0163,4.7485,0.0723,0.0260,56.3027,0.0017,1,0.0452,3.9460,0.0451,0.7509,55.1152,0.0000,55.1152,1.2526,0.0000,0.0000,791,757,89640,16.84,505.7
3023,268.8200,61.2015,0.0595,0.0142,2.5003,0.0678,0.0225,59.1947,0.0013,1,0.0443,3.6133,0.0463,0.8539,55.3847,0.0000,55.3847,1.2508,0.0000,0.0000,791,757,89640,16.75,505.7
3024,268.8818,61.8678,0.0303,0.0140,2.6396,0.0646,0.0250,60.6983,0.0016,1,0.0451,3.7044,0.0451,0.8376,56.2465,0.0000,56.2465,1.2476,0.0000,0.0000,791,757,89640,16.71,506.1
3025,268.9453,63.4816,0.0256,0.0164,2.9027,0.0714,0.0242,60.0400,0.0014,1,0.0457,3.4666,0.0456,0.7687,55.7838,0.0000,55.7838,1.2488,0.0000,0.0000,791,757,89640,16.79,506.1
3026,269.0084,63.0897,0.0252,0.0164,6.1631,0.0835,0.0267,55.7802,0.0018,1,0.0442,3.4803,0.0452,0.7618,55.3786,0.0000,55.3786,1.2489,0.0000,0.0000,791,757,89640,16.67,506.1
3027,269.0705,62.1045,0.1474,0.0169,3.1846,0.0765,0.0267,58.3906,0.0013,1,0.0499,4.2003,0.0451,0.8786,55.1544,0.0000,55.1544,1.2449,0.0000,0.0000,791,757,89640,16.66,506.1
3028,269.1324,61.8518,0.2507,0.0166,4.2280,0.0884,0.0298,63.2945,0.0013,1,0.0454,4.2537,0.0455,0.9175,55.3710,0.0000,55.3710,1.2541,0.0000,0.0000,791,757,89640,16.66,506.1
3029,269.2003,67.9160,0.0208,0.0175,4.2836,0.0660,0.0236,55.4670,0.0013,1,0.0454,3.6132,0.0450,0.6860,56.7160,0.0000,56.7160,1.2514,0.0000,0.0000,791,757,89640,16.65,506.1
3030,269.2602,59.8869,0.0257,0.0175,3.4652,0.0717,0.0267,116.4434,0.0018,1,0.0453,3.8830,0.0454,0.8125,55.8778,0.0000,55.8778,1.2517,0.0000,0.0000,791,757,89640,16.74,506.1
3031,269.3802,100.0000,0.0310,0.0181,4.9525,0.0737,0.0250,5.9514,0.0016,1,0.0442,3.3815,0.0451,0.7041,54.5943,0.0000,54.5943,1.2431,0.0000,0.0000,791,757,89640,16.54,506.1
3032,269.3913,11.0808,0.0263,0.0164,4.0613,0.0935,0.0299,53.3478,0.0015,1,0.0441,3.2977,0.0451,0.9452,54.6359,0.0000,54.6359,1.2570,0.0000,0.0000,791,757,89640,16.64,506.1
3033,269.4489,57.5844,0.0304,0.0151,3.3732,0.0682,0.0254,57.0178,0.0012,1,0.0438,3.3326,0.0452,0.7111,55.3019,0.0000,55.3019,1.2454,0.0000,0.0000,791,757,89640,16.74,508.4
3034,269.5094,60.5377,0.0216,0.0152,4.5966,0.0763,0.0267,55.5875,0.0015,1,0.0458,3.3777,0.0451,0.6962,55.6286,0.0000,55.6286,1.2547,0.0000,0.0000,791,757,89640,16.80,508.4
3035,269.5698,60.3324,0.0271,0.0162,4.4539,0.0800,0.0266,57.7071,0.0015,1,0.0450,3.3772,0.0451,0.7270,55.2122,0.0000,55.2122,1.2505,0.0000,0.0000,791,757,89640,16.68,508.4
3036,269.6321,62.3193,0.0235,0.0147,5.8749,0.0787,0.0358,55.4615,0.0012,1,0.0454,3.4182,0.0466,0.8233,56.3031,0.0000,56.3031,1.2530,0.0000,0.0000,791,757,89640,16.64,508.4
3037,269.6936,61.4972,0.0255,0.0156,3.3132,0.0779,0.0275,120.2717,0.0015,1,0.0470,3.5563,0.0451,0.9552,55.1108,0.0000,55.1108,1.4262,0.0000,0.0000,791,757,89640,16.64,508.4
3038,269.8173,100.0000,0.0239,0.0163,4.0766,0.0648,0.0240,5.0443,0.0014,1,0.0463,3.6823,0.0458,0.8817,55.4553,0.0000,55.4553,1.2487,0.0000,0.0000,791,757,89640,16.56,508.4
3039,269.8266,9.2585,0.0256,0.0156,1.9472,0.0487,0.0190,53.9764,0.0011,1,0.0445,3.6936,0.0463,0.8335,53.6206,0.0000,53.6206,1.2453,0.0000,0.0000,791,757,89640,16.67,508.4
3040,269.8826,56.0404,0.0233,0.0142,3.6848,0.0713,0.0236,117.6955,0.0022,1,0.0462,3.4381,0.0451,0.8272,55.6156,0.0000,55.6156,1.2534,0.0000,0.0000,791,757,89640,16.78,508.4
3041,270.0042,100.0000,0.0380,0.0178,2.5612,0.0936,0.0264,3.5418,0.0012,1,0.0451,3.2996,0.0471,0.7045,54.8497,0.0000,54.8497,1.2568,0.0000,0.0000,791,757,89640,16.57,501.0
3042,270.0104,6.2871,0.0220,0.0130,3.4679,0.0618,0.0227,56.3383,0.0012,1,0.0465,3.5687,0.0452,0.8290,54.9898,0.0000,54.9898,1.2549,0.0000,0.0000,791,757,89640,16.68,501.0
3043,270.0704,59.9337,0.1358,0.0141,2.4054,0.0586,0.0222,62.0952,0.0013,1,0.0450,3.3631,0.0462,0.7721,55.2412,0.0000,55.2412,1.2490,0.0000,0.0000,791,757,89640,16.77,501.0
3044,270.1351,64.7395,0.3691,0.0143,8.0552,0.0726,0.0252,52.1010,0.0012,1,0.0453,3.5051,0.0451,1.0557,57.4479,0.0000,57.4479,1.2511,0.0000,0.0000,791,757,89640,16.72,501.0
3045,270.1958,60.6453,0.0208,0.0130,2.8545,0.0661,0.0235,72.2134,0.0014,1,0.0458,3.3897,0.0466,1.0732,56.0823,0.0000,56.0823,1.2552,0.0000,0.0000,791,757,89640,16.72,501.0
3046,270.2710,75.1999,0.0225,0.0161,3.2665,0.0628,0.0231,91.7278,0.0013,1,0.0454,3.2944,0.0449,0.7018,54.7174,0.0000,54.7174,1.2488,0.0000,0.0000,791,757,89640,16.67,501.0
3047,270.3661,95.1267,0.0213,0.0141,2.9565,0.0638,0.0230,93.9219,0.0015,1,0.0440,3.3660,0.0451,0.7380,57.3626,0.0000,57.3626,1.2463,0.0000,0.0000,791,757,89640,16.68,501.0
3048,270.4631,97.0100,0.0236,0.0184,3.4480,0.1073,0.0235,5.0090,0.0012,1,0.0451,3.5653,0.0456,0.7914,56.3650,0.0000,56.3650,1.2494,0.0000,0.0000,791,757,89640,16.47,501.0
3049,270.4717,8.6379,0.0230,0.0150,3.1463,0.0647,0.0237,60.3274,0.0013,1,0.0457,3.4427,0.0457,0.8643,54.5052,0.0000,54.5052,1.2516,0.0000,0.0000,791,757,89640,16.68,501.0
3050,270.5353,63.6081,19.3288,0.0222,4.7609,0.0878,0.0375,95.9443,0.0021,1,0.0467,3.8378,0.0466,0.9112,57.2427,0.0000,57.2427,1.2487,0.0000,0.0000,791,757,89640,16.59,501.1
3051,270.6555,100.0000,0.0324,0.0212,3.1612,0.0901,0.0290,5.6358,0.0013,1,0.0466,3.4904,0.0452,0.7236,56.4571,0.0000,56.4571,1.2535,0.0000,0.0000,791,757,89640,16.54,501.1
3052,270.6645,8.9790,0.0234,0.0156,3.2266,0.0682,0.0266,54.9228,0.0013,1,0.0463,3.5977,0.0454,0.8272,55.6059,0.0000,55.6059,1.2553,0.0000,0.0000,791,757,89640,16.67,501.1
3053,270.7228,58.2913,0.0263,0.0153,2.9646,0.0696,0.0264,120.4045,0.0018,1,0.0442,3.4063,0.0451,0.8212,54.7869,0.0000,54.7869,1.2490,0.0000,0.0000,791,757,89640,16.69,501.1
3054,270.8463,100.0000,0.0320,0.0192,3.6443,0.0972,0.0302,6.1963,0.0015,1,0.0475,3.6453,0.0451,0.8962,56.6674,0.0000,56.6674,1.2504,0.0000,0.0000,791,757,89640,16.55,501.1
3055,270.8564,10.0280,0.0245,0.0148,3.1617,0.0675,0.0258,54.3004,0.0013,1,0.0481,3.6945,0.0451,0.9603,54.9856,0.0000,54.9856,1.2486,0.0000,0.0000,791,757,89640,16.69,501.1
3056,270.9139,57.6030,0.0250,0.0159,3.0003,0.0742,0.0262,119.8018,0.0017,1,0.0475,3.6086,0.0459,0.8049,54.8617,0.0000,54.8617,1.4004,0.0000,0.0000,791,757,89640,16.69,501.1
3057,271.0369,100.0000,0.2398,0.1763,4.0021,0.0820,0.0287,5.0735,0.0017,1,0.0461,3.9961,0.0451,0.8595,56.0368,0.0000,56.0368,1.2504,0.0000,0.0000,791,757,89640,16.59,501.1
3058,271.0465,9.6108,0.1566,0.0147,2.9290,0.0714,0.0249,56.2248,0.0014,1,0.0466,4.0428,0.0451,0.9104,53.9192,0.0000,53.9192,1.2446,0.0000,0.0000,791,757,89640,16.72,501.1
3059,271.1060,59.4298,0.0302,0.0142,3.3606,0.0613,0.0220,117.3012,0.0021,1,0.0449,3.6538,0.1858,0.7848,56.7908,0.0000,56.7908,1.2498,0.0000,0.0000,791,757,89640,16.73,504.2
3060,271.2267,100.0000,0.0336,0.0207,2.5964,0.0679,0.0241,3.8005,0.0012,1,0.0462,3.3976,0.0467,0.7084,54.4582,0.0000,54.4582,1.2435,0.0000,0.0000,791,757,89640,16.64,504.2
3061,271.2333,6.5519,0.0244,0.0153,3.3989,0.0703,0.0245,56.0323,0.0013,1,0.0445,3.4067,0.0452,0.7455,55.2299,0.0000,55.2299,1.2478,0.0000,0.0000,791,757,89640,16.76,504.2
3062,271.2929,59.5743,0.0255,0.0162,3.2967,0.0694,0.0239,59.2781,0.0013,1,0.0458,3.3755,0.0451,0.8356,55.3719,0.0000,55.3719,1.2512,0.0000,0.0000,791,757,89640,16.86,504.2
3063,271.3556,62.7181,0.0231,0.0172,3.6619,0.0665,0.0238,54.8952,0.0016,1,0.0433,3.6132,0.0451,0.7824,54.7316,0.0000,54.7316,1.2475,0.0000,0.0000,791,757,89640,16.73,504.2
3064,271.4143,58.6968,0.0281,0.0171,2.2215,0.0466,0.0184,63.6392,0.0010,1,0.0475,3.4487,0.0464,0.8663,55.1726,0.0000,55.1726,1.5572,0.0000,0.0000,791,757,89640,16.73,504.2
3065,271.4803,65.9789,0.0172,0.0134,3.0678,0.0600,0.0229,56.5512,0.0014,1,0.0446,3.5619,0.0470,0.7560,55.5188,0.0000,55.5188,1.2452,0.0000,0.0000,791,757,89640,16.72,504.2
3066,271.5400,59.7404,0.0234,0.0146,3.5042,0.0756,0.0233,59.6659,0.0014,1,0.0460,3.6051,0.0451,0.8701,57.5395,0.0000,57.5395,1.2469,0.0000,0.0000,791,757,89640,16.73,504.2
3067,271.6033,63.3146,0.0193,0.0133,2.7282,0.0597,0.0220,60.5202,0.0016,1,0.0504,3.7398,0.0437,1.0322,56.5122,0.0000,56.5122,1.2445,0.0000,0.0000,791,757,89640,16.73,504.2
3068,271.6667,63.3724,0.0403,0.0176,2.3529,0.1605,0.0254,61.6316,0.0032,1,0.0475,4.3096,0.0452,0.9401,55.5259,0.0000,55.5259,1.4273,0.0000,0.0000,791,757,89640,16.72,501.4
3069,271.7309,64.2435,0.0346,0.0269,2.7463,0.0649,0.0269,59.7007,0.0015,1,0.0438,3.6787,0.0451,0.8049,56.2605,0.0000,56.2605,1.2494,0.0000,0.0000,791,757,89640,16.75,501.4
3070,271.7935,62.6080,0.0225,0.0149,2.8930,0.0634,0.0239,135.4307,0.0014,1,0.0506,3.5972,0.0450,0.9730,56.5278,0.0000,56.5278,1.2462,0.0000,0.0000,791,757,89640,16.74,501.4
3071,271.9320,100.0000,0.0229,0.0170,2.9093,0.0689,0.0258,14.7489,0.0013,1,0.0453,3.6487,0.0468,0.8644,57.6176,0.0000,57.6176,1.2504,0.0000,0.0000,791,757,89640,16.63,501.4
3072,271.9498,17.8175,8.2731,0.0185,58.8562,0.0778,0.0254,162.0168,0.0020,1,0.0455,3.3435,0.0451,0.8499,57.6508,0.0000,57.6508,1.2434,0.0000,0.0000,791,757,89640,16.73,501.4
3073,272.1791,100.0000,0.2824,0.0204,3.8086,0.0645,0.0230,112.6645,0.0019,1,0.0455,3.3695,0.0452,0.7261,57.8000,0.0000,57.8000,1.2477,0.0000,0.0000,791,757,89640,16.66,501.4
3074,272.2960,100.0000,54.0548,0.0151,30.6505,0.0616,0.0222,6.8206,0.0019,1,0.0451,3.6602,0.0459,0.8478,56.5681,0.0000,56.5681,1.3990,0.0000,0.0000,791,757,89640,16.56,501.4
3075,272.3876,91.6364,0.0340,0.0185,7.8298,0.0598,0.0212,69.9465,0.0021,1,0.0452,3.6109,0.0467,1.0776,62.4380,0.0000,62.4380,1.4313,0.0000,0.0000,791,757,89640,16.49,496.1
3076,272.4655,77.9218,0.0268,0.0176,2.7638,0.0806,0.0347,10.0091,0.0012,1,0.0488,3.7238,0.0471,0.8456,58.2683,0.0000,58.2683,1.2530,0.0000,0.0000,791,757,89640,16.45,496.1
3077,272.4785,12.9489,0.0235,0.0148,3.0975,0.0592,0.0214,62.8501,0.0011,1,0.0453,3.6544,0.0454,0.8131,58.1340,0.0000,58.1340,1.2449,0.0000,0.0000,791,757,89640,16.57,496.1
3078,272.5446,66.0741,0.0206,0.0138,4.4415,0.0662,0.0225,53.1060,0.0012,1,0.0451,3.4835,0.0451,0.7331,57.9551,0.0000,57.9551,1.6522,0.0000,0.0000,791,757,89640,16.56,496.1
3079,272.6022,57.6778,0.0204,0.0221,2.9515,0.0703,0.0243,76.5084,0.0014,1,0.0449,3.5748,0.0461,0.7229,57.9398,0.0000,57.9398,1.2412,0.0000,0.0000,791,757,89640,16.65,496.1
3080,272.6818,79.6061,0.0232,0.0175,5.0015,0.0747,0.0277,61.2981,0.0019,1,0.0451,3.5782,0.0452,0.8541,57.7186,0.0000,57.7186,1.2474,0.0000,0.0000,791,757,89640,16.49,496.1
3081,273.1603,100.0000,0.1276,0.0162,10.3699,0.0708,0.0250,19.0093,0.0020,1,0.0454,4.2435,0.0458,0.7455,60.3297,0.0000,60.3297,1.2475,0.0000,0.0000,791,757,89640,16.40,496.1
3082,273.1900,29.6293,0.1928,0.0201,10.9647,0.0596,0.0225,54.4463,0.0021,1,0.0453,3.9854,0.0466,1.0588,61.4884,0.0000,61.4884,1.5634,0.0000,0.0000,791,757,89640,16.56,496.1
3083,273.2557,65.7187,0.0325,0.0191,3.8099,0.3320,0.0282,5.4486,0.0018,1,0.0458,3.4080,0.0462,1.0020,56.1761,0.0000,56.1761,1.2518,0.0000,0.0000,791,757,89640,16.43,496.1
3084,273.2654,9.6793,0.0216,0.0144,2.5861,0.0693,0.0260,273.4810,0.0019,1,0.0462,3.8769,0.0459,0.9039,56.4767,0.0000,56.4767,1.2482,0.0000,0.0000,791,757,89640,16.56,496.1
3085,273.5416,100.0000,0.1631,0.0177,8.5610,0.0630,0.0222,63.9153,0.0018,1,0.0444,3.3230,0.0453,0.7129,64.9302,0.0000,64.9302,1.4109,0.0000,0.0000,791,757,89640,16.56,496.1
3086,273.6143,72.7544,1.1724,0.0198,3.6053,0.0821,0.0291,5.6026,0.0012,1,0.0482,3.9830,0.0475,0.9508,58.3206,0.0000,58.3206,1.2449,0.0000,0.0000,791,757,89640,16.42,496.1
3087,273.6248,10.5197,0.1619,0.0132,8.1350,0.0621,0.0226,54.8158,0.0010,1,0.0453,4.2122,0.0458,0.9161,56.4276,0.0000,56.4276,1.2557,0.0000,0.0000,791,757,89640,16.53,496.1
3088,273.6881,63.2170,0.0238,0.0135,2.8917,0.0965,0.0250,67.3361,0.0012,1,0.0453,4.0495,0.0454,0.7132,59.7467,0.0000,59.7467,1.2431,0.0000,0.0000,791,757,89640,16.53,496.1
3089,273.7585,70.3954,0.0206,0.0150,116.9578,0.0654,0.0230,45.3390,0.0020,1,0.0457,3.9398,0.0464,1.1029,56.8578,0.0000,56.8578,1.2442,0.0000,0.0000,791,757,89640,16.51,496.1
3090,273.9210,100.0000,0.0868,0.0206,29.3036,0.1101,0.0239,92.7624,0.0015,1,0.0459,4.3145,0.0457,0.9667,55.5817,0.0000,55.5817,1.2445,0.0000,0.0000,791,757,89640,16.42,496.1
3091,274.0433,100.0000,0.0264,0.0178,8.1514,0.0641,0.0223,5.5160,0.0013,1,0.0486,3.6127,0.0457,0.7393,58.1109,0.0000,58.1109,1.2401,0.0000,0.0000,791,757,89640,16.37,496.1
3092,274.0571,13.8060,0.0238,0.0144,2.7392,0.0762,0.0240,60.1472,0.0012,1,0.0482,3.7654,0.0452,1.0580,58.4498,0.0000,58.4498,1.2461,0.0000,0.0000,791,757,89640,16.48,496.1
3093,274.1201,63.0330,0.1246,0.0149,2.4517,0.0599,0.0223,203.5169,0.0016,1,0.0458,3.5826,0.0452,0.9667,59.0218,0.0000,59.0218,1.2447,0.0000,0.0000,791,757,89640,16.46,496.1
3094,274.3263,100.0000,0.0541,0.0179,12.2054,0.3376,0.1325,5.9270,0.0013,1,0.0464,3.6397,0.0467,0.8682,57.6882,0.0000,57.6882,1.2486,0.0000,0.0000,791,757,89640,16.39,496.1
3095,274.3450,18.6833,0.0231,0.0140,8.7746,0.3956,0.0903,45.5125,0.0014,1,0.0469,3.8714,0.0459,0.9132,58.4217,0.0000,58.4217,1.2454,0.0000,0.0000,791,757,89640,16.48,496.1
3096,274.3998,54.8183,0.0199,0.0122,2.8699,0.0582,0.0208,124.8362,0.0014,1,0.0477,3.6100,0.0466,0.8049,57.4552,0.0000,57.4552,1.2427,0.0000,0.0000,791,757,89640,16.50,496.1
3097,274.5276,100.0000,0.0279,0.0186,6.9630,0.0609,0.0227,5.6903,0.0019,1,0.0469,4.1072,0.0452,0.9708,56.7593,0.0000,56.7593,1.2442,0.0000,0.0000,791,757,89640,16.42,496.1
3098,274.5404,12.7941,0.0249,0.0163,2.7368,0.0598,0.0209,58.2096,0.0012,1,0.0450,3.6389,0.0451,1.1031,58.5153,0.0000,58.5153,1.2420,0.0000,0.0000,791,757,89640,16.53,496.1
3099,274.6015,61.0760,0.0219,0.0135,4.3751,0.0643,0.0238,64.6977,0.0015,1,0.0468,3.6919,0.0452,0.9155,57.8868,0.0000,57.8868,1.2466,0.0000,0.0000,791,757,89640,16.54,496.1
3100,274.6707,69.2039,0.0191,0.0142,4.1626,0.1792,0.1356,59.4098,0.0013,1,0.0461,3.6023,0.0456,0.7801,58.7214,0.0000,58.7214,1.2446,0.0000,0.0000,791,757,89640,16.61,496.1
3101,274.7346,63.9294,0.0208,0.0140,2.7484,0.0607,0.0227,58.7270,0.0013,1,0.0444,3.6544,0.0452,0.9911,58.3932,0.0000,58.3932,1.2407,0.0000,0.0000,791,757,89640,16.49,496.1
3102,274.7962,61.6015,0.0208,0.0138,5.7044,0.0687,0.0202,68.0269,0.0013,1,0.0562,3.6065,0.0451,0.8251,56.3790,0.0000,56.3790,1.4032,0.0000,0.0000,791,757,89640,16.48,496.1
3103,274.8701,73.8638,0.0268,0.0144,3.5661,0.0591,0.0232,50.9111,0.0011,1,0.0437,3.7091,0.0451,0.7513,55.8498,0.0000,55.8498,1.2462,0.0000,0.0000,791,757,89640,16.54,497.0
3104,274.9247,54.6083,0.0250,0.0191,2.3675,0.0583,0.0215,79.5106,0.0012,1,0.0463,4.2674,0.0456,0.9224,57.9291,0.0000,57.9291,1.2449,0.0000,0.0000,791,757,89640,16.44,497.0
3105,275.0067,82.0089,0.0207,0.0128,2.3066,0.0556,0.0198,138.7156,0.0019,1,0.0436,3.7126,0.0453,1.1513,57.9235,0.0000,57.9235,1.2471,0.0000,0.0000,791,757,89640,16.39,497.0
3106,275.1479,100.0000,0.1871,0.0224,9.4288,0.0654,0.0235,256.0356,0.0020,1,0.0436,3.4124,0.0452,0.7007,58.2655,0.0000,58.2655,1.2474,0.0000,0.0000,791,757,89640,16.39,497.0
3107,275.4136,100.0000,0.0519,0.0200,11.0635,0.0711,0.0333,36.2843,0.0019,1,0.0469,4.0580,0.0452,1.0301,57.6295,0.0000,57.6295,1.2423,0.0000,0.0000,791,757,89640,16.19,497.0
3108,275.4612,47.5340,0.0208,0.0151,3.1985,0.0621,0.0225,248.9590,0.0017,1,0.0452,3.5908,0.0451,0.9220,58.6250,0.0000,58.6250,1.2503,0.0000,0.0000,791,757,89640,16.21,497.0
3109,275.7135,100.0000,0.0303,0.0196,3.5226,10.3402,0.0265,150.9070,0.0016,1,0.0453,3.3172,0.0452,0.8827,57.8401,0.0000,57.8401,1.2465,0.0000,0.0000,791,757,89640,16.21,497.0
3110,275.8783,100.0000,0.0391,0.0208,2.9975,0.0662,0.0273,9.7476,0.0016,1,0.0445,3.3902,0.0451,0.8684,58.4526,0.0000,58.4526,1.2406,0.0000,0.0000,791,757,89640,16.02,496.6
3111,275.8912,12.9193,0.0545,0.0175,3.4403,0.0634,0.0227,106.0299,0.0012,1,0.0455,3.3240,0.0454,0.8560,57.6886,0.0000,57.6886,1.2441,0.0000,0.0000,791,757,89640,16.13,496.6
3112,276.0009,100.0000,0.0246,0.0159,62.0293,0.0706,0.0637,15.8691,0.0019,1,0.0432,3.4962,0.0464,0.8294,56.9216,0.0000,56.9216,1.5504,0.0000,0.0000,791,757,89640,16.05,496.6
3113,276.0789,78.0826,0.0230,0.0160,3.9564,0.2071,0.0447,99.0909,0.0014,1,0.0452,3.6966,0.0451,0.8417,56.8037,0.0000,56.8037,1.2407,0.0000,0.0000,791,757,89640,16.03,496.6
3114,276.1823,100.0000,0.2282,0.0205,58.3844,0.0690,0.0262,19.1787,0.0013,1,0.0462,3.3468,0.0465,0.8478,58.1556,0.0000,58.1556,1.2467,0.0000,0.0000,791,757,89640,15.95,496.6
3115,276.2602,77.9157,3.6009,0.0174,9.5678,1.0403,0.0283,223.7619,0.0023,1,0.0449,3.7284,0.0451,0.9855,57.2191,0.0000,57.2191,1.3987,0.0000,0.0000,791,757,89640,15.91,496.6
3116,276.4983,100.0000,0.2827,0.0171,3.5498,0.0777,0.0306,8.8263,0.0016,1,0.0483,3.8593,0.0454,0.8724,57.6236,0.0000,57.6236,1.2461,0.0000,0.0000,791,757,89640,15.91,496.6
3117,276.5110,12.7926,0.0233,0.0145,4.3195,0.6791,0.0250,132.8120,0.0016,1,0.0460,3.5558,0.0457,0.8023,57.2278,0.0000,57.2278,1.2452,0.0000,0.0000,791,757,89640,16.10,496.6
3118,276.6489,100.0000,0.0402,0.0215,2.8629,0.1159,0.0469,73.2446,0.0022,1,0.0447,3.4467,0.0463,0.8726,58.0559,0.0000,58.0559,1.4109,0.0000,0.0000,791,757,89640,15.92,496.6
3119,276.7253,76.3430,0.0269,0.0192,4.9995,0.0627,0.0211,5.1585,0.0014,1,0.0702,3.9657,0.0455,0.9547,61.2267,0.0000,61.2267,1.2414,0.0000,0.0000,791,757,89640,15.90,496.6
3120,276.7356,10.2962,0.0234,0.0144,5.2311,0.2942,0.0209,58.8589,0.0017,1,0.0459,3.5036,0.0458,0.7152,58.2642,0.0000,58.2642,1.2401,0.0000,0.0000,791,757,89640,15.90,496.6
3121,276.8000,64.4513,0.0246,0.0136,2.6980,0.2173,0.0220,64.0499,0.0010,1,0.0452,4.1843,0.0451,0.8390,57.6891,0.0000,57.6891,1.2444,0.0000,0.0000,791,757,89640,15.89,496.6
3122,276.8671,67.0328,0.0203,0.0141,2.9979,0.0643,0.0271,59.4654,0.0014,1,0.0446,4.1609,0.0452,0.9871,57.5982,0.0000,57.5982,1.2442,0.0000,0.0000,791,757,89640,15.88,496.6
3123,276.9297,62.5969,0.0236,0.0128,3.4415,0.0583,0.0213,149.3407,0.0019,1,0.0452,3.4839,0.0451,0.8059,58.3593,0.0000,58.3593,1.2419,0.0000,0.0000,791,757,89640,15.88,496.6
3124,277.0826,100.0000,1.2816,0.0195,3.4843,0.0643,0.0235,12.3315,0.0015,1,0.0469,3.5897,0.0459,0.9769,61.1673,0.0000,61.1673,1.2395,0.0000,0.0000,791,757,89640,15.81,496.6
3125,277.0998,17.2134,1.5072,0.0668,3.9438,8.5649,0.0306,50.8509,0.0015,1,0.0443,3.7824,0.0451,0.7768,59.0872,0.0000,59.0872,1.2370,0.0000,0.0000,791,757,89640,15.98,496.6
3126,277.1647,64.9722,0.0207,0.0145,3.7011,0.0707,0.0286,49.9847,0.0018,1,0.0443,3.5605,0.0452,0.9667,58.8080,0.0000,58.8080,1.2394,0.0000,0.0000,791,757,89640,15.86,496.6
3127,277.2186,53.8295,0.0341,0.0162,2.9950,0.0698,0.0246,61.1127,0.0017,1,0.0436,3.3406,0.0455,0.7451,57.3911,0.0000,57.3911,1.5344,0.0000,0.0000,791,757,89640,15.88,495.8
3128,277.2828,64.2615,0.0227,0.0139,2.6818,0.0656,0.0234,66.9540,0.0013,1,0.0445,3.4332,0.0468,0.8561,57.7745,0.0000,57.7745,1.2444,0.0000,0.0000,791,757,89640,15.95,495.8
3129,277.3526,69.7698,0.0250,0.0146,2.8704,0.0689,0.0261,61.4832,0.0020,1,0.1901,4.4079,0.0471,0.7598,58.2030,0.0000,58.2030,1.2468,0.0000,0.0000,791,757,89640,15.83,495.8
3130,277.4171,64.4977,0.0267,0.0149,2.9918,0.0786,0.0252,59.6598,0.0015,1,0.0436,4.4756,0.0454,0.9335,56.7548,0.0000,56.7548,1.2388,0.0000,0.0000,791,757,89640,15.81,495.8
3131,277.4799,62.8055,0.0265,0.0163,3.1315,0.0770,0.0276,56.7027,0.0015,1,0.0450,3.5763,0.0455,0.8884,57.1507,0.0000,57.1507,1.2404,0.0000,0.0000,791,757,89640,15.81,495.8
3132,277.5399,59.9904,0.0282,0.0176,6.8643,0.0737,0.0267,122.5323,0.0022,1,0.0446,3.3941,0.0454,0.7946,57.9221,0.0000,57.9221,1.2467,0.0000,0.0000,791,757,89640,15.82,495.8
3133,277.6695,100.0000,0.0356,0.0208,2.9612,0.0901,0.0310,9.3330,0.0017,1,0.0432,3.5844,0.0439,0.9036,59.0765,0.0000,59.0765,1.2392,0.0000,0.0000,791,757,89640,15.82,495.8
3134,277.6820,12.5225,0.0240,0.0151,4.2030,0.0804,0.0257,64.3515,0.0020,1,0.0485,3.5821,0.0467,0.8847,58.1262,0.0000,58.1262,1.2411,0.0000,0.0000,791,757,89640,15.81,495.8
3135,277.7507,68.7090,0.0314,0.0149,4.4530,0.0729,0.0297,51.1452,0.0014,1,0.0427,3.6459,0.0440,0.8769,58.8609,0.0000,58.8609,1.2437,0.0000,0.0000,791,757,89640,15.78,495.7
3136,277.8064,55.7552,0.0239,0.0147,9.6215,0.3659,0.0242,53.4463,0.0012,1,0.0469,3.7601,0.0465,0.8856,57.6262,0.0000,57.6262,1.3921,0.0000,0.0000,791,757,89640,15.80,495.7
3137,277.8699,63.5052,0.0234,0.0150,2.9221,0.0678,0.0315,64.0284,0.0015,1,0.0469,3.5585,0.0452,0.8536,57.3692,0.0000,57.3692,1.3988,0.0000,0.0000,791,757,89640,15.80,495.7
3138,277.9370,67.1010,0.0247,0.0150,2.9689,0.0650,0.0267,64.7783,0.0014,1,0.0470,4.1813,0.0456,0.7624,57.6049,0.0000,57.6049,1.2401,0.0000,0.0000,791,757,89640,15.87,495.7
3139,278.0049,67.8864,0.0240,0.0156,2.9152,0.0623,0.0229,60.0119,0.0013,1,0.0484,4.1862,0.0451,1.0202,58.7099,0.0000,58.7099,1.2407,0.0000,0.0000,791,757,89640,15.74,495.7
3140,278.0680,63.0606,0.1352,0.0168,3.1714,0.0691,0.0254,80.4893,0.0012,1,0.0462,4.6360,0.0457,0.9919,55.8925,0.0000,55.8925,1.4321,0.0000,0.0000,791,757,89640,15.74,495.7
3141,278.1519,83.9233,0.5194,0.0172,4.1614,0.0640,0.0263,101.5280,0.0017,1,0.0428,3.9400,0.0453,0.8373,61.0973,0.0000,61.0973,1.2397,0.0000,0.0000,791,757,89640,15.69,495.7
3142,278.2582,100.0000,0.0417,0.0189,6.6187,0.0611,0.0220,4.5321,0.0017,1,0.0431,3.6892,0.0462,0.8924,57.6707,0.0000,57.6707,1.2410,0.0000,0.0000,791,757,89640,15.61,497.8
3143,278.2695,11.3030,0.0268,0.0141,2.5038,0.0608,0.0216,56.7666,0.0012,1,0.1771,4.0349,0.0451,1.0588,56.6011,0.0000,56.6011,1.2447,0.0000,0.0000,791,757,89640,15.71,497.8
3144,278.3289,59.4014,0.0216,0.0166,4.1590,0.0610,0.0233,121.9905,0.0014,1,0.0460,3.4686,0.0451,0.9547,56.8219,0.0000,56.8219,1.2358,0.0000,0.0000,791,757,89640,15.72,497.8
3145,278.4552,100.0000,0.0368,0.0181,2.9751,0.0866,0.0310,10.8239,0.0014,1,0.0450,3.5722,0.0453,0.8284,57.3947,0.0000,57.3947,1.2379,0.0000,0.0000,791,757,89640,15.64,497.8
3146,278.4692,13.9820,0.0209,0.0126,3.2688,0.0643,0.0224,60.9728,0.0013,1,0.0487,4.8667,0.0459,0.8952,59.5794,0.0000,59.5794,1.2401,0.0000,0.0000,791,757,89640,15.74,497.8
3147,278.5336,64.3699,0.0189,0.0142,2.6651,0.0795,0.0293,70.5476,0.0012,1,0.0478,3.8516,0.0471,1.0279,58.4197,0.0000,58.4197,1.2403,0.0000,0.0000,791,757,89640,15.74,497.8
3148,278.6069,73.3623,0.0233,0.0146,3.6691,1.2902,0.0300,47.7346,0.0012,1,0.0464,3.8625,0.0466,0.9339,59.6255,0.0000,59.6255,1.2427,0.0000,0.0000,791,757,89640,15.72,497.8
3149,278.6597,52.7695,0.0172,0.0131,5.8211,0.0627,0.0226,60.8281,0.0011,1,0.0483,4.1093,0.0454,0.9150,58.7470,0.0000,58.7470,1.2394,0.0000,0.0000,791,757,89640,15.75,497.8
3150,278.7265,66.7822,0.0778,0.0252,10.2251,0.0594,0.0263,53.9947,0.0015,1,0.0443,3.8150,0.0453,0.9273,59.8807,0.0000,59.8807,1.2448,0.0000,0.0000,791,757,89640,15.73,497.8
3151,278.7909,64.4191,0.0388,0.0188,2.3038,0.0843,0.0376,127.8292,0.0022,1,0.0436,3.5312,0.0465,0.8440,58.5302,0.0000,58.5302,1.2341,0.0000,0.0000,791,757,89640,15.81,498.0
3152,278.9212,100.0000,0.0287,0.0178,3.0899,0.0780,0.0288,8.5784,0.0015,1,0.0449,3.5770,0.0451,0.7284,56.4314,0.0000,56.4314,1.2393,0.0000,0.0000,791,757,89640,15.62,498.0
3153,278.9331,11.8306,0.0228,0.0132,3.2388,0.0592,0.0223,54.9409,0.0012,1,0.0459,3.7350,0.0451,0.7762,57.7738,0.0000,57.7738,1.2412,0.0000,0.0000,791,757,89640,15.72,498.0
3154,278.9914,58.3053,0.0241,0.0140,2.5971,0.0585,0.0207,67.3796,0.0013,1,0.0424,3.6981,0.0451,0.7690,57.5078,0.0000,57.5078,1.6955,0.0000,0.0000,791,757,89640,15.72,498.0
3155,279.0615,70.1020,0.1805,0.0146,5.5711,0.0615,0.0235,54.5565,0.0014,1,0.0436,3.3577,0.0451,0.7368,57.4827,0.0000,57.4827,1.2488,0.0000,0.0000,791,757,89640,15.70,498.0
3156,279.1219,60.4168,0.2092,0.0152,2.9607,0.0774,0.0240,65.0877,0.0013,1,0.0440,4.3972,0.0448,0.6963,57.8314,0.0000,57.8314,1.2381,0.0000,0.0000,791,757,89640,15.71,498.0
3157,279.1903,68.3822,0.0219,0.0141,4.0853,0.0617,0.0225,55.2462,0.0016,1,0.0464,3.7787,0.0453,1.0465,56.7130,0.0000,56.7130,1.2427,0.0000,0.0000,791,757,89640,15.69,498.0
3158,279.2497,59.4613,0.0228,0.0165,3.1228,0.0640,0.0221,120.9510,0.0017,1,0.0434,3.4321,0.0451,0.8385,56.3555,0.0000,56.3555,1.2404,0.0000,0.0000,791,757,89640,15.78,498.0
3159,279.4856,100.0000,0.0257,0.0134,2.7481,0.0594,0.0223,5.1808,0.0019,1,0.0454,3.2627,0.0458,0.7199,58.3427,0.0000,58.3427,1.2410,0.0000,0.0000,791,757,89640,15.59,498.9
3160,279.4937,8.0611,0.0285,0.0210,2.8591,0.0765,0.0285,62.9200,0.0021,1,0.0445,3.6548,0.0458,0.7503,65.4116,0.0000,65.4116,1.3796,0.0000,0.0000,791,757,89640,15.69,498.9
3161,279.5596,65.9455,0.0306,0.0195,2.6895,0.0780,0.0277,6.9043,0.0012,1,0.0437,3.6787,0.0467,1.1551,56.4318,0.0000,56.4318,1.2379,0.0000,0.0000,791,757,89640,15.76,498.9
3162,279.5694,9.7573,0.0191,0.0141,2.5723,0.0610,0.0223,58.1808,0.0018,1,0.0432,3.5787,0.0452,0.7537,57.8694,0.0000,57.8694,1.2380,0.0000,0.0000,791,757,89640,15.75,498.9
3163,279.6303,60.8829,0.0579,0.0132,7.3513,0.0587,0.0220,54.7792,0.0014,1,0.0447,3.3640,0.0451,0.7208,57.6191,0.0000,57.6191,1.2426,0.0000,0.0000,791,757,89640,15.75,498.9
3164,279.6926,62.2909,0.0230,0.0142,2.4088,0.0619,0.0229,61.8344,0.0017,1,0.0454,3.3919,0.0463,0.8116,56.5785,0.0000,56.5785,1.2427,0.0000,0.0000,791,757,89640,15.75,498.9
3165,279.7569,64.3750,0.0264,0.0155,3.0546,0.0691,0.0242,62.4526,0.0012,1,0.0442,3.8719,0.0453,0.7311,56.9477,0.0000,56.9477,1.2382,0.0000,0.0000,791,757,89640,15.75,498.9
3166,279.8226,65.6502,0.0226,0.0136,2.7562,0.0648,0.0229,63.2025,0.0014,1,0.0436,4.0862,0.0471,0.7937,57.9616,0.0000,57.9616,1.2382,0.0000,0.0000,791,757,89640,15.77,498.9
3167,279.8887,66.0910,0.0249,0.0162,2.9089,0.0752,0.0271,121.9280,0.0020,1,0.0447,3.8211,0.0451,0.9668,57.5158,0.0000,57.5158,1.2400,0.0000,0.0000,791,757,89640,15.83,498.9
3168,280.0137,100.0000,0.0462,0.0198,7.6027,0.1206,0.1804,7.0473,0.0014,1,0.0444,3.5655,0.0451,0.8636,57.3104,0.0000,57.3104,1.2388,0.0000,0.0000,791,757,89640,15.82,497.3
3169,280.0287,15.0299,1.0719,0.0170,8.0373,0.0768,0.0279,50.9950,0.0013,1,0.0470,3.7808,0.0455,0.9509,58.5082,0.0000,58.5082,1.2377,0.0000,0.0000,791,757,89640,15.81,497.3
3170,280.0889,60.2353,0.1345,0.0154,2.8859,0.0712,0.0244,122.8085,0.0018,1,0.0520,4.1711,0.0475,1.0180,58.2660,0.0000,58.2660,1.2393,0.0000,0.0000,791,757,89640,15.81,497.3
3171,280.2149,100.0000,0.0461,0.0189,7.9256,0.0663,0.0232,5.3024,0.0014,1,0.0468,5.3369,0.0451,1.0097,58.5697,0.0000,58.5697,1.2426,0.0000,0.0000,791,757,89640,15.81,497.3
3172,280.2283,13.3908,0.6024,0.0155,3.3298,0.0628,0.0232,54.5208,0.0014,1,0.0456,3.5553,0.0455,1.0590,58.7579,0.0000,58.7579,1.2377,0.0000,0.0000,791,757,89640,15.80,497.3
3173,280.2868,58.5632,0.0219,0.0164,2.3144,0.0537,0.0198,57.5192,0.0019,1,0.0448,3.4860,0.0451,0.8991,57.4502,0.0000,57.4502,1.2390,0.0000,0.0000,791,757,89640,15.80,497.3
3174,280.3468,59.9562,0.0358,0.0177,1.8875,0.0440,0.0173,60.7479,0.0017,1,0.0448,3.4482,0.0453,0.8280,57.0506,0.0000,57.0506,1.2314,0.0000,0.0000,791,757,89640,15.89,497.3
3175,280.4095,62.7597,0.0283,0.0161,1.8288,0.0530,0.0196,127.9497,0.0020,1,0.0439,3.5948,0.0454,0.7227,55.9668,0.0000,55.9668,1.2482,0.0000,0.0000,791,757,89640,15.78,497.3
3176,280.5395,100.0000,0.0284,0.0181,2.7666,0.0887,0.0311,3.6943,0.0012,1,0.0434,3.6881,0.0451,0.8274,56.9503,0.0000,56.9503,1.2354,0.0000,0.0000,791,757,89640,15.69,497.3
3177,280.5461,6.6355,0.0230,0.0151,2.1424,0.0525,0.0196,62.1081,0.0015,1,0.0428,3.5888,0.0462,0.7291,57.7495,0.0000,57.7495,1.2510,0.0000,0.0000,791,757,89640,15.88,497.3
3178,280.6105,64.3695,0.0369,0.0310,2.6460,0.0563,0.0219,124.9516,0.0016,1,0.0429,4.1589,0.0451,0.6910,56.8832,0.0000,56.8832,1.2309,0.0000,0.0000,791,757,89640,15.77,497.3
3179,280.7382,100.0000,0.0262,0.0188,3.2726,0.0635,0.0251,4.0915,0.0012,1,0.0456,3.9355,0.1818,1.0138,57.6432,0.0000,57.6432,1.2368,0.0000,0.0000,791,757,89640,15.69,497.3
3180,280.7457,7.5050,0.0230,0.0132,2.0336,0.0489,0.0188,53.9753,0.0022,1,0.0435,4.5577,0.0451,0.6964,55.6922,0.0000,55.6922,1.2363,0.0000,0.0000,791,757,89640,15.88,497.3
3181,280.8018,56.1242,3.0149,0.0149,3.2789,0.0564,0.0203,122.3038,0.0014,1,0.0460,3.7656,0.0453,1.1571,57.3497,0.0000,57.3497,1.2395,0.0000,0.0000,791,757,89640,15.77,497.3
3182,280.9305,100.0000,0.0278,0.0182,2.1542,0.0650,0.0252,7.2071,0.0012,1,0.0447,3.3497,0.0451,0.6934,57.3353,0.0000,57.3353,1.2421,0.0000,0.0000,791,757,89640,15.69,497.3
3183,280.9401,9.5056,0.0215,0.0143,2.9093,0.0662,0.0245,66.0369,0.0015,1,0.0431,3.4677,0.0453,0.7293,57.3925,0.0000,57.3925,1.2351,0.0000,0.0000,791,757,89640,15.80,497.3
3184,281.0092,69.0816,0.0211,0.0167,3.5373,0.0731,0.0288,54.7375,0.0016,1,0.0444,3.4085,0.0438,0.8617,55.9443,0.0000,55.9443,1.5375,0.0000,0.0000,791,757,89640,15.78,497.3
3185,281.0676,58.4236,0.1419,0.0176,4.1583,0.0755,0.0254,59.8146,0.0013,1,0.0536,4.3213,0.0455,0.7311,56.1374,0.0000,56.1374,1.2332,0.0000,0.0000,791,757,89640,15.79,497.3
3186,281.1318,64.2414,0.2282,0.0174,3.4550,0.0695,0.0247,94.3070,0.0012,1,0.0439,4.4378,0.0467,0.6974,56.5567,0.0000,56.5567,1.2285,0.0000,0.0000,791,757,89640,15.79,497.3
3187,281.2299,98.1105,0.0300,0.0159,4.0900,0.0689,0.0246,35.0789,0.0011,1,0.0443,3.4035,0.0451,0.7823,58.2038,0.0000,58.2038,1.2347,0.0000,0.0000,791,757,89640,15.71,499.4
3188,281.2692,39.3161,0.0249,0.0191,4.1739,0.0653,0.0235,110.6029,0.0016,1,0.0436,3.3543,0.0452,0.7374,58.5050,0.0000,58.5050,1.2393,0.0000,0.0000,791,757,89640,15.76,499.4
3189,281.3842,100.0000,0.0281,0.0181,4.4006,0.2201,0.0226,13.7441,0.0011,1,0.0442,3.7520,0.0451,1.1979,59.7201,0.0000,59.7201,1.2369,0.0000,0.0000,791,757,89640,15.69,499.4
3190,281.4026,18.4643,0.0257,0.0164,3.9096,0.0744,0.0262,114.0394,0.0019,1,0.0463,3.6054,0.0471,0.8095,61.9177,0.0000,61.9177,1.2365,0.0000,0.0000,791,757,89640,15.78,499.4
3191,281.5207,100.0000,0.0233,0.0175,6.2336,0.0595,0.0214,3.2858,0.0012,1,0.0565,4.9051,0.0452,1.3677,57.3760,0.0000,57.3760,1.2337,0.0000,0.0000,791,757,89640,15.78,499.4
3192,281.5304,9.6485,0.0203,0.0128,1.8856,0.0434,0.0167,54.3586,0.0016,1,0.0462,4.4211,0.0450,0.9931,55.9732,0.0000,55.9732,1.2283,0.0000,0.0000,791,757,89640,15.80,499.4
3193,281.5867,56.3472,0.0261,0.0168,4.0790,0.0719,0.0226,126.1115,0.0023,1,0.0437,3.4817,0.0452,0.8749,57.3504,0.0000,57.3504,1.2398,0.0000,0.0000,791,757,89640,15.89,499.4
3194,281.7170,100.0000,0.0325,0.0194,2.7203,0.0889,0.0283,13.4542,0.0018,1,0.0436,3.3697,0.0451,0.7068,58.4161,0.0000,58.4161,1.2345,0.0000,0.0000,791,757,89640,15.89,499.4
3195,281.7334,16.3547,0.0254,0.0186,16.7630,0.0649,0.0235,36.0354,0.0019,1,0.0455,3.5947,0.0467,0.7616,59.3664,0.0000,59.3664,1.2361,0.0000,0.0000,791,757,89640,16.05,499.4
3196,281.7863,52.9413,0.0298,0.0168,5.5371,0.0638,0.0240,120.8245,0.0017,1,0.0443,3.4447,0.0455,0.8043,56.9334,0.0000,56.9334,1.2344,0.0000,0.0000,791,757,89640,16.10,499.4
3197,281.9129,100.0000,0.0424,0.0183,2.4798,0.0552,0.0201,3.1312,0.0011,1,0.0421,3.4516,0.0452,0.7004,56.5889,0.0000,56.5889,1.3885,0.0000,0.0000,791,757,89640,15.92,499.1
3198,281.9186,5.7546,0.0225,0.0135,1.8089,0.0451,0.0183,61.5301,0.0018,1,0.0440,3.5960,0.0451,0.7250,57.6480,0.0000,57.6480,1.6314,0.0000,0.0000,791,757,89640,16.04,499.1
3199,281.9821,63.4468,0.0261,0.0156,2.3707,0.0515,0.0185,66.6579,0.0014,1,0.0431,3.3467,0.0451,0.8824,57.0561,0.0000,57.0561,1.2324,0.0000,0.0000,791,757,89640,16.03,499.1
3200,282.0512,69.1485,0.1273,0.0154,2.6009,0.0658,0.0231,65.0001,0.0012,1,0.0450,3.9914,0.0469,0.9996,58.5717,0.0000,58.5717,1.2318,0.0000,0.0000,791,757,89640,16.05,499.1
3201,282.1190,67.8403,0.2573,0.0158,3.0251,0.0769,0.0359,77.3496,0.0018,1,0.0453,4.1991,0.0458,0.8903,58.2912,0.0000,58.2912,1.2361,0.0000,0.0000,791,757,89640,16.12,499.1
3202,282.1998,80.7704,0.0298,0.0183,3.5357,0.0759,0.0279,39.8389,0.0017,1,0.0488,3.4872,0.0451,1.0107,58.6971,0.0000,58.6971,1.2325,0.0000,0.0000,791,757,89640,16.01,499.1
3203,282.2433,43.5346,0.0216,0.0160,3.1470,0.0651,0.0243,123.0747,0.0022,1,0.0445,3.3061,0.0454,0.9032,59.0317,0.0000,59.0317,1.2327,0.0000,0.0000,791,757,89640,16.06,499.1
3204,282.3697,100.0000,0.0303,0.0183,2.1452,0.0591,0.0232,7.5548,0.0011,1,0.0437,3.3509,0.0452,0.6984,57.5400,0.0000,57.5400,1.2293,0.0000,0.0000,791,757,89640,15.87,499.1
3205,282.3795,9.8462,0.0198,0.0137,2.2229,0.0488,0.0185,57.9750,0.0014,1,0.0463,3.4286,0.0453,0.8498,57.7004,0.0000,57.7004,1.2309,0.0000,0.0000,791,757,89640,16.06,499.1
3206,282.4399,60.3064,0.0258,0.0126,7.6550,0.0616,0.0217,60.0831,0.0015,1,0.0455,3.7513,0.0451,0.8151,57.1942,0.0000,57.1942,1.2429,0.0000,0.0000,791,757,89640,16.09,499.1
3207,282.5077,67.8677,0.0260,0.0167,6.7862,0.0594,0.0221,55.3014,0.0013,1,0.0461,3.9522,0.0451,0.9400,57.3115,0.0000,57.3115,1.5575,0.0000,0.0000,791,757,89640,15.97,499.1
3208,282.5699,62.2202,0.0214,0.0151,3.4862,0.0628,0.0229,79.4631,0.0014,1,0.0449,3.3839,0.0451,0.8274,56.5468,0.0000,56.5468,1.2333,0.0000,0.0000,791,757,89640,15.97,499.1
3209,282.6530,83.0798,0.0216,0.0156,2.9847,0.0719,0.0254,45.6461,0.0015,1,0.0460,4.0409,0.0452,0.8765,57.4560,0.0000,57.4560,1.2396,0.0000,0.0000,791,757,89640,15.94,499.1
3210,282.7018,48.7737,0.0251,0.0150,4.0313,0.0743,0.0269,121.2006,0.0022,1,0.0454,3.6055,0.0459,1.0551,58.5771,0.0000,58.5771,1.2350,0.0000,0.0000,791,757,89640,16.05,499.1
3211,282.8272,100.0000,0.0349,0.0220,9.8869,0.0854,0.0319,11.5179,0.0017,1,0.0444,3.4043,0.0450,0.8885,58.5577,0.0000,58.5577,1.2381,0.0000,0.0000,791,757,89640,16.05,499.1
3212,282.8488,21.5906,0.0271,0.0174,5.2832,0.0847,0.0308,63.9732,0.0017,1,0.0440,4.1148,0.0467,0.8187,57.5800,0.0000,57.5800,1.2320,0.0000,0.0000,791,757,89640,16.03,499.1
3213,282.9182,69.4253,0.0302,0.0175,3.7192,0.0746,0.0264,43.7674,0.0015,1,0.0441,3.5612,0.0452,0.7537,58.6960,0.0000,58.6960,1.2325,0.0000,0.0000,791,757,89640,16.02,499.1
3214,282.9659,47.6450,0.0353,0.0169,3.6886,0.0733,0.0261,59.8678,0.0012,1,0.0450,3.3266,0.0451,0.7356,58.1514,0.0000,58.1514,1.2370,0.0000,0.0000,791,757,89640,16.13,499.1
3215,283.0296,63.7153,0.0199,0.0151,3.2015,0.0644,0.0236,56.4722,0.0012,1,0.0463,3.6024,0.0455,0.9733,57.1964,0.0000,57.1964,1.2351,0.0000,0.0000,791,757,89640,16.04,499.1
3216,283.0894,59.8046,0.1391,0.0147,2.9539,0.0667,0.0259,63.8277,0.0014,1,0.0453,3.7720,0.0461,0.7721,59.0640,0.0000,59.0640,1.2430,0.0000,0.0000,791,757,89640,16.02,499.1
3217,283.1564,67.0361,0.1512,0.0143,3.1489,0.0638,0.0230,63.8708,0.0011,1,0.0448,3.3858,0.0457,0.8214,56.5286,0.0000,56.5286,1.2446,0.0000,0.0000,791,757,89640,16.10,499.1
3218,283.2237,67.2801,0.0210,0.0137,3.0591,0.0669,0.0243,59.6083,0.0017,1,0.0435,3.9358,0.0451,0.7513,58.1369,0.0000,58.1369,1.2387,0.0000,0.0000,791,757,89640,15.98,499.1
3219,283.2865,62.8026,0.0283,0.0188,3.7213,0.0715,0.0264,61.4854,0.0012,1,0.0448,4.1825,0.0451,0.9954,57.4755,0.0000,57.4755,1.2380,0.0000,0.0000,791,757,89640,15.97,499.1
3220,283.3518,65.3592,0.0211,0.0142,2.6896,0.0682,0.0238,64.9045,0.0014,1,0.0479,3.6454,0.0468,1.1191,58.9353,0.0000,58.9353,1.2309,0.0000,0.0000,791,757,89640,15.98,499.1
3221,283.4196,67.7285,0.0194,0.0137,3.8067,0.0649,0.0234,77.0963,0.0014,1,0.0480,3.4411,0.0452,0.7764,58.4003,0.0000,58.4003,1.2394,0.0000,0.0000,791,757,89640,15.97,499.1
3222,283.5006,81.0320,0.1892,0.0142,3.2251,0.0687,0.0256,40.7165,0.0014,1,0.0461,3.4038,0.0456,0.6943,58.7840,0.0000,58.7840,1.2285,0.0000,0.0000,791,757,89640,15.93,500.8
3223,283.5449,44.2479,0.0253,0.0155,7.5883,0.0696,0.0243,119.9154,0.0013,1,0.0438,3.5604,0.0451,0.7581,58.2636,0.0000,58.2636,1.4063,0.0000,0.0000,791,757,89640,16.00,500.8
3224,283.6725,100.0000,0.0303,0.0192,6.0217,0.1249,0.0304,49.2854,0.0014,1,0.0478,3.6311,0.0466,1.0400,56.6079,0.0000,56.6079,1.5373,0.0000,0.0000,791,757,89640,15.90,500.8
3225,283.7280,55.5213,0.0281,0.0176,11.5327,0.0731,0.0260,87.7321,0.0014,1,0.0453,3.3649,0.0449,0.7926,61.3186,0.0000,61.3186,1.2351,0.0000,0.0000,791,757,89640,15.96,500.8
3226,283.8275,99.4190,0.0274,0.0179,7.0730,0.0855,0.0298,6.7867,0.0014,1,0.0459,3.8887,0.0452,0.8721,59.4887,0.0000,59.4887,1.2327,0.0000,0.0000,791,757,89640,15.96,500.8
3227,283.8415,14.0302,0.0268,0.0155,3.1723,0.1087,0.0267,57.3511,0.0013,1,0.0479,3.4600,0.0454,0.8431,58.3057,0.0000,58.3057,1.2344,0.0000,0.0000,791,757,89640,16.14,500.8
3228,283.9022,60.7095,0.0254,0.0157,3.0753,0.0778,0.0269,61.2067,0.0017,1,0.0454,3.3994,0.0451,0.7150,57.5254,0.0000,57.5254,1.2320,0.0000,0.0000,791,757,89640,16.11,500.8
3229,283.9666,64.4592,0.0266,0.0170,4.1966,0.0788,0.0285,118.1658,0.0022,1,0.0437,3.3796,0.0453,0.8845,56.5481,0.0000,56.5481,1.2406,0.0000,0.0000,791,757,89640,16.19,500.8
3230,284.0892,100.0000,0.2521,0.0199,7.0613,0.0783,0.0286,9.2780,0.0014,1,0.0449,3.5802,0.0451,0.7765,58.3925,0.0000,58.3925,1.3827,0.0000,0.0000,791,757,89640,16.19,500.8
3231,284.1059,16.7273,0.1464,0.0185,5.2249,0.0814,0.0276,106.3002,0.0015,1,0.0459,3.3864,0.0465,0.8499,58.4242,0.0000,58.4242,1.5392,0.0000,0.0000,791,757,89640,16.18,500.8
3232,284.2177,100.0000,0.0222,0.0151,4.1336,0.0952,0.0303,8.1486,0.0013,1,0.0459,3.5394,0.0453,0.9031,58.0586,0.0000,58.0586,1.3789,0.0000,0.0000,791,757,89640,16.18,500.8
3233,284.2302,12.4541,0.0248,0.0158,6.8406,0.0766,0.0288,58.6364,0.0011,1,0.0454,3.7084,0.0457,0.8046,56.9473,0.0000,56.9473,1.2427,0.0000,0.0000,791,757,89640,16.33,500.8
3234,284.2958,65.6310,0.0257,0.0154,8.1784,0.0773,0.0276,118.4643,0.0018,1,0.0440,4.0315,0.0451,0.8252,58.4888,0.0000,58.4888,1.2313,0.0000,0.0000,791,757,89640,16.40,500.8
3235,284.4226,100.0000,0.0328,0.0207,3.9619,0.0725,0.0305,4.7219,0.0014,1,0.0460,3.7953,0.0451,1.0172,57.6011,0.0000,57.6011,1.2345,0.0000,0.0000,791,757,89640,16.35,500.8
3236,284.4315,8.8487,4.5292,0.0200,3.6486,0.0654,0.0239,52.1655,0.0012,1,0.0464,3.5548,0.0454,0.8930,56.5713,0.0000,56.5713,1.3849,0.0000,0.0000,791,757,89640,16.56,500.8
3237,284.4919,60.4604,0.0240,0.0143,2.9250,0.0662,0.0237,64.5416,0.0011,1,0.0451,3.6414,0.0452,0.7820,56.0830,0.0000,56.0830,1.2368,0.0000,0.0000,791,757,89640,16.45,500.8
3238,284.5595,67.6034,0.0195,0.0144,2.3169,0.0508,0.0180,63.0316,0.0011,1,0.0465,4.4856,0.0451,0.9208,58.0346,0.0000,58.0346,1.2292,0.0000,0.0000,791,757,89640,16.53,500.8
3239,284.6250,65.4580,0.0188,0.0129,2.6322,0.0684,0.0221,59.8387,0.0011,1,0.0442,3.6397,0.0471,1.0048,58.0471,0.0000,58.0471,1.2290,0.0000,0.0000,791,757,89640,16.55,500.8
3240,284.6876,62.6007,0.0305,0.0138,2.4032,0.0586,0.0199,87.3385,0.0023,1,0.0445,3.5836,0.0461,0.8970,59.8278,0.0000,59.8278,1.2367,0.0000,0.0000,791,757,89640,16.43,500.4
3241,284.7774,89.8749,0.0244,0.0147,2.9658,0.1791,0.0257,50.3242,0.0015,1,0.0437,3.3121,0.0462,0.8766,57.4029,0.0000,57.4029,1.2328,0.0000,0.0000,791,757,89640,16.37,500.4
3242,285.4005,100.0000,0.3768,0.0455,8.4951,0.1514,0.0257,5.7179,0.0020,1,0.0444,3.3219,0.0451,0.6980,58.5722,0.0000,58.5722,1.2297,0.0000,0.0000,791,757,89640,16.30,500.4
3243,285.4153,14.8245,0.0355,0.0205,4.9145,1.0908,0.0302,63.5734,0.0020,1,0.0450,3.3985,0.0451,0.7176,59.6213,0.0000,59.6213,1.2300,0.0000,0.0000,791,757,89640,16.41,500.4
3244,285.4850,69.6767,0.0333,0.0195,7.6630,0.0636,0.0233,4.9989,0.0013,1,0.0471,3.6614,0.2255,0.8787,59.2502,0.0000,59.2502,1.2360,0.0000,0.0000,791,757,89640,16.48,500.4
3245,285.4978,12.8105,0.0237,0.0141,2.6774,0.0636,0.0235,62.3009,0.0018,1,0.0458,4.2948,0.0458,0.9737,57.3212,0.0000,57.3212,1.2352,0.0000,0.0000,791,757,89640,16.49,500.4
3246,285.5630,65.1128,0.0255,0.0170,3.1434,0.0705,0.0265,58.7242,0.0012,1,0.0474,3.7757,0.0452,0.9292,58.1128,0.0000,58.1128,1.2362,0.0000,0.0000,791,757,89640,16.49,500.4
3247,285.6250,62.0150,0.0212,0.0146,3.9119,0.1001,0.0271,69.4563,0.0017,1,0.0462,3.3899,0.0451,0.7635,57.7541,0.0000,57.7541,1.2294,0.0000,0.0000,791,757,89640,16.47,500.4
3248,285.6985,73.5403,0.0277,0.0168,3.4203,0.0816,0.0273,50.3739,0.0015,1,0.0471,3.4130,0.0454,0.8069,61.0893,0.0000,61.0893,1.3984,0.0000,0.0000,791,757,89640,16.45,500.4
3249,285.7525,53.9559,0.0330,0.0168,3.9441,0.0782,0.0292,61.8718,0.0017,1,0.0460,3.6508,0.0466,0.7730,60.3246,0.0000,60.3246,1.2300,0.0000,0.0000,791,757,89640,16.48,511.0
3250,285.8185,65.9822,0.0298,0.0161,4.6208,0.0740,0.0306,61.3320,0.0019,1,0.0480,3.8261,0.0453,0.9199,57.7009,0.0000,57.7009,1.2344,0.0000,0.0000,791,757,89640,16.48,511.0
3251,285.8846,66.1143,0.0291,0.0202,5.7007,0.0698,0.0269,125.5476,0.0021,1,0.0476,3.9444,0.0456,0.7890,58.4783,0.0000,58.4783,1.2354,0.0000,0.0000,791,757,89640,16.47,511.0
3252,286.0160,100.0000,0.0300,0.0187,3.3711,0.0687,0.0285,14.6276,0.0015,1,0.0452,3.3474,0.0469,0.7218,56.8487,0.0000,56.8487,1.2362,0.0000,0.0000,791,757,89640,16.38,511.0
3253,286.0341,18.1536,1.1160,0.0295,12.5980,0.0710,0.0245,47.2746,0.0017,1,0.0472,3.6599,0.0451,0.8067,59.6791,0.0000,59.6791,1.2327,0.0000,0.0000,791,757,89640,16.57,511.0
3254,286.0952,61.1214,0.1939,0.0142,5.0735,0.0541,0.0177,58.2208,0.0013,1,0.0470,3.6741,0.0456,0.7565,60.3425,0.0000,60.3425,1.2259,0.0000,0.0000,791,757,89640,16.46,511.0
3255,286.1588,63.5822,0.8107,0.1971,5.9142,0.0720,0.0307,51.7334,0.0015,1,0.0437,3.6522,0.0452,0.7254,57.4946,0.0000,57.4946,1.2316,0.0000,0.0000,791,757,89640,16.47,511.0
3256,286.2176,58.7656,0.0208,0.0136,1.9456,0.0494,0.0189,63.7650,0.0012,1,0.0446,3.4021,0.0452,0.7043,59.2733,0.0000,59.2733,1.2309,0.0000,0.0000,791,757,89640,16.46,511.0
3257,286.2834,65.8212,0.0258,0.0156,2.2900,0.0541,0.0206,60.5381,0.0019,1,0.0490,3.4441,0.0458,0.8202,56.2758,0.0000,56.2758,1.3795,0.0000,0.0000,791,757,89640,16.46,511.0
3258,286.3464,62.9548,0.0434,0.0181,2.8469,0.0733,0.0260,68.5696,0.0016,1,0.0479,3.9397,0.0453,0.9350,56.9784,0.0000,56.9784,1.2367,0.0000,0.0000,791,757,89640,16.46,521.8
3259,286.4179,71.5864,0.0682,0.0157,11.0720,0.0704,0.0267,50.9994,0.0012,1,0.0450,4.4114,0.0456,0.7967,58.5364,0.0000,58.5364,1.2358,0.0000,0.0000,791,757,89640,16.46,521.8
3260,286.4802,62.2600,0.0217,0.0132,2.1225,0.0624,0.0216,119.9883,0.0014,1,0.0469,4.5973,0.0455,0.8343,56.0494,0.0000,56.0494,1.2269,0.0000,0.0000,791,757,89640,16.46,521.8
3261,286.6024,100.0000,0.0263,0.0181,2.5260,0.0808,0.0327,7.8152,0.0014,1,0.0435,3.3503,0.0451,0.7618,57.2960,0.0000,57.2960,1.2222,0.0000,0.0000,791,757,89640,16.42,521.8
3262,286.6129,10.5071,0.0199,0.0145,2.2468,0.0595,0.0246,57.0123,0.0021,1,0.0463,3.7418,0.0458,0.9492,58.9575,0.0000,58.9575,1.2347,0.0000,0.0000,791,757,89640,16.63,521.8
3263,286.6723,59.3894,0.0367,0.0219,6.2781,0.0666,0.0303,68.2069,0.0012,1,0.0489,3.8831,0.0451,1.1345,58.8796,0.0000,58.8796,1.2272,0.0000,0.0000,791,757,89640,16.52,521.8
3264,286.7470,74.6496,0.0243,0.0155,2.9222,0.0556,0.0203,53.4567,0.0012,1,0.0485,4.0084,0.0452,0.9540,57.8403,0.0000,57.8403,1.2323,0.0000,0.0000,791,757,89640,16.48,521.8
3265,286.8035,56.5024,0.0210,0.0138,2.6567,0.0582,0.0212,62.1447,0.0013,1,0.0452,3.4244,0.0454,0.8417,57.3926,0.0000,57.3926,1.2355,0.0000,0.0000,791,757,89640,16.58,521.8
3266,286.8684,64.9235,0.0183,0.0131,1.7991,0.0515,0.0178,65.0515,0.0012,1,0.0519,3.4007,0.0453,1.0148,56.6141,0.0000,56.6141,1.3722,0.0000,0.0000,791,757,89640,16.46,521.8
3267,286.9354,66.9590,0.0298,0.0126,1.8162,0.0452,0.0177,60.1032,0.0013,1,0.0481,4.4199,0.0451,0.8051,56.0481,0.0000,56.0481,1.2264,0.0000,0.0000,791,757,89640,16.46,529.8
3268,286.9974,62.0327,0.0197,0.0158,2.5411,0.0589,0.0222,57.0230,0.0017,1,0.0490,3.5838,0.0451,0.9728,58.0710,0.0000,58.0710,1.2268,0.0000,0.0000,791,757,89640,16.48,529.8
3269,287.0571,59.7277,1.4655,0.0166,4.4270,0.0663,0.0236,59.0875,0.0014,1,0.0438,3.4127,0.0451,0.8523,57.7681,0.0000,57.7681,1.2303,0.0000,0.0000,791,757,89640,16.47,529.8
3270,287.1222,65.0950,0.1964,0.0149,7.3227,0.0636,0.0239,57.7570,0.0013,1,0.0454,3.4283,0.0454,0.8397,57.8228,0.0000,57.8228,1.2311,0.0000,0.0000,791,757,89640,16.47,529.8
3271,287.1876,65.3865,0.0218,0.0146,2.8538,0.0713,0.0546,61.5795,0.0027,1,0.0492,3.3162,0.0453,0.8014,56.8845,0.0000,56.8845,1.5245,0.0000,0.0000,791,757,89640,16.47,529.8
3272,287.2523,64.6305,0.0270,0.0136,43.6541,0.0611,0.0227,19.5085,0.0014,1,0.0446,3.6643,0.0451,0.7108,56.6507,0.0000,56.6507,1.2311,0.0000,0.0000,791,757,89640,16.55,529.8
3273,287.3156,63.2960,0.0217,0.0143,2.6650,0.0756,0.0220,149.7412,0.0017,1,0.0459,4.4598,0.0453,0.9933,56.2463,0.0000,56.2463,1.2263,0.0000,0.0000,791,757,89640,16.43,529.8
3274,287.4681,100.0000,0.0305,0.0211,4.5860,0.0711,0.0248,11.6350,0.0018,1,0.0451,3.3197,0.0452,0.7844,57.4252,0.0000,57.4252,1.2295,0.0000,0.0000,791,757,89640,16.34,529.8
3275,287.4845,16.3780,0.0241,0.0166,3.1046,0.0685,0.0242,61.8048,0.0014,1,0.0451,3.5430,0.0460,0.7682,59.3676,0.0000,59.3676,1.2312,0.0000,0.0000,791,757,89640,16.46,529.8
3276,287.5495,65.0514,0.0289,0.0156,3.8041,0.0867,0.0271,68.0478,0.0016,1,0.0442,3.4324,0.0450,0.7598,58.4047,0.0000,58.4047,1.5382,0.0000,0.0000,791,757,89640,16.45,528.4
3277,287.6216,72.0182,0.0282,0.0155,4.2698,0.0717,0.0317,45.4217,0.0013,1,0.0456,3.3776,0.0455,0.8133,58.8678,0.0000,58.8678,1.6835,0.0000,0.0000,791,757,89640,16.44,528.4
3278,287.6714,49.8466,0.0241,0.0132,3.0251,0.0682,0.0246,64.6809,0.0013,1,0.0445,3.6766,0.0457,0.7145,57.6564,0.0000,57.6564,1.2319,0.0000,0.0000,791,757,89640,16.46,528.4
3279,287.7392,67.8447,0.0241,0.0151,2.6900,0.0606,0.0229,63.4414,0.0016,1,0.0471,4.7350,0.0457,0.9318,59.0537,0.0000,59.0537,1.2287,0.0000,0.0000,791,757,89640,16.54,528.4
3280,287.8055,66.2627,0.0260,0.0160,3.0668,0.0697,0.0264,145.9500,0.0013,1,0.0447,4.6085,0.0451,0.7602,58.0252,0.0000,58.0252,1.2313,0.0000,0.0000,791,757,89640,16.41,528.4
3281,287.9547,100.0000,0.0294,0.0190,3.0698,0.0872,0.0665,94.4514,0.0016,1,0.0454,3.9731,0.1808,0.9780,56.2107,0.0000,56.2107,1.2281,0.0000,0.0000,791,757,89640,16.33,528.4
3282,288.0524,97.7323,0.0567,0.0139,3.4751,0.0655,0.0224,8.6411,0.0018,1,0.0450,3.5142,0.0451,0.8525,58.3581,0.0000,58.3581,1.2281,0.0000,0.0000,791,757,89640,16.14,528.4
3283,288.0647,12.2839,0.1985,0.0163,2.9455,0.0661,0.0238,56.1716,0.0014,1,0.0455,6.3175,0.0468,0.8845,57.8954,0.0000,57.8954,1.2314,0.0000,0.0000,791,757,89640,16.24,528.4
3284,288.1241,59.4307,0.1263,0.0162,10.8262,0.0673,0.0244,51.7003,0.0014,1,0.0449,4.3806,0.0451,0.8316,57.2783,0.0000,57.2783,1.2351,0.0000,0.0000,791,757,89640,16.25,528.4
3285,288.1869,62.7681,0.0211,0.0142,2.8054,0.0662,0.0244,97.8352,0.0017,1,0.0455,3.4759,0.0456,1.0258,58.3094,0.0000,58.3094,1.2244,0.0000,0.0000,791,757,89640,16.25,528.4
3286,288.2877,100.0000,0.0232,0.0164,3.8317,0.0744,0.0280,25.4970,0.0011,1,0.0442,3.4249,0.0466,0.9664,58.1452,0.0000,58.1452,1.2285,0.0000,0.0000,791,757,89640,16.18,528.4
3287,288.3171,29.4786,0.0247,0.0144,3.4210,0.0710,0.0256,55.4396,0.0013,1,0.0500,3.7440,0.0457,0.8376,57.4420,0.0000,57.4420,1.3806,0.0000,0.0000,791,757,89640,16.26,528.4
3288,288.3761,59.0048,0.0228,0.0148,2.2186,0.0556,0.0205,64.0305,0.0016,1,0.0493,3.4010,0.0465,0.8955,58.6799,0.0000,58.6799,1.2326,0.0000,0.0000,791,757,89640,16.35,528.4
3289,288.4425,66.3716,0.0213,0.0161,2.9562,0.0650,0.0389,62.4821,0.0012,1,0.0499,4.6566,0.0451,1.1898,58.2334,0.0000,58.2334,1.3732,0.0000,0.0000,791,757,89640,16.23,528.4
3290,288.5081,65.5870,0.0195,0.0135,2.8672,0.0638,0.0240,59.3816,0.0025,1,0.0478,3.8993,0.0441,0.9317,56.9599,0.0000,56.9599,1.3735,0.0000,0.0000,791,757,89640,16.22,528.4
3291,288.5705,62.3825,0.0252,0.0141,2.7172,0.0962,0.0250,64.1471,0.0011,1,0.0465,3.9183,0.0465,1.1158,55.6757,0.0000,55.6757,1.2262,0.0000,0.0000,791,757,89640,16.31,528.4
3292,288.6375,67.0319,0.0252,0.0146,2.7180,0.0573,0.0201,118.1645,0.0017,1,0.0506,3.8708,0.0455,1.2199,57.3309,0.0000,57.3309,1.2282,0.0000,0.0000,791,757,89640,16.19,553.8
3293,288.7585,100.0000,0.0294,0.0191,2.3682,0.0644,0.0251,7.2041,0.0012,1,0.0439,3.3023,0.0462,0.7311,57.2287,0.0000,57.2287,1.2314,0.0000,0.0000,791,757,89640,16.10,553.8
3294,288.7682,9.7180,0.0215,0.0147,2.6586,0.0637,0.0207,54.2525,0.0011,1,0.0461,3.3773,0.0459,0.7045,56.3059,0.0000,56.3059,1.2224,0.0000,0.0000,791,757,89640,16.21,553.8
3295,288.8253,57.0394,0.0214,0.0129,2.2580,0.0570,0.0205,64.0358,0.0012,1,0.0457,3.4879,0.0453,0.8550,60.0641,0.0000,60.0641,1.2203,0.0000,0.0000,791,757,89640,16.22,553.8
3296,288.8917,66.4137,0.0225,0.0130,2.0788,0.0490,0.0183,64.1118,0.0011,1,0.0450,3.4224,0.0451,0.8046,57.5350,0.0000,57.5350,1.5153,0.0000,0.0000,791,757,89640,16.29,553.8
3297,288.9580,66.3006,0.0215,0.0133,2.0559,0.0569,0.0178,63.5432,0.0013,1,0.0454,3.6283,0.0457,0.9325,55.7881,0.0000,55.7881,1.2235,0.0000,0.0000,791,757,89640,16.16,553.8
3298,289.0237,65.7174,0.0268,0.0144,3.6740,0.0639,0.0228,53.0803,0.0019,1,0.0446,4.1699,0.0451,0.9588,57.1797,0.0000,57.1797,1.2348,0.0000,0.0000,791,757,89640,16.16,553.8
3299,289.0806,56.8921,0.1756,0.0161,5.3994,0.0457,0.0172,123.5123,0.0017,1,0.0456,3.4167,0.0457,0.8780,56.4874,0.0000,56.4874,1.2242,0.0000,0.0000,791,757,89640,16.25,553.8
3300,289.2098,100.0000,0.0534,0.0179,2.5932,0.0692,0.0257,14.4632,0.0011,1,0.0460,3.2676,0.0470,0.7028,57.3878,0.0000,57.3878,1.2267,0.0000,0.0000,791,757,89640,16.05,553.8
3301,289.2270,17.2330,0.0186,0.0134,2.3234,0.0567,0.0218,49.9455,0.0012,1,0.0462,3.5383,0.0461,0.8602,59.1311,0.0000,59.1311,1.2276,0.0000,0.0000,791,757,89640,16.14,553.8
3302,289.2794,52.4301,0.0241,0.0147,10.9418,0.0609,0.0223,117.4436,0.0021,1,0.0504,3.5988,0.0461,0.9197,57.4106,0.0000,57.4106,1.2279,0.0000,0.0000,791,757,89640,16.24,553.8
3303,289.4080,100.0000,0.0441,0.0190,2.6695,0.0747,0.0301,10.5694,0.0012,1,0.0451,3.5615,0.0454,0.6811,56.5816,0.0000,56.5816,1.2323,0.0000,0.0000,791,757,89640,16.04,553.8
3304,289.4214,13.4153,0.0958,0.0139,2.2151,0.0445,0.0169,51.8468,0.0013,1,0.0471,3.8551,0.0451,0.8119,58.1198,0.0000,58.1198,1.2272,0.0000,0.0000,791,757,89640,16.16,553.8
3305,289.4756,54.2418,0.0217,0.0166,2.1352,0.0512,0.0185,127.6045,0.0024,1,0.0471,3.5166,0.0452,0.8100,57.5606,0.0000,57.5606,1.7164,0.0000,0.0000,791,757,89640,16.17,553.8
3306,289.6055,100.0000,0.0444,0.0209,2.2773,0.0692,0.0243,4.1584,0.0010,1,0.0466,3.3790,0.0451,0.7148,55.8876,0.0000,55.8876,1.2273,0.0000,0.0000,791,757,89640,16.10,553.8
3307,289.6121,6.6014,0.0209,0.0123,1.7681,0.0445,0.0173,64.9885,0.0010,1,0.0494,3.8700,0.0453,0.7459,57.6924,0.0000,57.6924,1.5341,0.0000,0.0000,791,757,89640,16.30,553.8
3308,289.6790,66.8909,0.0179,0.0125,4.2082,0.0536,0.0200,58.7869,0.0012,1,0.0455,3.4245,0.0454,0.7879,57.6233,0.0000,57.6233,1.2300,0.0000,0.0000,791,757,89640,16.23,553.8
3309,289.7421,63.1065,0.0178,0.0131,1.8004,0.0436,0.0170,60.9993,0.0012,1,0.0461,4.8292,0.0468,0.7493,56.3945,0.0000,56.3945,1.2283,0.0000,0.0000,791,757,89640,16.32,553.8
3310,289.8050,62.8984,0.0239,0.0135,2.4405,0.0588,0.0217,121.7710,0.0015,1,0.0458,3.6270,0.0451,1.1817,57.4902,0.0000,57.4902,1.2253,0.0000,0.0000,791,757,89640,16.22,555.7
3311,289.9293,100.0000,0.0275,0.0178,2.2291,0.0627,0.0238,5.9393,0.0011,1,0.0447,3.3118,0.0451,0.7192,57.5584,0.0000,57.5584,1.2274,0.0000,0.0000,791,757,89640,16.22,555.7
3312,289.9376,8.3077,0.0180,0.0119,2.4383,0.0561,0.0208,57.1810,0.0022,1,0.0466,3.7016,0.0455,0.6881,57.9527,0.0000,57.9527,1.2263,0.0000,0.0000,791,757,89640,16.22,555.7
3313,289.9974,59.7362,0.0282,0.0159,1.8568,0.0460,0.0165,63.2858,0.0013,1,0.0447,3.6423,0.0469,1.0588,57.5470,0.0000,57.5470,1.2320,0.0000,0.0000,791,757,89640,16.21,555.7
3314,290.0626,65.2569,0.1373,0.0185,2.6304,0.0671,0.0228,61.7635,0.0014,1,0.0450,3.5739,0.0453,0.8986,57.4677,0.0000,57.4677,1.6129,0.0000,0.0000,791,757,89640,16.29,555.7
3315,290.1273,64.6473,0.1706,0.0147,2.9180,0.0706,0.0275,66.2750,0.0012,1,0.0447,3.4205,0.0465,0.9806,58.0115,0.0000,58.0115,1.3883,0.0000,0.0000,791,757,89640,16.18,555.7
3316,290.1967,69.4842,0.0242,0.0143,2.2539,0.0502,0.0184,63.9090,0.0013,1,0.0441,3.9427,0.0465,0.8903,58.2270,0.0000,58.2270,1.2249,0.0000,0.0000,791,757,89640,16.15,555.7
3317,290.2630,66.2786,0.0260,0.0158,3.0483,0.0717,0.0258,62.4436,0.0012,1,0.0463,4.5606,0.0468,0.8107,56.7714,0.0000,56.7714,1.2283,0.0000,0.0000,791,757,89640,16.22,555.7
3318,290.3287,65.6404,0.0253,0.0179,3.3810,0.0628,0.0240,59.6436,0.0013,1,0.0454,3.6522,0.0464,1.0691,57.3582,0.0000,57.3582,1.2241,0.0000,0.0000,791,757,89640,16.09,555.7
3319,290.3918,63.1631,0.0356,0.0166,3.4071,0.0733,0.0261,249.5744,0.0014,1,0.0445,3.3880,0.0451,0.7343,58.5743,0.0000,58.5743,1.2221,0.0000,0.0000,791,757,89640,16.09,526.5
3320,290.6450,100.0000,0.2465,0.0161,16.1619,0.0854,0.0288,16.0346,0.0013,1,0.0437,3.4882,0.0451,0.8151,57.1167,0.0000,57.1167,1.2248,0.0000,0.0000,791,757,89640,16.03,526.5
3321,290.6776,32.5821,0.1377,0.0153,3.9270,2.1355,0.0291,65.3840,0.0012,1,0.0523,3.7124,0.0462,1.0541,60.2914,0.0000,60.2914,1.2250,0.0000,0.0000,791,757,89640,16.10,526.5
3322,290.7492,71.6374,0.3065,0.0164,4.1025,0.0738,0.0261,31.8835,0.0013,1,0.0452,3.3711,0.0452,0.7148,59.1547,0.0000,59.1547,1.2268,0.0000,0.0000,791,757,89640,16.12,526.5
3323,290.9516,100.0000,0.0221,0.0143,3.1261,5.0469,0.0300,6.5045,0.0028,1,0.0482,3.7399,0.0457,1.0277,59.7239,0.0000,59.7239,1.3618,0.0000,0.0000,791,757,89640,16.00,526.5
3324,290.9664,14.7563,0.0337,0.0193,2.8755,0.0953,0.0321,94.7743,0.0016,1,0.0462,3.8075,0.0454,0.9142,67.3747,0.0000,67.3747,1.3947,0.0000,0.0000,791,757,89640,16.18,526.5
3325,291.0642,97.8413,0.1620,0.0232,4.5562,0.0669,0.0242,10.9598,0.0017,1,0.0514,3.6714,0.0466,0.8879,59.3433,0.0000,59.3433,1.2219,0.0000,0.0000,791,757,89640,15.99,526.5
3326,291.0800,15.8013,3.7239,0.0182,3.8288,0.0765,0.0262,58.2049,0.0013,1,0.0464,3.5479,0.0456,0.7984,55.8231,0.0000,55.8231,1.2365,0.0000,0.0000,791,757,89640,16.09,526.5
3327,291.1459,65.8863,0.0281,0.0163,6.6521,0.0735,0.0260,47.3813,0.0016,1,0.0529,4.2337,0.0471,0.9626,56.4549,0.0000,56.4549,1.2290,0.0000,0.0000,791,757,89640,16.09,526.5
3328,291.2001,54.1855,0.0327,0.0147,2.5980,0.0645,0.0233,56.6877,0.0013,1,0.0452,3.7940,0.0466,0.9010,56.9315,0.0000,56.9315,1.2301,0.0000,0.0000,791,757,89640,16.11,532.3
3329,291.2596,59.4290,0.0264,0.0162,3.4197,0.0623,0.0230,105.3048,0.0013,1,0.0473,3.5289,0.0458,0.8830,59.2660,0.0000,59.2660,1.2275,0.0000,0.0000,791,757,89640,16.16,532.3
3330,291.3684,100.0000,0.0292,0.0151,2.9226,0.0681,0.0244,17.3845,0.0016,1,0.0462,3.5038,0.0452,0.7883,57.6808,0.0000,57.6808,1.2244,0.0000,0.0000,791,757,89640,16.05,532.3
3331,291.3889,20.4530,0.0267,0.0163,8.0199,0.0711,0.0257,91.3691,0.0015,1,0.0460,3.4112,0.0468,0.7995,57.2560,0.0000,57.2560,1.7387,0.0000,0.0000,791,757,89640,16.22,532.3
3332,291.4884,99.5379,0.0211,0.0155,7.7670,0.0695,0.0230,93.5190,0.0015,1,0.0451,3.3890,0.0451,0.7307,59.4237,0.0000,59.4237,1.7127,0.0000,0.0000,791,757,89640,16.06,532.3
3333,291.5898,100.0000,0.0299,0.0189,7.1762,0.0823,0.0257,5.6251,0.0014,1,0.0442,3.3704,0.0471,0.7700,56.6997,0.0000,56.6997,1.3699,0.0000,0.0000,791,757,89640,15.99,532.3
3334,291.6028,12.9673,0.0477,0.0150,2.8418,0.0698,0.0283,57.3068,0.0011,1,0.0465,3.7801,0.0452,0.9199,58.2900,0.0000,58.2900,1.2225,0.0000,0.0000,791,757,89640,16.06,532.3
3335,291.6631,60.3167,0.0205,0.0149,2.7164,0.0628,0.0234,123.7999,0.0020,1,0.0476,3.4816,0.0455,0.9009,58.9643,0.0000,58.9643,1.2307,0.0000,0.0000,791,757,89640,16.07,532.3
3336,291.7898,100.0000,0.0434,0.0202,6.2290,0.0730,0.0270,7.4082,0.0013,1,0.0469,3.4722,0.0451,0.7176,56.4447,0.0000,56.4447,1.2229,0.0000,0.0000,791,757,89640,15.99,539.2
3337,291.8036,13.8094,0.0246,0.0162,3.1581,0.0697,0.0249,66.2860,0.0015,1,0.0451,3.6518,0.0451,0.8949,56.3880,0.0000,56.3880,1.2174,0.0000,0.0000,791,757,89640,16.10,539.2
3338,291.8732,69.5882,0.0276,0.0201,8.4925,0.1329,0.0269,40.3154,0.0016,1,0.0459,3.4355,0.0455,0.7485,57.6455,0.0000,57.6455,1.2197,0.0000,0.0000,791,757,89640,16.09,539.2
3339,291.9222,49.0250,0.0217,0.0150,7.3658,0.0785,0.0282,58.1882,0.0014,1,0.0471,3.5978,0.0454,0.7806,57.5674,0.0000,57.5674,1.3909,0.0000,0.0000,791,757,89640,16.12,539.2
3340,291.9879,65.7056,0.0265,0.0174,3.1225,0.0746,0.0258,64.6705,0.0011,1,0.0452,3.3713,0.0465,0.7311,57.0035,0.0000,57.0035,1.2287,0.0000,0.0000,791,757,89640,16.12,539.2
3341,292.0558,67.9458,0.1666,0.0187,2.7250,0.0640,0.0238,75.3575,0.0014,1,0.0450,4.5343,0.0469,0.7332,56.5367,0.0000,56.5367,1.2271,0.0000,0.0000,791,757,89640,16.12,539.2
3342,292.1342,78.3641,2.4073,0.0221,2.8298,0.0642,0.0244,45.6650,0.0014,1,0.0515,3.7422,0.0451,0.8933,58.2738,0.0000,58.2738,1.2278,0.0000,0.0000,791,757,89640,16.13,539.2
3343,292.1852,51.0202,0.0210,0.0137,2.7611,0.0779,0.0247,130.4819,0.0018,1,0.0456,3.4173,0.0451,0.8231,58.7974,0.0000,58.7974,1.2282,0.0000,0.0000,791,757,89640,16.11,539.2
3344,292.3186,100.0000,0.0327,0.0197,3.0351,0.1033,0.0313,166.3010,0.0019,1,0.0456,3.3988,0.0471,0.7333,56.6505,0.0000,56.6505,1.2226,0.0000,0.0000,791,757,89640,16.11,539.2
3345,292.4882,100.0000,0.0398,0.0192,3.6133,0.0826,0.0291,11.8815,0.0014,1,0.0463,3.3355,0.0452,0.7858,55.7313,0.0000,55.7313,1.2201,0.0000,0.0000,791,757,89640,16.02,540.8
3346,292.5038,15.6733,0.0227,0.0140,3.3835,0.0645,0.0237,144.4666,0.0022,1,0.0471,3.5123,0.0454,0.7885,57.3873,0.0000,57.3873,1.2285,0.0000,0.0000,791,757,89640,16.20,540.8
3347,292.6518,100.0000,0.0249,0.0173,2.7800,0.0765,0.0256,244.9942,0.0015,1,0.0459,3.4462,0.0453,0.7810,55.9484,0.0000,55.9484,1.2197,0.0000,0.0000,791,757,89640,16.01,540.8
3348,292.8997,100.0000,0.0625,0.0195,2.7477,0.0880,0.0331,5.5889,0.0013,1,0.0465,3.3816,0.0455,0.7168,57.9909,0.0000,57.9909,1.5401,0.0000,0.0000,791,757,89640,15.93,540.8
3349,292.9083,8.5487,0.0251,0.0164,2.5535,0.0833,0.0257,191.3117,0.0017,1,0.0494,4.0594,0.0455,1.3815,59.5069,0.0000,59.5069,1.5324,0.0000,0.0000,791,757,89640,16.05,540.8
3350,293.1023,100.0000,0.2187,0.0186,3.1135,1.4521,0.0295,164.2891,0.0016,1,0.0446,3.4478,0.0456,0.7225,58.4652,0.0000,58.4652,1.2175,0.0000,0.0000,791,757,89640,16.05,540.8
3351,293.2715,100.0000,0.0433,0.0175,4.7290,0.0700,0.4006,42.7882,0.0016,1,0.0556,4.3748,0.0467,0.9608,56.7803,0.0000,56.7803,1.2229,0.0000,0.0000,791,757,89640,15.87,540.8
3352,293.3195,48.0572,6.9104,0.0170,6.8954,0.0696,0.0248,10.9747,0.0013,1,0.0475,3.3768,0.0451,0.7276,57.7428,0.0000,57.7428,1.2243,0.0000,0.0000,791,757,89640,15.98,540.8
3353,293.3444,24.9002,1.3513,0.0169,4.2924,0.0862,0.0511,55.2064,0.0015,1,0.0439,3.8685,0.0451,0.7754,58.1207,0.0000,58.1207,1.3969,0.0000,0.0000,791,757,89640,15.96,540.8
3354,293.4054,61.0132,1.6586,0.0167,2.9023,0.0630,0.0273,128.7557,0.0020,1,0.0457,3.6622,0.0468,0.8792,60.6765,0.0000,60.6765,1.4352,0.0000,0.0000,791,757,89640,15.97,540.8
3355,293.5389,100.0000,2.4950,0.0227,2.2914,0.0581,0.0211,5.4284,0.0009,1,0.0491,3.5164,0.0455,0.9277,58.2506,0.0000,58.2506,1.2234,0.0000,0.0000,791,757,89640,15.97,540.8
3356,293.5492,10.3238,0.4467,0.0149,2.7578,0.0612,0.0213,57.0280,0.0016,1,0.0479,3.7404,0.0468,0.7745,59.1775,0.0000,59.1775,1.2257,0.0000,0.0000,791,757,89640,15.96,540.8
3357,293.6095,60.3376,0.8149,0.0174,2.9643,0.0632,0.0244,124.7616,0.0015,1,0.0433,3.5976,0.0452,0.9037,56.5681,0.0000,56.5681,1.3722,0.0000,0.0000,791,757,89640,15.96,540.8
3358,293.7382,100.0000,0.8439,0.0208,3.0530,0.0909,0.0307,5.1683,0.0012,1,0.0445,3.3599,0.0451,0.8149,57.4531,0.0000,57.4531,1.2192,0.0000,0.0000,791,757,89640,15.89,540.8
3359,293.7474,9.2162,0.0655,0.0150,3.0576,0.0702,0.0234,56.4400,0.0013,1,0.0499,3.5876,0.0454,1.0670,56.0038,0.0000,56.0038,1.2232,0.0000,0.0000,791,757,89640,16.01,540.8
3360,293.8071,59.6794,0.0628,0.0142,2.9141,0.0732,0.0228,62.2756,0.0013,1,0.0457,3.6536,0.0467,0.9418,57.6222,0.0000,57.6222,1.2251,0.0000,0.0000,791,757,89640,16.02,540.8
3361,293.8725,65.3708,0.6163,0.0159,3.0566,0.0745,0.0264,61.7100,0.0058,1,0.0460,4.1648,0.0452,0.8273,56.3703,0.0000,56.3703,1.2177,0.0000,0.0000,791,757,89640,16.07,540.8
3362,293.9380,65.5127,1.8071,0.0201,3.2961,0.1018,0.0279,55.3447,0.0016,1,0.0459,3.6174,0.0453,0.8970,57.1773,0.0000,57.1773,1.2210,0.0000,0.0000,791,757,89640,16.15,540.8
3363,293.9986,60.6066,0.7027,0.0895,4.1350,0.0816,0.0286,78.4211,0.0017,1,0.0435,3.3698,0.0461,0.8110,57.3457,0.0000,57.3457,1.2202,0.0000,0.0000,791,757,89640,16.05,537.5
3364,294.0820,83.4677,1.9698,0.0185,3.0404,0.0679,0.0243,102.9207,0.0015,1,0.0454,3.4616,0.0456,0.9417,55.8825,0.0000,55.8825,1.2223,0.0000,0.0000,791,757,89640,16.02,537.5
3365,294.1901,100.0000,1.5038,0.0227,4.2019,0.0868,0.0292,6.6144,0.0058,1,0.0437,3.3716,0.0470,0.8335,57.2861,0.0000,57.2861,1.2352,0.0000,0.0000,791,757,89640,15.83,537.5
3366,294.2026,12.4729,1.7308,0.0177,4.7603,0.0692,0.0258,49.5480,0.0017,1,0.0453,3.5197,0.0452,0.9371,56.2313,0.0000,56.2313,1.2211,0.0000,0.0000,791,757,89640,15.95,537.5
3367,294.2587,56.1596,0.4135,0.0144,2.7664,0.0731,0.0253,126.5712,0.0018,1,0.0426,3.4502,0.0440,0.7167,57.5048,0.0000,57.5048,1.2242,0.0000,0.0000,791,757,89640,15.96,537.5
3368,294.3886,100.0000,0.0756,0.0194,3.3305,0.0841,0.0358,5.4754,0.0013,1,0.0464,3.9138,0.0458,0.9071,57.2335,0.0000,57.2335,1.2240,0.0000,0.0000,791,757,89640,15.90,537.5
3369,294.3976,9.0297,0.0757,0.0177,3.6432,0.0823,0.0265,57.1153,0.0012,1,0.0458,3.6333,0.0457,0.8110,57.6490,0.0000,57.6490,1.2415,0.0000,0.0000,791,757,89640,16.00,537.5
3370,294.4586,60.9688,1.4713,0.0152,2.6150,0.0662,0.0232,62.2908,0.0017,1,0.0450,4.1774,0.0451,0.9257,57.8339,0.0000,57.8339,1.2221,0.0000,0.0000,791,757,89640,16.01,537.5
3371,294.5251,66.4905,0.2758,0.0183,3.6112,0.0858,0.0304,61.4385,0.0011,1,0.0473,3.7831,0.0455,0.9830,58.1515,0.0000,58.1515,1.2242,0.0000,0.0000,791,757,89640,16.01,537.5
3372,294.5906,65.4792,0.2598,0.0165,3.2362,0.0707,0.0256,116.6854,0.0023,1,0.0464,3.5964,0.0451,1.0338,58.4098,0.0000,58.4098,1.2182,0.0000,0.0000,791,757,89640,16.08,537.5
3373,294.7109,100.0000,0.5761,0.0205,3.2117,0.0884,0.0317,5.4784,0.0011,1,0.0469,3.6351,0.0456,0.9120,50.0793,0.0000,50.0793,1.7843,0.0000,0.0000,791,758,89768,15.91,537.5
3374,294.7203,9.4248,0.2965,0.0159,3.9992,0.0670,0.0246,50.5691,0.0014,1,0.0484,3.8441,0.0455,1.0076,50.7448,0.0000,50.7448,1.6830,0.0000,0.0000,791,757,89688,16.02,537.5
3375,294.7753,54.9876,0.4977,0.0168,2.9658,0.0640,0.0305,114.9393,0.0016,1,0.0512,3.9838,0.0455,0.7722,52.1621,0.0000,52.1621,1.7571,0.0000,0.0000,791,755,89372,16.03,537.5
3376,294.8938,100.0000,0.5204,0.0207,3.2573,0.2903,0.0311,6.9105,0.0015,1,0.0455,3.6464,0.0452,0.8660,52.4610,0.0000,52.4610,1.7792,0.0000,0.0000,791,754,89244,15.95,537.5
3377,294.9049,11.0494,0.2755,0.0157,3.2959,0.0830,0.0282,58.0881,0.0014,1,0.0439,3.6755,0.0470,0.8843,52.4350,0.0000,52.4350,1.7824,0.0000,0.0000,791,752,88900,16.06,537.5
3378,294.9667,61.8032,0.6263,0.0149,11.6711,0.0713,0.0289,100.7118,0.0022,1,0.0484,4.2066,0.0471,0.7960,53.9045,0.0000,53.9045,1.8054,0.0000,0.0000,791,750,88700,16.07,537.5
3379,295.0798,100.0000,1.2084,0.0217,7.5894,0.0638,0.0230,5.4665,0.0014,1,0.0429,3.3685,0.0453,0.7846,53.1219,0.0000,53.1219,1.9451,0.0000,0.0000,791,749,88572,16.00,537.5
3380,295.0942,14.3897,0.6227,0.0175,3.6554,0.0743,0.0258,48.3943,0.0014,1,0.0517,3.7714,0.0462,1.8760,52.1883,0.0000,52.1883,2.0980,0.0000,0.0000,791,745,88060,16.11,537.5
3381,295.1470,52.8077,0.4877,0.0169,3.6415,0.0705,0.0254,57.7114,0.0014,1,0.0437,3.2833,0.0466,0.7885,52.7931,0.0000,52.7931,1.8086,0.0000,0.0000,791,745,88060,16.21,537.6
3382,295.2090,61.9706,0.5492,0.0181,3.2102,0.0793,0.0251,54.7344,0.0016,1,0.0441,3.7164,0.0464,0.8233,53.4287,0.0000,53.4287,1.8126,0.0000,0.0000,791,745,88060,16.10,537.6
3383,295.2676,58.6359,0.4990,0.0170,3.7311,0.0740,0.0262,117.0595,0.0013,1,0.0450,3.5029,0.0465,0.8043,53.4961,0.0000,53.4961,1.9475,0.0000,0.0000,791,745,88060,16.10,537.6
3384,295.3891,100.0000,0.5191,0.1075,3.0455,0.0831,0.0359,4.4535,0.0014,1,0.0450,3.9506,0.0469,0.8376,52.9155,0.0000,52.9155,1.7959,0.0000,0.0000,791,745,88060,16.05,537.6
3385,295.3973,8.2607,0.0583,0.0137,2.4906,0.0629,0.0221,57.7297,0.0014,1,0.0466,4.0316,0.0465,1.0083,53.8151,0.0000,53.8151,1.8065,0.0000,0.0000,791,745,88060,16.15,537.6
3386,295.4577,60.3854,2.5088,0.1105,6.3150,0.1885,0.0358,116.0677,0.0016,1,0.0457,3.3746,0.0462,0.8292,54.1051,0.0000,54.1051,1.8112,0.0000,0.0000,791,745,88060,16.16,537.6
3387,295.5830,100.0000,0.8504,0.0210,3.0841,0.0564,0.0215,15.4306,0.0012,1,0.0491,3.6895,0.0471,0.8750,53.5716,0.0000,53.5716,1.8083,0.0000,0.0000,791,745,88060,16.09,537.6
3388,295.6025,19.4795,0.1762,0.0142,5.6223,0.0582,0.0206,39.0336,0.0017,1,0.0440,3.5887,0.0453,0.7798,52.7984,0.0000,52.7984,1.9408,0.0000,0.0000,791,745,88060,16.18,537.6
3389,295.6474,44.9412,0.4512,0.0162,2.5347,0.0579,0.0208,118.8177,0.0020,1,0.0478,3.4877,0.0461,0.7926,53.9226,0.0000,53.9226,1.7462,0.0000,0.0000,791,745,88060,16.21,537.6
3390,295.7693,100.0000,1.0017,0.0258,3.4140,0.0726,0.0257,6.2396,0.0014,1,0.0468,3.7564,0.0455,0.9781,53.6077,0.0000,53.6077,1.7649,0.0000,0.0000,791,745,88060,16.14,537.6
3391,295.7801,10.7955,0.4096,0.0155,3.1149,0.0776,0.0228,50.6779,0.0015,1,0.0454,3.3976,0.0468,0.8253,52.9585,0.0000,52.9585,1.7456,0.0000,0.0000,791,745,88060,16.26,537.6
3392,295.8345,54.3368,0.4827,0.0149,2.2295,0.0559,0.0199,57.2722,0.0014,1,0.0475,3.9430,0.0456,1.0936,51.4819,0.0000,51.4819,1.6610,0.0000,0.0000,791,755,89488,16.28,537.6
3393,295.8946,60.0917,0.2118,0.0150,2.7810,0.0611,0.0218,52.8004,0.0021,1,0.0447,3.6910,0.0471,1.1034,51.1747,0.0000,51.1747,1.6787,0.0000,0.0000,791,755,89488,16.29,537.6
3394,295.9505,55.9131,0.4190,0.0151,2.0632,0.0533,0.0187,55.9033,0.0011,1,0.0462,3.4322,0.0451,0.8922,50.1015,0.0000,50.1015,1.6724,0.0000,0.0000,791,755,89488,16.38,537.6
3395,296.0089,58.4877,0.2236,0.0122,2.2206,0.0573,0.0215,54.9975,0.0013,1,0.0462,3.4352,0.0469,0.9194,51.7944,0.0000,51.7944,1.6783,0.0000,0.0000,791,753,89232,16.29,537.6
3396,296.0665,57.5567,4.3380,0.0146,2.9796,0.0587,0.0202,108.7749,0.0020,1,0.0501,3.7503,0.0455,0.8627,51.0031,0.0000,51.0031,1.6707,0.0000,0.0000,791,753,89232,16.31,537.6
3397,296.1827,100.0000,0.2423,0.0183,2.0972,0.0649,0.0234,3.7981,0.0010,1,0.0450,3.4475,0.0452,0.8363,52.7734,0.0000,52.7734,1.6461,0.0000,0.0000,791,757,89688,16.24,537.6
3398,296.1890,6.2920,0.0658,0.0153,2.6754,0.0622,0.0218,54.9061,0.0012,1,0.0441,3.6663,0.0452,0.7242,52.0706,0.0000,52.0706,1.6429,0.0000,0.0000,791,757,89640,16.34,537.6
3399,296.2468,57.7624,0.3571,0.0156,2.5568,0.0653,0.0202,54.7351,0.0014,1,0.0446,3.9538,0.0466,0.9011,52.3893,0.0000,52.3893,1.6446,0.0000,0.0000,791,756,89512,16.36,537.6
3400,296.3045,57.7705,0.4725,0.0178,1.6671,0.0471,0.0162,58.5393,0.0013,1,0.0450,3.4383,0.0452,0.9872,52.9807,0.0000,52.9807,1.7954,0.0000,0.0000,791,756,89512,16.38,537.6
3401,296.3653,60.7814,0.4259,0.0190,1.5403,0.0425,0.0160,114.6906,0.0014,1,0.0469,3.7288,0.0467,1.0322,51.3985,0.0000,51.3985,1.6344,0.0000,0.0000,791,756,89512,16.47,537.6
3402,296.4821,100.0000,1.2253,0.0203,2.0445,0.0599,0.0175,3.1723,0.0011,1,0.0478,3.3749,0.0451,0.7647,52.5072,0.0000,52.5072,1.7894,0.0000,0.0000,791,753,89128,16.47,537.6
3403,296.4886,6.5550,0.0571,0.0324,2.4257,0.1688,0.0228,55.5759,0.0013,1,0.0488,3.5906,0.0456,0.8846,51.8460,0.0000,51.8460,1.6192,0.0000,0.0000,791,745,88552,16.48,537.6
3404,296.5469,58.2983,0.1866,0.0138,2.6243,0.0615,0.0217,54.2919,0.0015,1,0.0484,3.9497,0.0458,1.0106,52.6914,0.0000,52.6914,1.6131,0.0000,0.0000,791,742,88284,16.48,537.6
3405,296.6042,57.2200,0.4154,0.0183,1.6439,0.0444,0.0164,59.0492,0.0014,1,0.0452,3.3535,0.0451,0.8787,53.1739,0.0000,53.1739,1.6327,0.0000,0.0000,791,742,88284,16.49,537.6
3406,296.6653,61.2047,0.3777,0.0144,1.7764,0.0445,0.0165,57.1340,0.0017,1,0.0465,3.8851,0.0458,0.9472,52.8167,0.0000,52.8167,1.6095,0.0000,0.0000,791,742,88284,16.58,537.6
3407,296.8185,100.0000,0.6667,0.0134,1.5874,0.0456,0.0179,3.6368,0.0011,1,0.0540,3.2728,0.0451,0.8961,57.8856,0.0000,57.8856,1.7511,0.0000,0.0000,791,742,88284,16.42,537.6
3408,296.8245,5.9828,0.0536,0.0125,2.4682,0.0617,0.0212,27.3844,0.0012,1,0.0503,3.7643,0.0451,0.9499,57.4362,0.0000,57.4362,1.7859,0.0000,0.0000,791,740,88028,16.54,537.6
3409,296.8546,30.0190,0.4323,0.0136,1.6452,0.0462,0.0167,58.8574,0.0010,1,0.0430,3.3364,0.0454,0.8658,53.3225,0.0000,53.3225,1.6174,0.0000,0.0000,791,739,87900,16.63,537.6
3410,296.9156,61.0251,0.5137,0.0128,2.5720,0.0611,0.0210,55.6379,0.0024,1,0.0477,3.9050,0.0453,1.0194,52.9784,0.0000,52.9784,1.6177,0.0000,0.0000,791,739,87900,16.64,537.6
3411,296.9744,58.8424,1.0159,0.0162,2.3321,0.0627,0.2136,57.5383,0.0018,1,0.0478,3.5073,0.0455,0.9546,53.2333,0.0000,53.2333,1.9167,0.0000,0.0000,791,738,87772,16.64,537.6
3412,297.0356,61.2003,2.3739,0.0176,4.2842,0.0610,0.0215,114.3824,0.0017,1,0.0456,3.5415,0.0466,1.0972,53.9057,0.0000,53.9057,1.6022,0.0000,0.0000,791,736,87644,16.66,537.6
3413,297.1568,100.0000,0.8215,0.0190,2.7626,0.2791,0.0321,5.1967,0.0010,1,0.0496,3.2006,0.0463,1.0845,53.6849,0.0000,53.6849,1.5896,0.0000,0.0000,791,733,87180,16.66,537.6
3414,297.1659,9.1257,0.2362,0.0194,2.6540,0.0585,0.0208,50.8188,0.0017,1,0.0447,3.3366,0.0457,0.9435,53.3533,0.0000,53.3533,1.5739,0.0000,0.0000,791,732,87052,16.66,537.6
3415,297.2197,53.8307,0.4584,0.0178,2.0692,0.0509,0.0180,58.8569,0.0014,1,0.0479,3.3992,0.0451,0.9100,52.4188,0.0000,52.4188,1.5577,0.0000,0.0000,791,726,86268,16.67,537.6
3416,297.2812,61.4888,0.2226,0.0131,1.9487,0.0584,0.0167,55.8623,0.0016,1,0.0481,3.7290,0.0467,1.3005,52.8333,0.0000,52.8333,1.7147,0.0000,0.0000,791,725,86140,16.68,537.6
3417,297.3394,58.1458,0.4519,0.0179,1.8644,0.0521,0.0193,115.9685,0.0018,1,0.0455,3.3731,0.0467,0.9263,52.0043,0.0000,52.0043,1.5328,0.0000,0.0000,791,723,85980,16.70,537.6
3418,297.4578,100.0000,0.9874,0.0199,2.5942,0.1928,0.0282,5.5012,0.0012,1,0.0456,3.9269,0.0451,0.8192,52.8235,0.0000,52.8235,1.5336,0.0000,0.0000,791,724,86108,16.62,538.3
3419,297.4671,9.3389,0.3738,0.0134,2.0229,0.0473,0.0183,52.0501,0.0019,1,0.0453,3.3138,0.0454,0.9188,53.4325,0.0000,53.4325,1.5199,0.0000,0.0000,791,722,85852,16.73,538.3
3420,297.5216,54.5480,0.4841,0.0137,2.3145,0.0602,0.0195,55.3335,0.0020,1,0.0468,3.2402,0.0451,0.8541,51.7627,0.0000,51.7627,1.4892,0.0000,0.0000,791,719,85584,16.83,538.3
3421,297.5799,58.2492,0.5822,0.1464,2.8258,0.0561,0.0200,57.0692,0.0014,1,0.0486,3.4195,0.0451,1.0697,52.9568,0.0000,52.9568,1.4974,0.0000,0.0000,791,719,85584,16.74,538.3
3422,297.6407,60.8634,0.5488,0.0137,2.4306,0.0603,0.0228,113.6072,0.0018,1,0.0456,3.3829,0.0451,1.0196,53.0274,0.0000,53.0274,1.4960,0.0000,0.0000,791,719,85584,16.72,538.3
3423,297.7575,100.0000,0.4772,0.0189,1.7678,0.0530,0.0208,7.4542,0.0014,1,0.0506,3.9593,0.0452,0.7934,52.0686,0.0000,52.0686,1.5031,0.0000,0.0000,791,721,85840,16.72,538.3
3424,297.7673,9.8085,0.2993,0.0133,3.0050,0.0590,0.0218,50.2000,0.0013,1,0.0470,3.2808,0.0456,0.7275,53.1456,0.0000,53.1456,1.6625,0.0000,0.0000,791,724,86128,16.73,538.3
3425,297.8209,53.6181,0.5585,0.0177,2.2575,0.0534,0.0196,60.9103,0.0011,1,0.0483,3.4666,0.0463,0.9214,54.6006,0.0000,54.6006,1.6956,0.0000,0.0000,791,731,86992,16.73,538.3
3426,297.8847,63.8398,0.3601,0.0139,1.6109,0.0528,0.0202,57.5054,0.0014,1,0.0495,4.1822,0.0452,0.9339,53.9379,0.0000,53.9379,1.5322,0.0000,0.0000,791,730,86864,16.81,538.3
3427,297.9443,59.5784,0.3641,0.0130,2.9349,0.0643,0.0228,119.7038,0.0015,1,0.0448,3.1746,0.0467,0.8057,53.5999,0.0000,53.5999,1.7016,0.0000,0.0000,791,730,86864,16.69,538.3
3428,298.0674,100.0000,1.8779,0.0219,6.2985,0.0780,0.0266,6.9423,0.0017,1,0.0471,3.3721,0.0451,0.9631,55.1983,0.0000,55.1983,1.5436,0.0000,0.0000,791,731,86992,16.61,588.6
3429,298.0827,15.2690,1.3630,0.0165,4.2321,0.0740,0.0251,47.2806,0.0017,1,0.0495,3.3526,0.0468,0.8622,54.9999,0.0000,54.9999,1.5574,0.0000,0.0000,791,731,87048,16.72,588.6
3430,298.1357,53.0109,0.5608,0.0174,3.4048,0.0751,0.0270,118.4990,0.0017,1,0.0479,3.2207,0.0458,0.9283,56.7571,0.0000,56.7571,1.5515,0.0000,0.0000,791,732,87176,16.75,588.6
3431,298.2583,100.0000,0.8503,0.0204,1.8072,0.0544,0.0231,3.8894,0.0011,1,0.0444,3.1409,0.0452,0.6794,56.6784,0.0000,56.6784,1.5509,0.0000,0.0000,791,732,87176,16.75,588.6
3432,298.2650,6.6635,0.1761,0.0147,2.9769,0.1093,0.0240,56.6580,0.0018,1,0.0448,3.3468,0.0452,0.7294,56.7580,0.0000,56.7580,1.5525,0.0000,0.0000,791,734,87432,16.75,588.6
3433,298.3250,59.9818,1.1264,0.0154,1.9001,0.0446,0.0159,123.4148,0.0019,1,0.0475,3.2231,0.0453,0.7854,55.3446,0.0000,55.3446,1.7321,0.0000,0.0000,791,735,87560,16.75,588.6
3434,298.4515,100.0000,0.9932,0.0194,2.0929,0.0525,0.0176,4.4571,0.0015,1,0.0453,3.2808,0.0462,0.8458,55.9732,0.0000,55.9732,1.5482,0.0000,0.0000,791,735,87560,16.67,588.6
3435,298.4592,7.6489,0.1895,0.0129,1.8885,0.0440,0.0167,55.4227,0.0017,1,0.0440,3.4285,0.0452,0.7510,55.2338,0.0000,55.2338,1.5242,0.0000,0.0000,791,735,87560,16.80,588.6
3436,298.5168,57.5933,1.4453,0.0175,2.6984,0.0433,0.0168,121.4264,0.0020,1,0.0487,3.5142,0.0452,1.0850,55.3337,0.0000,55.3337,1.5039,0.0000,0.0000,791,737,87720,16.83,588.6
3437,298.6424,100.0000,0.9479,0.0196,2.7175,0.0570,0.0209,5.4139,0.0012,1,0.0446,3.1467,0.0466,0.6549,55.4423,0.0000,55.4423,1.4988,0.0000,0.0000,791,737,87720,16.75,633.3
3438,298.6516,9.1937,0.1866,0.0137,2.8528,0.0609,0.0219,53.5802,0.0012,1,0.0483,3.4303,0.0465,0.6615,55.1107,0.0000,55.1107,1.4936,0.0000,0.0000,791,737,87720,16.88,633.3
3439,298.7083,56.7354,0.4263,0.0154,2.4221,0.0572,0.0217,121.8699,0.0016,1,0.0476,3.4368,0.0455,0.8499,55.0683,0.0000,55.0683,1.4872,0.0000,0.0000,791,740,88104,16.90,633.3
3440,298.8332,100.0000,0.4334,0.0178,2.3770,0.0815,0.0289,4.2859,0.0013,1,0.0458,4.3947,0.0469,0.6690,56.5582,0.0000,56.5582,1.4951,0.0000,0.0000,791,740,88104,16.90,633.3
3441,298.8404,7.2464,0.0547,0.0142,1.8462,0.0466,0.0166,59.5732,0.0018,1,0.0487,4.1946,0.0465,0.8331,56.0951,0.0000,56.0951,1.4951,0.0000,0.0000,791,743,88456,16.96,633.3
3442,298.9020,61.5727,0.5535,0.0130,2.7226,0.0806,0.0329,123.8046,0.0018,1,0.0466,4.9967,0.0454,0.9385,56.8173,0.0000,56.8173,1.5117,0.0000,0.0000,791,744,88712,16.98,633.3
3443,299.0292,100.0000,4.6915,0.0133,3.2837,0.0859,0.0261,4.9761,0.0011,1,0.0449,3.4850,0.0455,0.6765,56.4659,0.0000,56.4659,1.5213,0.0000,0.0000,791,744,88584,16.98,633.3
3444,299.0423,13.0914,0.0594,0.0124,2.6669,0.0744,0.0253,54.6629,0.0015,1,0.0540,4.8442,0.0494,1.1920,57.6815,0.0000,57.6815,1.5242,0.0000,0.0000,791,746,88840,16.99,633.3
3445,299.0998,57.5174,0.1544,0.0156,3.1817,0.0738,0.0247,61.8545,0.0014,1,0.0525,3.7085,0.0453,0.7468,56.6365,0.0000,56.6365,1.5295,0.0000,0.0000,791,746,88840,17.09,633.3
3446,299.1652,65.3259,0.0837,0.0210,3.6226,0.0797,0.0235,60.0468,0.0022,1,0.0454,3.4143,0.0456,0.7168,57.1971,0.0000,57.1971,1.5170,0.0000,0.0000,791,746,88840,16.97,633.3
3447,299.2291,63.9055,0.0891,0.0189,2.7502,0.0890,0.0292,62.1638,0.0012,1,0.0587,5.2699,0.0468,1.2311,57.0037,0.0000,57.0037,1.8276,0.0000,0.0000,791,746,88840,16.97,646.3
3448,299.2942,65.1602,0.0561,0.0137,2.0016,0.0502,0.0195,61.3037,0.0015,1,0.0561,3.6999,0.0468,0.9878,55.6933,0.0000,55.6933,1.5227,0.0000,0.0000,791,746,88840,16.94,646.3
3449,299.3577,63.4613,0.0635,0.0135,2.4774,0.0732,0.0253,124.3136,0.0023,1,0.0462,4.1184,0.0461,0.7537,57.6712,0.0000,57.6712,1.6962,0.0000,0.0000,791,746,88840,16.93,646.3
3450,299.4847,100.0000,0.1369,0.0177,3.8586,0.0725,0.0290,4.9298,0.0018,1,0.0580,4.2557,0.0471,1.1080,55.6111,0.0000,55.6111,1.5220,0.0000,0.0000,791,746,88840,16.93,646.3
3451,299.4937,9.0705,0.0701,0.0180,2.5200,0.0507,0.0223,56.0535,0.0019,1,0.0495,4.1833,0.0451,0.9318,55.7403,0.0000,55.7403,1.5205,0.0000,0.0000,791,746,88840,16.96,646.3
3452,299.5525,58.7582,0.0654,0.0128,2.2605,0.0581,0.0199,129.3530,0.0023,1,0.0597,4.8780,0.0451,0.8991,55.6561,0.0000,55.6561,1.5281,0.0000,0.0000,791,746,88840,17.06,646.3
3453,299.6843,100.0000,0.0958,0.0247,4.2295,0.0807,0.0299,6.4975,0.0017,1,0.0755,5.8848,0.0461,1.2028,57.6056,0.0000,57.6056,1.5181,0.0000,0.0000,791,746,88840,17.06,646.3
3454,299.6953,10.9779,0.0794,0.0177,3.8309,0.0878,0.0308,55.1078,0.0015,1,0.0463,3.4794,0.0469,0.7480,56.6843,0.0000,56.6843,1.5138,0.0000,0.0000,791,746,88840,17.06,646.3
3455,299.7545,59.1638,0.0584,0.0152,3.3452,0.0751,0.0269,58.1984,0.0020,1,0.0535,4.1947,0.0465,1.0805,56.5037,0.0000,56.5037,1.5273,0.0000,0.0000,791,746,88840,17.07,646.3
3456,299.8162,61.7466,0.6198,0.0220,1.8361,0.0738,0.0387,61.8538,0.0018,1,0.0554,4.3676,0.0471,0.9685,57.5193,0.0000,57.5193,1.5214,0.0000,0.0000,791,746,88840,17.16,675.0
3457,299.8807,64.4697,0.5033,0.0205,1.9037,0.0458,0.0185,124.8301,0.0011,1,0.0518,4.0221,0.0451,0.9503,55.9882,0.0000,55.9882,1.6827,0.0000,0.0000,791,746,88840,17.04,675.0
3458,300.0080,100.0000,0.6827,0.0195,2.0678,0.0773,0.0258,3.9138,0.0014,1,0.0487,3.8647,0.0451,0.7203,56.8618,0.0000,56.8618,1.5191,0.0000,0.0000,791,746,88840,16.96,675.0
3459,300.0148,6.8047,0.1671,0.0127,1.5314,0.0455,0.0167,63.6329,0.0024,1,0.0468,3.9094,0.0451,0.7500,56.5243,0.0000,56.5243,1.5303,0.0000,0.0000,791,742,88316,17.07,675.0
3460,300.0802,65.4280,1.6459,0.2113,10.3002,0.5533,0.0427,49.2811,0.0016,1,0.0464,3.5732,0.0467,0.6431,56.5595,0.0000,56.5595,1.5189,0.0000,0.0000,791,744,88020,17.07,675.0
3461,300.1423,62.0562,0.6008,0.0191,3.9021,0.0816,0.0302,64.9512,0.0015,1,0.0448,3.2383,0.0478,0.6896,58.1765,0.0000,58.1765,1.8094,0.0000,0.0000,791,744,88020,17.08,675.0
3462,300.2119,69.6056,0.5344,0.0190,3.4679,0.0794,0.0292,115.4100,0.0019,1,0.0514,3.5596,0.0471,0.7844,59.6948,0.0000,59.6948,1.5273,0.0000,0.0000,791,742,87860,17.10,675.0
3463,300.3315,100.0000,0.5582,0.0208,2.1806,0.0889,0.0261,3.7649,0.0012,1,0.0508,2.8019,0.0456,0.5930,55.6693,0.0000,55.6693,1.5241,0.0000,0.0000,791,674,80006,16.98,675.0
3464,300.3381,6.6562,0.0624,0.0135,3.2677,0.0652,0.0232,58.1159,0.0012,1,0.0478,3.1949,0.0457,0.6995,57.5744,0.0000,57.5744,1.5933,0.0000,0.0000,791,663,78630,17.21,675.0
3465,300.3997,61.5860,0.4176,0.0127,2.1877,0.0499,0.0186,65.0549,0.0019,1,0.0471,3.3792,0.0455,0.6984,61.5554,0.0000,61.5554,1.6151,0.0000,0.0000,791,679,80550,17.31,677.2
3466,300.4675,67.7656,0.0737,0.0182,1.7797,0.0450,0.0178,65.5639,0.0014,1,0.0520,3.4764,0.0468,0.8196,60.2775,0.0000,60.2775,1.6173,0.0000,0.0000,791,679,80550,17.18,677.2
3467,300.5350,67.5157,0.3944,0.0132,1.6158,0.0547,0.0231,65.8125,0.0014,1,0.0494,3.5245,0.0463,0.8251,61.1504,0.0000,61.1504,1.6236,0.0000,0.0000,791,683,81062,17.26,677.2
3468,300.6029,67.9319,0.7591,0.0154,2.3845,0.0630,0.0218,63.9669,0.0022,1,0.0554,3.6303,0.0470,0.8278,61.2526,0.0000,61.2526,1.6078,0.0000,0.0000,791,689,81822,17.34,677.2
3469,300.6702,67.2419,0.9670,0.0175,1.9856,0.0660,0.0263,67.0755,0.0011,1,0.0487,3.2114,0.0469,0.7838,61.1087,0.0000,61.1087,1.6057,0.0000,0.0000,791,693,82302,17.19,677.2
3470,300.7403,70.1535,0.6312,0.0164,2.6149,0.0679,0.0248,67.0191,0.0011,1,0.0522,3.8574,0.0465,0.8299,62.9108,0.0000,62.9108,1.7892,0.0000,0.0000,791,699,83070,17.27,677.2
3471,300.8107,70.3891,0.8088,0.0150,2.4630,0.0632,0.0215,67.3444,0.0014,1,0.0515,3.4695,0.0468,0.9380,63.6293,0.0000,63.6293,1.6355,0.0000,0.0000,791,699,83070,17.34,677.2
3472,300.8814,70.7332,0.7841,0.0155,2.5023,0.0680,0.0243,66.3029,0.0012,1,0.0459,3.7560,0.0471,0.6943,63.0020,0.0000,63.0020,1.6126,0.0000,0.0000,791,697,82814,17.28,677.2
3473,300.9511,69.7152,0.5993,0.0161,2.7065,0.0662,0.0243,135.7736,0.0016,1,0.0475,3.4429,0.0457,0.8252,63.8614,0.0000,63.8614,1.6132,0.0000,0.0000,791,700,83198,17.17,677.2
3474,301.0904,100.0000,3.3388,0.0224,6.6866,0.0732,0.0281,5.6932,0.0015,1,0.0492,3.2317,0.0464,0.6512,62.8888,0.0000,62.8888,1.6195,0.0000,0.0000,791,702,83454,17.08,677.2
3475,301.1062,15.8616,0.2999,0.0175,3.3896,0.0762,0.0258,56.7426,0.0017,1,0.0497,3.4104,0.0471,0.6863,63.6450,0.0000,63.6450,1.7802,0.0000,0.0000,791,707,83998,17.28,677.2
3476,301.1668,60.5691,0.4122,0.0153,4.6845,0.0674,0.0284,67.5269,0.0015,1,0.0468,3.1074,0.0471,0.7005,65.9700,0.0000,65.9700,1.6150,0.0000,0.0000,791,717,85066,17.16,677.2
3477,301.2395,72.7532,0.0718,0.0151,3.6380,0.0793,0.0291,72.1603,0.0018,1,0.0479,3.3666,0.0452,0.7844,65.4746,0.0000,65.4746,1.6032,0.0000,0.0000,791,721,85450,17.13,677.2
3478,301.3156,76.0119,0.0684,0.0166,3.5227,0.0786,0.0292,141.6464,0.0022,1,0.0476,3.4676,0.0470,0.7352,65.9242,0.0000,65.9242,1.6084,0.0000,0.0000,791,725,85836,17.19,677.2
3479,301.4609,100.0000,0.0828,0.0241,4.5294,0.0686,0.0270,5.1930,0.0015,1,0.0452,3.2834,0.0471,0.8868,68.2511,0.0000,68.2511,1.5960,0.0000,0.0000,791,733,86764,16.97,677.2
3480,301.4709,9.9451,0.0691,0.0158,3.7017,0.0661,0.0250,68.5908,0.0014,1,0.0499,3.9212,0.0471,0.7784,69.7533,0.0000,69.7533,1.5983,0.0000,0.0000,791,736,87148,17.09,677.2
3481,301.5434,72.4855,0.2760,0.0164,3.4378,0.0689,0.0265,153.5152,0.0025,1,0.0487,3.1252,0.0465,0.6841,69.0317,0.0000,69.0317,1.5972,0.0000,0.0000,791,737,87180,17.07,677.2
3482,301.7007,100.0000,1.7475,0.0302,3.3949,0.0840,0.0304,6.2995,0.0015,1,0.0459,3.2953,0.0472,0.6912,72.0847,0.0000,72.0847,1.8937,0.0000,0.0000,791,737,87180,16.99,677.2
3483,301.7123,11.6054,3.1172,0.0182,3.5640,0.0816,0.0279,66.7710,0.0016,1,0.0503,3.1674,0.0474,0.7516,70.8555,0.0000,70.8555,1.5993,0.0000,0.0000,791,737,87180,17.11,677.2
3484,301.7859,73.5990,2.5931,0.0172,2.9547,0.0715,0.0255,145.8017,0.0031,1,0.0461,3.7297,0.0471,0.8501,70.6397,0.0000,70.6397,1.6056,0.0000,0.0000,791,737,87180,17.13,677.2
3485,301.9374,100.0000,2.0808,0.0230,2.3152,0.0857,0.0281,6.8580,0.0013,1,0.0469,3.2518,0.0488,0.7948,69.0397,0.0000,69.0397,1.9853,0.0000,0.0000,791,737,87180,17.13,677.2
3486,301.9489,11.4092,1.5049,0.0183,3.3030,0.1488,0.0331,67.0840,0.0011,1,0.0512,3.5635,0.0471,0.7291,71.3083,0.0000,71.3083,1.7519,0.0000,0.0000,791,737,87180,17.13,677.2
3487,302.0210,72.1080,2.4180,0.0163,3.0143,0.2742,0.0264,69.0026,0.0012,1,0.0445,3.2904,0.0482,0.7524,68.9519,0.0000,68.9519,1.5915,0.0000,0.0000,791,744,87980,17.09,677.2
3488,302.0957,74.7677,6.2605,0.0216,2.5454,0.0649,0.0236,66.7785,0.0015,1,0.0522,3.4980,0.0476,0.8090,67.5795,0.0000,67.5795,1.8475,0.0000,0.0000,791,742,87780,17.16,677.2
3489,302.1714,75.7102,1.1458,0.0153,2.8465,0.0706,0.0246,147.9572,0.0013,1,0.0470,3.4419,0.0474,0.6282,70.1821,0.0000,70.1821,1.5968,0.0000,0.0000,791,744,87980,16.99,677.2
3490,302.3235,100.0000,1.4171,0.0190,1.9037,0.0701,0.0268,5.3118,0.0013,1,0.0493,4.0089,0.0470,0.9131,70.4235,0.0000,70.4235,1.5932,0.0000,0.0000,791,741,87692,16.90,677.2
3491,302.4373,100.0000,2.0885,0.0156,1.9516,0.0756,0.0238,4.7236,0.0012,1,0.0472,3.5464,0.0469,0.9347,76.0272,0.0000,76.0272,1.6036,0.0000,0.0000,791,739,87436,16.82,677.2
3492,302.4461,8.8942,0.3836,0.0141,3.1066,0.1084,0.0220,109.3557,0.0020,1,0.0497,3.9325,0.0471,0.9047,71.3181,0.0000,71.3181,1.5994,0.0000,0.0000,791,731,86412,16.95,677.2
3493,302.5592,100.0000,1.3760,0.0213,2.8661,0.0609,0.0194,4.6107,0.0011,1,0.0494,3.5065,0.0458,0.6903,64.5287,0.0000,64.5287,1.5949,0.0000,0.0000,791,725,85772,16.95,677.2
3494,302.5681,8.9695,0.8905,0.0148,2.2159,0.0674,0.0229,66.3345,0.0015,1,0.0478,3.6622,0.0471,0.7150,65.9721,0.0000,65.9721,1.6058,0.0000,0.0000,791,724,85644,16.96,677.2
3495,302.6377,69.5628,2.3828,0.0178,2.8999,0.0711,0.0260,136.1621,0.0035,1,0.0453,3.1783,0.0471,0.6633,65.1663,0.0000,65.1663,1.6017,0.0000,0.0000,791,722,85388,16.92,677.2
3496,302.7793,100.0000,0.6074,0.0318,3.5700,0.0870,0.0315,5.8371,0.0015,1,0.0467,3.3974,0.0471,0.6352,62.1601,0.0000,62.1601,1.5900,0.0000,0.0000,791,721,85260,16.92,677.2
3497,302.7895,10.1828,0.5071,0.0162,2.3877,0.0622,0.0223,63.0630,0.0012,1,0.0499,4.2524,0.0465,0.7150,63.6915,0.0000,63.6915,1.9200,0.0000,0.0000,791,715,84644,16.92,677.2
3498,302.8556,66.0751,0.4118,0.0146,2.3012,0.0624,0.0226,70.5080,0.0016,1,0.0977,3.4254,0.0468,0.9532,63.4489,0.0000,63.4489,1.5976,0.0000,0.0000,791,722,85576,16.91,677.2
3499,302.9289,73.3403,0.5112,0.0167,3.8767,0.0935,0.0240,67.3105,0.0014,1,0.0474,3.4820,0.0471,0.8301,63.6288,0.0000,63.6288,1.7597,0.0000,0.0000,791,725,85960,16.98,677.2
3500,303.0007,71.8493,0.3963,0.0146,3.1342,0.0649,0.0245,66.0123,0.0013,1,0.0501,3.5229,0.0473,1.0204,63.6231,0.0000,63.6231,1.5854,0.0000,0.0000,791,731,86720,16.84,677.2
3501,303.0704,69.6637,2.1634,0.0168,6.5876,0.0756,0.0258,60.7855,0.0020,1,0.0543,3.1929,0.0473,0.7813,64.0821,0.0000,64.0821,1.6132,0.0000,0.0000,791,725,85756,16.80,677.2
3502,303.1401,69.6733,1.0974,0.0193,3.7245,0.0760,0.0272,135.0055,0.0019,1,0.0482,3.4311,0.0475,0.7148,64.1643,0.0000,64.1643,1.5880,0.0000,0.0000,791,717,85172,16.78,677.2
3503,303.2801,100.0000,1.0873,0.0215,2.9124,0.0588,0.0207,5.2427,0.0016,1,0.0487,3.0492,0.0473,0.7574,64.6026,0.0000,64.6026,1.7592,0.0000,0.0000,791,702,83852,16.69,677.2
3504,303.2894,9.3632,0.1774,0.0167,2.6054,0.0700,0.0245,64.8739,0.0016,1,0.0524,3.4717,0.0476,0.6961,64.7885,0.0000,64.7885,1.5976,0.0000,0.0000,791,682,81598,16.90,677.2
3505,303.3573,67.8716,1.0069,0.0173,2.2350,0.0579,0.0212,138.7551,0.0017,1,0.0452,3.0477,0.0472,0.6075,65.4081,0.0000,65.4081,1.5520,0.0000,0.0000,791,653,78142,16.76,677.2
3506,303.4995,100.0000,0.7376,0.0188,3.3058,0.0993,0.0382,5.0295,0.0025,1,0.0520,3.7376,0.0473,0.6309,65.1896,0.0000,65.1896,1.5437,0.0000,0.0000,791,653,78142,16.67,679.6
3507,303.5087,9.2977,0.0677,0.0143,2.5853,0.0781,0.0245,67.3471,0.0010,1,0.0487,3.7118,0.0473,0.8523,68.4326,0.0000,68.4326,1.5411,0.0000,0.0000,791,643,77374,16.88,679.6
3508,303.5789,70.1337,0.6697,0.0156,2.8459,0.0557,0.0200,155.7770,0.0018,1,0.0836,3.0585,0.0494,0.5219,69.3172,0.0000,69.3172,1.7121,0.0000,0.0000,791,624,74846,16.76,679.6
3509,303.7383,100.0000,3.0792,0.0176,3.6786,0.0781,0.0288,6.5367,0.0017,1,0.0476,2.8332,0.0483,0.6054,73.1948,0.0000,73.1948,1.5372,0.0000,0.0000,791,624,74846,16.63,679.6
3510,303.7517,13.4388,0.3895,0.0192,5.9705,0.0853,0.0307,65.6547,0.0015,1,0.0444,2.6380,0.0475,0.4211,72.7485,0.0000,72.7485,1.5468,0.0000,0.0000,791,619,74014,16.83,679.6
3511,303.8239,72.1690,1.9002,0.0626,3.1658,0.0718,0.0280,66.1786,0.0013,1,0.0483,2.7860,0.0492,0.4321,66.6698,0.0000,66.6698,1.7641,0.0000,0.0000,791,607,72702,16.69,679.6
3512,303.8953,71.4254,0.7311,0.0175,3.7701,0.0828,0.0337,68.0074,0.0018,1,0.0437,2.5474,0.0484,0.4219,66.3205,0.0000,66.3205,1.5235,0.0000,0.0000,791,606,72574,16.65,679.6
3513,303.9680,72.6695,0.9109,0.0185,3.7891,0.0877,0.0283,69.3293,0.0017,1,0.0443,2.7854,0.0485,0.4491,67.5382,0.0000,67.5382,1.4815,0.0000,0.0000,791,602,72222,16.62,679.6
3514,304.0421,74.1841,0.0743,0.0167,3.0347,0.0693,0.0271,67.8306,0.0015,1,0.0441,2.5913,0.0489,0.5081,64.9435,0.0000,64.9435,1.4465,0.0000,0.0000,791,591,70686,16.58,679.6
3515,304.1132,71.0726,1.3847,0.0178,9.3728,0.0805,0.0336,61.7527,0.0014,1,0.0469,2.7723,0.0479,0.5283,66.3502,0.0000,66.3502,1.4352,0.0000,0.0000,791,582,69726,16.55,687.7
3516,304.1859,72.6610,0.0640,0.0546,3.8857,0.0940,0.0289,65.6553,0.0017,1,0.0443,2.6103,0.0474,0.4239,64.9588,0.0000,64.9588,1.4372,0.0000,0.0000,791,568,68062,16.52,687.7
3517,304.2557,69.8026,0.0770,0.0191,4.0370,0.0840,0.0373,67.5223,0.0021,1,0.0447,2.5592,0.0483,0.4657,64.0421,0.0000,64.0421,1.4314,0.0000,0.0000,791,561,67166,16.58,687.7
3518,304.3275,71.7985,0.4768,0.0187,4.3827,0.0836,0.0312,66.1699,0.0019,1,0.0449,2.3117,0.0473,0.3877,66.4458,0.0000,66.4458,1.5908,0.0000,0.0000,791,549,65630,16.44,687.7
3519,304.3987,71.1849,0.6759,0.0200,4.4025,0.1665,0.0324,69.5141,0.0014,1,0.0643,4.2811,0.0484,0.6042,67.8235,0.0000,67.8235,1.4174,0.0000,0.0000,791,538,64286,16.41,687.7
3520,304.4735,74.8295,0.7586,0.0185,3.0809,0.0949,0.0313,67.4440,0.0011,1,0.0490,2.8523,0.0476,0.5225,68.8601,0.0000,68.8601,1.4252,0.0000,0.0000,791,526,62782,16.37,687.7
3521,304.5450,71.4445,0.4217,0.0148,1.9938,0.0499,0.0186,152.7239,0.0017,1,0.0454,2.4740,0.0486,0.4748,69.8543,0.0000,69.8543,1.4343,0.0000,0.0000,791,518,61758,16.34,687.7
3522,304.7002,100.0000,1.3772,0.0216,4.3777,0.1125,0.0269,5.1579,0.0015,1,0.0440,2.6972,0.0483,0.5612,74.2548,0.0000,74.2548,1.4659,0.0000,0.0000,791,505,60318,16.34,687.8
3523,304.7113,11.0910,0.9732,0.0194,2.8637,0.0676,0.0250,69.4748,0.0014,1,0.0442,2.1517,0.0474,0.4017,75.2950,0.0000,75.2950,1.4829,0.0000,0.0000,791,498,59422,16.33,687.8
3524,304.7847,73.4400,1.0275,0.0153,2.7239,0.0663,0.0246,162.7587,0.0014,1,0.0440,2.1856,0.0474,0.4101,78.4530,0.0000,78.4530,1.5416,0.0000,0.0000,791,487,58258,16.30,687.8
3525,304.9514,100.0000,0.8463,0.0199,1.8541,0.0469,0.0170,5.2758,0.0016,1,0.0468,2.8503,0.0487,0.7190,78.1981,0.0000,78.1981,1.5387,0.0000,0.0000,791,485,58002,16.21,687.8
3526,304.9594,8.0769,0.1800,0.0131,1.6746,0.0761,0.0234,78.6021,0.0014,1,0.0446,2.4868,0.0471,0.5980,78.8194,0.0000,78.8194,1.5595,0.0000,0.0000,791,476,56850,16.32,687.8
3527,305.0400,80.5849,1.1692,0.0146,5.8722,0.0512,0.0196,80.6506,0.0013,1,0.0451,2.1053,0.0474,0.5549,78.9744,0.0000,78.9744,1.6412,0.0000,0.0000,791,455,54286,16.37,687.8
3528,305.1278,87.7939,0.9236,0.0163,3.2127,0.0932,0.0417,82.7157,0.0020,1,0.0480,2.7355,0.0471,0.6555,81.9887,0.0000,81.9887,1.6654,0.0000,0.0000,791,454,54158,16.19,687.8
3529,305.2148,87.0248,0.5349,0.0180,3.2901,0.0645,0.0247,166.7444,0.0018,1,0.0415,2.2385,0.0474,0.4444,81.7170,0.0000,81.7170,1.9471,0.0000,0.0000,791,440,52526,16.06,687.8
3530,305.3856,100.0000,1.0049,0.0219,2.6624,0.0715,0.0239,5.5843,0.0012,1,0.0500,2.0559,0.0474,0.5120,81.0086,0.0000,81.0086,1.6794,0.0000,0.0000,791,418,49806,15.98,716.4
3531,305.3949,9.3897,0.3931,0.0135,3.6919,0.0746,0.0286,75.2172,0.0012,1,0.0457,2.2399,0.0480,0.5343,79.3584,0.0000,79.3584,1.7073,0.0000,0.0000,791,398,47470,16.08,716.4
3532,305.4744,79.4702,0.2566,0.0149,4.5495,0.0814,0.0248,167.9529,0.0016,1,0.0442,2.3530,0.0489,0.4977,80.7958,0.0000,80.7958,1.9105,0.0000,0.0000,791,381,45442,16.05,716.4
3533,305.6473,100.0000,0.2529,0.0178,2.7978,0.0629,0.0231,5.6941,0.0024,1,0.0450,2.0333,0.0475,0.4829,80.2241,0.0000,80.2241,1.9319,0.0000,0.0000,791,379,45186,16.05,716.4
3534,305.6562,8.8736,0.5365,0.0190,4.8334,0.0680,0.0262,76.1090,0.0011,1,0.0427,1.5959,0.0479,0.3313,82.9004,0.0000,82.9004,1.7669,0.0000,0.0000,791,363,43266,16.05,716.4
3535,305.7378,81.6093,1.0121,0.0164,2.4004,0.0625,0.0223,83.8966,0.0013,1,0.0437,1.7003,0.0491,0.3630,81.4875,0.0000,81.4875,1.7903,0.0000,0.0000,791,344,40898,15.99,716.4
3536,305.8253,87.4257,0.1827,0.0131,3.0126,0.0586,0.0233,85.3898,0.0013,1,0.0428,1.8206,0.0492,0.4003,82.7208,0.0000,82.7208,1.7915,0.0000,0.0000,791,343,40770,15.93,716.4
3537,305.9139,88.6970,0.4386,0.0138,1.4841,0.0432,0.0180,174.0760,0.0024,1,0.0410,1.5671,0.0494,0.3397,83.8218,0.0000,83.8218,1.9779,0.0000,0.0000,791,333,39618,15.87,716.4
3538,306.0901,100.0000,1.5898,0.0215,7.8813,0.0519,0.0241,4.2397,0.0010,1,0.0454,1.7495,0.0490,0.3973,85.5084,0.0000,85.5084,1.7886,0.0000,0.0000,791,329,39106,15.87,717.0
3539,306.1039,13.8225,0.3340,0.0127,3.0685,0.0504,0.0273,79.5066,0.0014,1,0.0441,1.5437,0.0503,0.3705,88.8940,0.0000,88.8940,1.8203,0.0000,0.0000,791,320,38050,15.86,717.0
3540,306.1869,83.0162,1.4215,0.0169,1.8337,0.0549,0.0321,178.8739,0.0018,1,0.0406,1.4773,0.0492,0.2812,86.6326,0.0000,86.6326,1.7923,0.0000,0.0000,791,310,36770,15.80,717.0
3541,306.3691,100.0000,2.0502,0.0173,1.6374,0.0549,0.0175,2.9995,0.0010,1,0.0383,1.3262,0.0490,0.2703,86.2055,0.0000,86.2055,1.8052,0.0000,0.0000,791,307,36418,15.71,717.0
3542,306.3759,6.7919,0.0508,0.0115,2.8700,0.0599,0.0197,86.8832,0.0014,1,0.0519,1.8132,0.0492,0.2916,87.1976,0.0000,87.1976,1.8058,0.0000,0.0000,791,304,36034,15.82,717.0
3543,306.4659,89.9117,0.3052,0.0145,1.7589,0.0526,0.0204,182.9171,0.0014,1,0.0411,1.7117,0.0499,0.2335,86.8730,0.0000,86.8730,1.7900,0.0000,0.0000,791,304,36034,15.84,717.0
3544,306.6509,100.0000,0.3923,0.0167,3.1166,0.0529,0.0192,4.3025,0.0013,1,0.0399,1.3267,0.0493,0.2410,86.6749,0.0000,86.6749,1.7948,0.0000,0.0000,791,304,36034,15.66,717.0
3545,306.6588,7.9166,0.0585,0.0134,3.0824,0.0634,0.0246,85.2628,0.0012,1,0.0406,1.3620,0.0492,0.2628,87.6470,0.0000,87.6470,1.8034,0.0000,0.0000,791,304,36034,15.75,717.0
3546,306.7474,88.5761,0.4673,0.0165,2.8946,0.0656,0.0259,88.6394,0.0009,1,0.0440,1.5034,0.0496,0.2803,88.1123,0.0000,88.1123,1.8073,0.0000,0.0000,791,304,36034,15.70,717.0
3547,306.8395,92.1257,1.2221,0.0129,1.9549,0.0477,0.0188,87.1903,0.0015,1,0.0418,1.5032,0.0492,0.2662,86.0676,0.0000,86.0676,1.7989,0.0000,0.0000,791,303,35906,15.63,717.0
3548,306.9300,90.4622,0.7218,0.0144,2.3615,0.0593,0.0224,178.9337,0.0020,1,0.0408,1.4204,0.0492,0.2458,86.5462,0.0000,86.5462,1.8148,0.0000,0.0000,791,303,35906,15.65,717.0
3549,307.1122,100.0000,0.5272,0.0221,3.4180,0.0682,0.0264,5.8154,0.0013,1,0.0415,1.2989,0.0490,0.2699,86.9093,0.0000,86.9093,1.8203,0.0000,0.0000,791,303,35906,15.48,717.0
3550,307.1220,9.8947,0.5357,0.0159,6.8029,0.0795,0.0258,81.4173,0.0015,1,0.0428,1.3789,0.0492,0.2549,88.3285,0.0000,88.3285,1.9904,0.0000,0.0000,791,303,35906,15.57,717.0
3551,307.2109,88.8860,0.6959,0.0167,3.3784,0.0708,0.0278,88.1894,0.0013,1,0.0426,1.4493,0.0492,0.2847,86.6729,0.0000,86.6729,1.8022,0.0000,0.0000,791,303,35906,15.59,717.0
3552,307.3033,92.3985,0.0947,0.0148,2.9868,0.0852,0.0281,85.3750,0.0020,1,0.0472,1.5425,0.0492,0.2866,87.6182,0.0000,87.6182,1.8093,0.0000,0.0000,791,303,35906,15.42,717.0
3553,307.3919,88.5952,0.5699,0.0137,1.4750,0.0571,0.0187,92.4444,0.0013,1,0.0414,1.6552,0.0479,0.2785,88.1436,0.0000,88.1436,1.7983,0.0000,0.0000,791,303,35906,15.36,717.0
3554,307.4865,94.5948,0.3391,0.0133,2.4682,0.0577,0.0217,87.6104,0.0010,1,0.0419,1.4409,0.0502,0.2777,88.2496,0.0000,88.2496,1.8097,0.0000,0.0000,791,303,35906,15.37,717.0
3555,307.5770,90.5176,0.5517,0.0120,1.4764,0.0495,0.0193,183.5651,0.0022,1,0.0418,1.4465,0.0489,0.2652,88.7741,0.0000,88.7741,1.8155,0.0000,0.0000,791,303,35906,15.21,717.0
3556,307.7627,100.0000,0.0848,0.0204,2.4855,0.0660,0.0251,5.7583,0.0013,1,0.0410,1.3720,0.0492,0.2440,87.0283,0.0000,87.0283,1.8017,0.0000,0.0000,791,303,35906,15.13,717.0
3557,307.7711,8.4488,0.0578,0.0139,2.2895,0.0614,0.0255,98.0781,0.0013,1,0.0429,1.6183,0.0492,0.2761,98.1492,0.0000,98.1492,1.7465,0.0000,0.0000,791,303,35906,15.31,717.0
3558,307.8717,100.0000,0.5633,0.0158,2.0243,0.0668,0.0228,96.4810,0.0012,1,0.0407,1.5178,0.0505,0.2908,95.9549,0.0000,95.9549,1.7297,0.0000,0.0000,791,303,35906,15.13,717.0
3559,307.9709,99.1812,0.0518,0.0144,2.2934,0.0595,0.0223,97.8742,0.0010,1,0.0407,1.4572,0.0495,0.3113,96.5401,0.0000,96.5401,1.7220,0.0000,0.0000,791,303,35906,15.05,717.0
3560,308.0712,100.0000,0.1815,0.0127,2.1778,0.0732,0.0246,98.2652,0.0012,1,0.0419,1.6043,0.0495,0.2928,94.5817,0.0000,94.5817,1.7091,0.0000,0.0000,791,303,35906,15.05,717.0
3561,308.1719,100.0000,0.5275,0.0141,6.7440,0.0653,0.0241,94.9128,0.0017,1,0.0424,1.4094,0.0497,0.2615,98.3337,0.0000,98.3337,1.7110,0.0000,0.0000,791,303,35906,14.88,717.0
3562,308.2742,100.0000,0.0714,0.0218,2.7584,0.0736,0.0283,97.4745,0.0010,1,0.0403,1.7147,0.0508,0.2730,97.2617,0.0000,97.2617,1.6996,0.0000,0.0000,791,303,35906,14.81,717.0
3563,308.4708,100.0000,0.1955,0.0141,2.9359,0.0704,0.0347,11.2814,0.0013,1,0.0449,1.5466,0.0500,0.2910,106.0159,0.0000,106.0159,1.6759,0.0000,0.0000,791,303,35906,14.81,717.0
3564,308.4853,14.5399,0.0604,0.0411,3.0020,0.0611,0.0247,203.5524,0.0023,1,0.0400,1.4916,0.0492,0.2540,97.3025,0.0000,97.3025,1.6768,0.0000,0.0000,791,303,35906,14.81,717.0
3565,308.6920,100.0000,0.0730,0.0196,3.1137,0.0709,0.0289,3.8691,0.0013,1,0.0407,1.3534,0.0495,0.2702,96.4489,0.0000,96.4489,1.6770,0.0000,0.0000,791,303,35906,14.73,717.0
3566,308.6992,7.1838,0.0632,0.0145,6.5777,0.0731,0.0278,89.7993,0.0018,1,0.0396,1.3395,0.0492,0.2173,96.1293,0.0000,96.1293,1.6671,0.0000,0.0000,791,303,35906,14.83,717.0
3567,308.7958,96.5645,0.0608,0.0148,1.7113,0.0484,0.0183,203.2638,0.0024,1,0.0409,1.3436,0.0498,0.2580,97.5754,0.0000,97.5754,1.6626,0.0000,0.0000,791,303,35906,14.78,717.0
3568,309.0009,100.0000,0.0810,0.0181,2.8849,0.0894,0.0227,5.0419,0.0016,1,0.0421,1.3159,0.0493,0.2406,97.8173,0.0000,97.8173,1.6522,0.0000,0.0000,791,303,35906,14.71,717.0
3569,309.0091,8.1458,0.0564,0.0139,2.4513,0.0655,0.0229,97.2633,0.0013,1,0.0436,1.7085,0.0481,0.2660,98.5298,0.0000,98.5298,1.6545,0.0000,0.0000,791,303,35906,14.81,717.0
3570,309.1089,99.8814,0.1856,0.0162,2.4512,0.0638,0.0244,101.6945,0.0016,1,0.0408,1.6052,0.0511,0.2323,98.3484,0.0000,98.3484,1.8152,0.0000,0.0000,791,303,35906,14.81,717.0
3571,309.2134,100.0000,0.0693,0.0165,5.7181,0.0665,0.0250,92.7439,0.0012,1,0.0423,1.5025,0.0492,0.3081,94.7180,0.0000,94.7180,1.9036,0.0000,0.0000,791,303,35906,14.65,717.0
3572,309.3120,98.6493,0.0760,0.0162,2.7008,0.0642,0.0249,196.6247,0.0014,1,0.0400,1.3704,0.0510,0.2260,96.9621,0.0000,96.9621,1.8080,0.0000,0.0000,791,303,35906,14.58,717.0
3573,309.5116,100.0000,0.0600,0.0174,2.1842,0.0507,0.0201,3.4865,0.0011,1,0.0439,1.5051,0.0496,0.2996,95.6451,0.0000,95.6451,1.9393,0.0000,0.0000,791,303,35906,14.58,717.0
3574,309.5174,5.8270,0.0548,0.0134,2.0439,0.0566,0.0237,95.7360,0.0011,1,0.0424,1.5508,0.0494,0.2421,96.1637,0.0000,96.1637,1.6345,0.0000,0.0000,791,303,35906,14.59,717.0
3575,309.6153,97.9350,0.0581,0.0131,2.1580,0.0781,0.0300,103.5778,0.0014,1,0.0390,1.2993,0.0492,0.2441,100.2250,0.0000,100.2250,1.6196,0.0000,0.0000,791,303,35906,14.52,717.0
3576,309.7213,100.0000,0.0689,0.0160,3.7215,0.0641,0.0243,95.3554,0.0017,1,0.0460,1.7860,0.0493,0.3393,96.1414,0.0000,96.1414,1.6239,0.0000,0.0000,791,303,35906,14.45,717.0
3577,309.8205,99.2607,0.0628,0.0188,2.6413,0.0740,0.0261,199.7037,0.0015,1,0.0428,1.8410,0.0492,0.3420,96.5712,0.0000,96.5712,1.6222,0.0000,0.0000,791,303,35906,14.39,717.0
3578,310.0230,100.0000,0.0665,0.0177,3.0235,0.0524,0.0193,3.9142,0.0014,1,0.0399,1.2628,0.0493,0.2150,97.4741,0.0000,97.4741,1.6071,0.0000,0.0000,791,303,35906,14.39,717.0
3579,310.0302,7.1037,0.0593,0.0128,2.1668,0.0636,0.0227,95.8531,0.0010,1,0.0451,1.6419,0.0492,0.3017,96.3913,0.0000,96.3913,1.6189,0.0000,0.0000,791,303,35906,14.39,717.0
3580,310.1283,98.1855,0.9903,0.0139,4.8208,0.0546,0.0192,97.4844,0.0011,1,0.0407,1.7051,0.0501,0.2705,96.8286,0.0000,96.8286,1.6174,0.0000,0.0000,791,303,35906,14.33,717.0
3581,310.2317,100.0000,0.5175,0.0145,5.8340,0.0726,0.0281,92.9246,0.0013,1,0.0402,1.6834,0.0493,0.2858,95.9910,0.0000,95.9910,1.6235,0.0000,0.0000,791,303,35906,14.27,732.7
3582,310.3311,99.4001,0.0737,0.0150,2.2517,0.0557,0.0218,97.4441,0.0014,1,0.0389,1.6716,0.0503,0.2580,95.4778,0.0000,95.4778,1.7859,0.0000,0.0000,791,303,35906,14.22,732.7
3583,310.4310,99.8706,0.0638,0.0185,2.1692,0.0536,0.0203,97.4590,0.0011,1,0.0410,1.5925,0.0493,0.2374,95.3064,0.0000,95.3064,1.6030,0.0000,0.0000,791,303,35906,14.22,732.7
3584,310.5308,99.7921,0.0601,0.0140,2.7288,0.0598,0.0243,198.5270,0.0019,1,0.0387,1.4675,0.0493,0.2668,95.6029,0.0000,95.6029,1.6115,0.0000,0.0000,791,303,35906,14.06,732.7
3585,310.7322,100.0000,0.0744,0.0182,2.3056,0.0490,0.0188,3.3765,0.0010,1,0.0399,1.3180,0.0489,0.2372,98.5171,0.0000,98.5171,1.6059,0.0000,0.0000,791,303,35906,14.00,732.7
3586,310.7381,5.8500,0.0965,0.0151,2.6990,0.0622,0.0233,97.0614,0.0030,1,0.0413,1.6075,0.0499,0.2968,97.8648,0.0000,97.8648,1.6074,0.0000,0.0000,791,303,35906,14.10,732.7
3587,310.8380,99.9746,0.1099,0.0242,1.9937,0.0529,0.0231,101.1973,0.0011,1,0.0469,1.8406,0.0497,0.3772,97.6564,0.0000,97.6564,1.5937,0.0000,0.0000,791,303,35906,14.05,732.7
3588,310.9414,100.0000,0.8614,0.0169,3.1441,0.0635,0.0239,97.8956,0.0013,1,0.0484,1.9128,0.0492,0.3727,96.7993,0.0000,96.7993,1.5967,0.0000,0.0000,791,303,35906,14.00,732.7
3589,311.0435,100.0000,0.4366,0.0151,3.0141,0.0633,0.0247,197.2723,0.0030,1,0.0473,1.5247,0.0492,0.2954,95.8806,0.0000,95.8806,1.6060,0.0000,0.0000,791,303,35906,13.94,732.7
3590,311.2443,100.0000,0.4772,0.0207,2.8212,0.0673,0.0244,5.4226,0.0016,1,0.0400,1.4746,0.0492,0.2782,96.3031,0.0000,96.3031,1.5855,0.0000,0.0000,791,303,35906,13.90,732.7
3591,311.2531,8.8425,0.6142,0.0204,2.1089,0.0481,0.0194,95.0688,0.0012,1,0.0432,1.6949,0.0494,0.2857,96.1952,0.0000,96.1952,1.5917,0.0000,0.0000,791,303,35906,14.00,732.7
3592,311.3511,97.9700,0.4500,0.0155,3.5969,0.0590,0.0243,95.9335,0.0015,1,0.0408,1.3040,0.0493,0.2580,95.7628,0.0000,95.7628,1.5881,0.0000,0.0000,791,303,35906,13.95,732.7
3593,311.4512,100.0000,0.4649,0.0172,3.2686,0.0726,0.0284,96.0531,0.0015,1,0.0393,1.3276,0.0482,0.2563,95.5033,0.0000,95.5033,1.5819,0.0000,0.0000,791,303,35906,13.90,732.7
3594,311.5511,99.9143,0.0749,0.0180,3.1764,0.0663,0.0268,104.7761,0.0021,1,0.0389,1.2580,0.0493,0.2414,95.4440,0.0000,95.4440,1.5924,0.0000,0.0000,791,303,35906,13.90,732.7
3595,311.6593,100.0000,0.0838,0.0186,9.9681,0.1916,0.0310,78.9346,0.0018,1,0.0408,1.4061,0.0492,0.2580,95.6857,0.0000,95.6857,1.5829,0.0000,0.0000,791,303,35906,13.77,732.7
3596,311.7485,89.2443,0.7561,0.0175,3.3633,0.0733,0.0310,98.3501,0.0014,1,0.0400,1.4111,0.0493,0.2540,97.7957,0.0000,97.7957,1.5791,0.0000,0.0000,791,303,35906,13.72,732.7
3597,311.8511,100.0000,0.0578,0.0129,2.1536,0.0692,0.0348,100.0595,0.0016,1,0.0401,1.5034,0.0492,0.2831,97.0247,0.0000,97.0247,1.5816,0.0000,0.0000,791,303,35906,13.68,732.7
3598,311.9535,100.0000,0.1732,0.0112,3.4079,0.0624,0.0246,198.7890,0.0023,1,0.0409,1.3950,0.0494,0.2614,96.0867,0.0000,96.0867,1.7491,0.0000,0.0000,791,303,35906,13.64,732.7
3599,312.1560,100.0000,0.6048,0.0172,7.2734,0.0750,0.0461,7.1526,0.0015,1,0.0435,1.4470,0.0494,0.2666,96.1731,0.0000,96.1731,1.5805,0.0000,0.0000,791,303,35906,13.64,732.7
3600,312.1712,15.1778,0.0575,0.0147,2.7911,0.0674,0.0261,89.2623,0.0014,1,0.0394,1.3378,0.0504,0.2228,97.2642,0.0000,97.2642,1.5724,0.0000,0.0000,791,303,35906,13.63,732.7
3601,312.2634,92.2273,0.0753,0.0148,4.4629,0.0709,0.0271,192.1539,0.0021,1,0.0465,1.6635,0.0504,0.3031,95.2300,0.0000,95.2300,1.5688,0.0000,0.0000,791,303,35906,13.60,732.7
3602,312.4602,100.0000,0.0812,0.0177,2.8817,0.0620,0.0239,6.5976,0.0018,1,0.0401,1.3005,0.0492,0.2270,94.8040,0.0000,94.8040,1.5773,0.0000,0.0000,791,303,35906,13.60,732.7
3603,312.4701,9.8904,0.0579,0.0162,3.2519,0.0632,0.0250,90.9922,0.0014,1,0.0418,1.4292,0.0492,0.2703,96.6769,0.0000,96.6769,1.5779,0.0000,0.0000,791,303,35906,13.61,732.7
3604,312.5645,94.4149,0.0593,0.0150,4.1004,0.0724,0.0263,96.0057,0.0015,1,0.0400,1.2714,0.0492,0.2146,96.3921,0.0000,96.3921,1.5764,0.0000,0.0000,791,303,35906,13.57,732.7
3605,312.6648,100.0000,0.0587,0.0137,3.5328,0.0602,0.0235,96.5400,0.0011,1,0.0388,1.3688,0.0504,0.2167,96.0379,0.0000,96.0379,1.5806,0.0000,0.0000,791,303,35906,13.57,732.7
3606,312.7650,100.0000,0.0650,0.0129,3.3776,0.1121,0.0242,97.9901,0.0012,1,0.0404,1.4007,0.0493,0.2271,96.9019,0.0000,96.9019,1.5744,0.0000,0.0000,791,303,35906,13.44,734.1
3607,312.8666,100.0000,0.0574,0.0168,2.4198,0.2390,0.0248,103.1902,0.0009,1,0.0403,1.6292,0.0494,0.2485,97.0289,0.0000,97.0289,1.5674,0.0000,0.0000,791,303,35906,13.40,734.1
3608,312.9726,100.0000,0.0835,0.0131,3.1069,0.0752,0.0248,196.5044,0.0023,1,0.0383,1.3002,0.0486,0.2275,97.4184,0.0000,97.4184,1.5653,0.0000,0.0000,791,303,35906,13.36,734.1
3609,313.1724,100.0000,0.7232,0.0234,6.6997,0.1133,0.0333,8.1559,0.0016,1,0.0410,1.4664,0.0491,0.2621,95.1952,0.0000,95.1952,1.5687,0.0000,0.0000,791,303,35906,13.32,734.1
3610,313.1882,15.7585,0.3078,0.0177,5.1256,0.0941,0.0332,88.2853,0.0020,1,0.0434,1.3299,0.0492,0.2256,98.5735,0.0000,98.5735,1.5764,0.0000,0.0000,791,303,35906,13.45,734.1
3611,313.2820,93.8762,0.0943,0.0235,3.8862,0.0873,0.0312,195.1432,0.0012,1,0.0420,1.3866,0.0496,0.2707,95.9445,0.0000,95.9445,1.7312,0.0000,0.0000,791,303,35906,13.46,734.1
3612,313.4813,100.0000,0.0815,0.0179,2.2541,0.0482,0.0209,4.7701,0.0011,1,0.0415,1.5088,0.0494,0.2990,96.3669,0.0000,96.3669,1.5595,0.0000,0.0000,791,303,35906,13.32,734.2
3613,313.4885,7.2006,0.0562,0.0137,2.7669,0.0624,0.0241,93.1424,0.0017,1,0.0387,1.3216,0.0504,0.2374,96.5328,0.0000,96.5328,1.5605,0.0000,0.0000,791,303,35906,13.46,734.2
3614,313.5846,96.0755,0.0621,0.0155,3.2358,0.0606,0.0231,199.0385,0.0021,1,0.0428,1.4761,0.0492,0.2573,96.7324,0.0000,96.7324,1.5662,0.0000,0.0000,791,303,35906,13.33,734.2
3615,313.7870,100.0000,1.0486,0.0160,3.4303,0.0802,0.0299,7.7317,0.0014,1,0.0408,1.3645,0.0496,0.2499,96.5304,0.0000,96.5304,1.5560,0.0000,0.0000,791,303,35906,13.29,734.2
3616,313.7994,12.3450,0.0613,0.0145,2.3329,0.0531,0.0219,92.3196,0.0016,1,0.0444,1.3745,0.0492,0.2677,97.3503,0.0000,97.3503,1.5621,0.0000,0.0000,791,303,35906,13.42,734.2
3617,313.8942,94.8148,0.2249,0.0153,2.4819,0.0627,0.0216,195.8970,0.0012,1,0.0417,1.6646,0.0492,0.2683,96.2092,0.0000,96.2092,1.5603,0.0000,0.0000,791,303,35906,13.29,734.2
3618,314.0929,100.0000,1.0412,0.0134,6.3187,0.0944,0.0316,5.3028,0.0013,1,0.0416,1.7993,0.0506,0.2747,93.5804,0.0000,93.5804,1.5640,0.0000,0.0000,791,303,35906,13.24,734.2
3619,314.1057,12.8190,0.4194,0.0148,2.8381,0.0622,0.0233,83.5963,0.0016,1,0.0424,1.3129,0.0491,0.2507,86.2423,0.0000,86.2423,1.7983,0.0000,0.0000,791,296,34978,13.33,734.2
3620,314.1927,86.9722,0.5139,0.0171,3.3116,0.0711,0.0285,79.1189,0.0014,1,0.0817,3.1805,0.0491,0.5684,79.0516,0.0000,79.0516,1.6996,0.0000,0.0000,791,262,31138,13.31,740.7
3621,314.2758,83.0793,0.4638,0.0162,2.9839,0.0686,0.0257,76.0258,0.0013,1,0.0407,1.2400,0.0492,0.2089,78.3062,0.0000,78.3062,1.8519,0.0000,0.0000,791,250,29498,13.29,740.7
3622,314.3554,79.5995,0.2310,0.0147,2.7253,0.0631,0.0305,77.6209,0.0012,1,0.0402,1.0976,0.0482,0.1823,76.3735,0.0000,76.3735,1.6442,0.0000,0.0000,791,232,27134,13.27,740.7
3623,314.4361,80.7022,0.5719,0.0150,3.0746,0.0589,0.0235,79.4258,0.0012,1,0.0417,1.0629,0.0495,0.1905,78.6554,0.0000,78.6554,1.6912,0.0000,0.0000,791,222,26050,13.30,740.7
3624,314.5193,83.1850,0.4448,0.0165,2.9948,0.0620,0.0236,156.8541,0.0021,1,0.0415,0.9701,0.0493,0.1495,77.7277,0.0000,77.7277,1.7367,0.0000,0.0000,791,200,23250,13.19,740.7
3625,314.6797,100.0000,0.4777,0.0149,2.8223,0.0677,0.0272,3.9527,0.0019,1,0.0386,0.7873,0.0479,0.1311,74.2465,0.0000,74.2465,1.7913,0.0000,0.0000,791,181,20966,13.15,740.7
3626,314.6871,7.3830,0.4728,0.0165,3.0127,0.0752,0.0297,67.6752,0.0020,1,0.0394,0.8521,0.0491,0.1536,69.8984,0.0000,69.8984,1.7819,0.0000,0.0000,791,173,19942,13.28,740.7
3627,314.7584,71.3006,0.3150,0.0146,2.6164,0.0719,0.0269,143.2824,0.0015,1,0.0487,1.3108,0.0490,0.2598,68.4095,0.0000,68.4095,1.9477,0.0000,0.0000,791,171,19686,13.19,740.7
3628,315.0020,100.0000,0.6285,0.0132,2.5124,0.0522,0.0248,6.0136,0.0014,1,0.0382,0.9100,0.0491,0.1475,70.5230,0.0000,70.5230,1.7918,0.0000,0.0000,791,171,19686,13.15,740.7
3629,315.0114,9.3324,0.5443,0.0705,3.7665,0.0631,0.0226,90.3957,0.0024,1,0.0428,1.0805,0.0490,0.2117,88.4038,0.0000,88.4038,2.0595,0.0000,0.0000,791,186,21758,13.28,740.7
3630,315.1062,94.8927,2.2964,0.0160,6.7433,0.0646,0.0241,5.2134,0.0015,1,0.0392,1.3541,0.0471,0.1595,86.3111,0.0000,86.3111,1.8003,0.0000,0.0000,791,258,31490,13.16,740.7
3631,315.1206,14.3798,0.6577,0.0146,3.9954,0.0947,0.0236,77.3917,0.0015,1,0.0391,1.3495,0.0506,0.1711,86.7398,0.0000,86.7398,2.0521,0.0000,0.0000,791,262,32066,13.25,740.7
3632,315.2028,82.1937,0.4778,0.0158,2.6423,0.0652,0.0245,98.3213,0.0014,1,0.0383,1.2849,0.0492,0.1226,95.8098,0.0000,95.8098,1.8407,0.0000,0.0000,791,281,34946,13.23,740.7
3633,315.3044,100.0000,0.5385,0.0166,2.8970,0.0699,0.0268,97.8632,0.0015,1,0.0394,1.2856,0.0507,0.1228,98.1490,0.0000,98.1490,1.8454,0.0000,0.0000,791,284,35202,13.19,740.7
3634,315.4058,100.0000,0.5691,0.0155,3.2605,0.0725,0.0260,105.3053,0.0016,1,0.0441,1.4193,0.0492,0.1108,103.4214,0.0000,103.4214,1.8396,0.0000,0.0000,791,268,33218,13.15,740.7
3635,315.5151,100.0000,0.4873,0.0168,2.7960,0.0667,0.0258,103.0928,0.0016,1,0.0400,1.1075,0.0552,0.1160,102.4395,0.0000,102.4395,1.9991,0.0000,0.0000,791,231,28706,13.11,740.7
3636,315.6216,100.0000,0.0826,0.0236,3.7864,0.0853,0.0334,209.4521,0.0025,1,0.0380,0.9705,0.0486,0.0985,103.2234,0.0000,103.2234,1.8451,0.0000,0.0000,791,223,27362,13.07,740.7
3637,315.8351,100.0000,3.0850,0.0189,2.7487,0.0625,0.0241,7.4245,0.0017,1,0.0416,1.1514,0.0492,0.1249,102.2083,0.0000,102.2083,1.8321,0.0000,0.0000,791,223,27362,13.03,740.7
3638,315.8484,13.3739,0.3930,0.0180,3.4906,0.0778,0.0302,105.1338,0.0013,1,0.0405,1.0860,0.0492,0.1187,115.8620,0.0000,115.8620,1.7997,0.0000,0.0000,791,223,27362,13.11,740.7
3639,315.9576,100.0000,0.0603,0.0146,2.1744,0.0529,0.0208,234.0742,0.0013,1,0.0384,1.0895,0.0490,0.1106,113.5531,0.0000,113.5531,1.7862,0.0000,0.0000,791,223,27362,13.07,740.7
3640,316.1940,100.0000,0.9344,0.0179,7.2440,0.0954,0.0285,5.3036,0.0015,1,0.0396,1.0025,0.0492,0.1152,112.9765,0.0000,112.9765,1.7749,0.0000,0.0000,791,223,27362,13.04,740.7
3641,316.2076,13.6370,0.4165,0.0179,2.8743,0.0544,0.0231,107.3907,0.0015,1,0.0428,1.3439,0.0492,0.1330,113.9139,0.0000,113.9139,1.7695,0.0000,0.0000,791,223,27362,13.12,740.7
3642,316.3184,100.0000,0.0608,0.0143,2.7713,0.0668,0.0239,113.8143,0.0012,1,0.0391,1.0952,0.0492,0.1132,112.9837,0.0000,112.9837,1.7612,0.0000,0.0000,791,223,27362,13.12,740.7
3643,316.4352,100.0000,0.0521,0.0137,2.6910,0.1070,0.0695,112.7968,0.0013,1,0.0408,1.0766,0.0492,0.1270,112.7937,0.0000,112.7937,1.7550,0.0000,0.0000,791,223,27362,12.99,740.7
3644,316.5509,100.0000,0.0642,0.0156,2.7369,0.0947,0.0281,231.7421,0.0014,1,0.0394,1.1208,0.0492,0.1013,112.9801,0.0000,112.9801,1.9324,0.0000,0.0000,791,223,27362,12.95,740.7
3645,316.7856,100.0000,0.0821,0.0208,3.4242,0.0728,0.0284,5.3992,0.0014,1,0.0396,1.0548,0.0490,0.1060,112.1577,0.0000,112.1577,1.7460,0.0000,0.0000,791,223,27362,12.95,740.7
3646,316.7946,9.0363,0.0666,0.0159,3.7178,0.0864,0.0316,107.2894,0.0029,1,0.0395,1.0024,0.0478,0.1044,112.1710,0.0000,112.1710,1.8980,0.0000,0.0000,791,223,27362,12.95,740.7
3647,316.9059,100.0000,0.0819,0.0184,2.1811,0.0484,0.0191,113.9827,0.0017,1,0.0440,1.1878,0.0496,0.1311,111.6628,0.0000,111.6628,1.7409,0.0000,0.0000,791,223,27362,12.93,740.7
3648,317.0222,100.0000,0.0603,0.0154,2.5573,0.0626,0.0218,114.0507,0.0014,1,0.0398,1.1097,0.0492,0.1065,113.2616,0.0000,113.2616,1.8781,0.0000,0.0000,791,223,27362,12.91,740.7
3649,317.1390,100.0000,0.5611,0.0156,5.3875,0.1035,0.0409,112.3691,0.0014,1,0.0388,1.0359,0.0490,0.1020,113.8819,0.0000,113.8819,1.7192,0.0000,0.0000,791,223,27362,12.89,740.7
3650,317.2574,100.0000,0.0560,0.0137,2.2303,0.0639,0.0256,114.2907,0.0017,1,0.0471,1.0408,0.0492,0.1270,112.5765,0.0000,112.5765,1.8753,0.0000,0.0000,791,223,27362,12.89,740.7
3651,317.3741,100.0000,0.0634,0.0155,2.6090,0.0987,0.0213,229.4190,0.0016,1,0.0498,1.1906,0.0487,0.1126,112.6918,0.0000,112.6918,1.8734,0.0000,0.0000,791,223,27362,12.77,740.7
3652,317.6064,100.0000,0.0832,0.0177,2.3176,0.0496,0.0186,3.4687,0.0013,1,0.0431,1.1905,0.0492,0.1290,111.3377,0.0000,111.3377,1.8916,0.0000,0.0000,791,223,27362,12.74,750.7
3653,317.6123,5.9639,0.0668,0.0153,2.1497,0.0587,0.0231,113.1288,0.0012,1,0.0420,1.2523,0.0492,0.1616,113.4574,0.0000,113.4574,1.7041,0.0000,0.0000,791,223,27362,12.87,750.7
3654,317.7278,100.0000,0.0587,0.0153,2.2742,0.0569,0.0252,230.4242,0.0019,1,0.0398,1.2265,0.0480,0.1133,111.9184,0.0000,111.9184,1.7005,0.0000,0.0000,791,223,27362,12.74,750.7
3655,317.9607,100.0000,0.0782,0.0192,1.9446,0.0499,0.0191,3.6284,0.0013,1,0.0411,1.0639,0.0492,0.1308,113.0990,0.0000,113.0990,1.6959,0.0000,0.0000,791,223,27362,12.72,750.7
3656,317.9664,5.7485,0.0642,0.0153,4.4554,0.0564,0.0214,109.8537,0.0011,1,0.0403,1.1455,0.0493,0.1305,112.0588,0.0000,112.0588,1.6896,0.0000,0.0000,791,223,27362,12.83,750.7
3657,318.0809,100.0000,1.3858,0.0147,6.2128,0.1860,0.0276,109.5992,0.0015,1,0.0421,1.1605,0.0491,0.1065,112.2202,0.0000,112.2202,1.6994,0.0000,0.0000,791,223,27362,12.81,750.7
3658,318.1983,100.0000,0.7061,0.0145,2.6830,0.0858,0.0838,111.0822,0.0010,1,0.0419,1.0040,0.0491,0.1060,111.9845,0.0000,111.9845,1.6762,0.0000,0.0000,791,223,27362,12.81,750.7
3659,318.3130,100.0000,0.6539,0.0159,1.7926,0.0476,0.0193,229.5032,0.0016,1,0.0382,1.0431,0.0491,0.0968,111.3044,0.0000,111.3044,1.8371,0.0000,0.0000,791,223,27362,12.70,750.9
3660,318.5450,100.0000,1.0977,0.0159,1.5812,0.0444,0.0168,2.8252,0.0013,1,0.0389,0.9751,0.0492,0.0996,112.4816,0.0000,112.4816,1.8337,0.0000,0.0000,791,223,27362,12.67,750.9
3661,318.5506,5.5885,0.5436,0.0144,1.5775,0.0474,0.0201,112.2810,0.0013,1,0.0421,1.2128,0.0492,0.1169,113.3543,0.0000,113.3543,1.6796,0.0000,0.0000,791,223,27362,12.80,750.9
3662,318.6651,100.0000,0.7676,0.0157,1.6992,0.0464,0.0193,232.3276,0.0023,1,0.0392,0.9896,0.0493,0.0983,113.5188,0.0000,113.5188,1.6772,0.0000,0.0000,791,223,27362,12.68,750.9
3663,318.9000,100.0000,0.6316,0.0230,1.9648,0.0474,0.0187,5.0557,0.0013,1,0.0409,1.0717,0.0489,0.1184,112.3643,0.0000,112.3643,1.6749,0.0000,0.0000,791,223,27362,12.66,750.9
3664,318.9077,7.7500,0.0515,0.0137,1.9791,0.0539,0.0237,112.3203,0.0012,1,0.0450,1.2190,0.0492,0.1209,113.0451,0.0000,113.0451,1.6771,0.0000,0.0000,791,223,27362,12.79,750.9
3665,319.0222,100.0000,0.4103,0.0152,11.9724,0.0650,0.0255,220.3345,0.0016,1,0.0388,1.0593,0.0492,0.0965,112.3375,0.0000,112.3375,1.6713,0.0000,0.0000,791,223,27362,12.66,750.9
3666,319.2550,100.0000,6.3171,0.0147,2.5774,0.0558,0.0210,4.6401,0.0013,1,0.0381,1.0552,0.0480,0.0986,114.4543,0.0000,114.4543,1.6632,0.0000,0.0000,791,223,27362,12.65,751.9
3667,319.2687,13.6432,0.0681,0.0130,2.6554,0.0648,0.0237,104.9268,0.0012,1,0.0422,1.0621,0.0541,0.1335,112.1469,0.0000,112.1469,1.6646,0.0000,0.0000,791,223,27362,12.75,751.9
3668,319.3764,100.0000,0.2035,0.0146,2.6847,0.0690,0.0253,101.3697,0.0012,1,0.0425,1.1088,0.0492,0.1297,102.3158,0.0000,102.3158,2.0093,0.0000,0.0000,791,221,27234,12.74,751.9
3669,319.4808,100.0000,0.3944,0.0138,1.6459,0.0433,0.0176,102.3048,0.0012,1,0.0376,1.0254,0.0491,0.1025,101.9100,0.0000,101.9100,2.0156,0.0000,0.0000,791,221,27106,12.74,751.9
3670,319.5852,100.0000,0.9230,0.0138,1.8764,0.0621,0.0190,213.5206,0.0020,1,0.0366,1.0941,0.0489,0.0998,103.8595,0.0000,103.8595,1.8400,0.0000,0.0000,791,242,29762,12.62,751.9
3671,319.8017,100.0000,0.8644,0.0142,1.9466,0.0449,0.0178,3.3479,0.0011,1,0.0403,1.1610,0.0492,0.1101,104.2085,0.0000,104.2085,1.8309,0.0000,0.0000,791,246,30274,12.60,751.9
3672,319.8079,6.2526,0.0565,0.0144,3.0610,0.0674,0.0243,102.7500,0.0027,1,0.0436,1.4701,0.0496,0.1194,103.1501,0.0000,103.1501,1.8202,0.0000,0.0000,791,298,37282,12.72,751.9
3673,319.9139,100.0000,0.3777,0.0136,2.2844,0.0801,0.0308,196.0051,0.0020,1,0.0433,2.0959,0.0492,0.3214,93.1825,0.0000,93.1825,1.8291,0.0000,0.0000,791,364,43862,12.70,777.5
3674,320.1127,100.0000,1.5530,0.0215,5.5622,0.1004,0.0404,5.4433,0.0013,1,0.0428,1.9816,0.0492,0.2811,94.4193,0.0000,94.4193,1.8203,0.0000,0.0000,791,364,43862,12.70,777.5
3675,320.1255,12.7377,1.8076,0.0150,3.1066,0.0622,0.0236,89.3184,0.0014,1,0.0437,1.6574,0.0492,0.3252,96.6473,0.0000,96.6473,1.8309,0.0000,0.0000,791,365,43634,12.80,777.5
3676,320.2198,94.3515,0.2052,0.0150,2.1287,0.0527,0.0205,90.1197,0.0010,1,0.0425,2.0881,0.0492,0.2943,87.6361,0.0000,87.6361,1.8211,0.0000,0.0000,791,366,43710,12.81,777.5
3677,320.3124,92.5560,0.1863,0.0136,3.1562,0.0467,0.0171,86.5773,0.0010,1,0.0451,2.0280,0.0477,0.3074,86.4978,0.0000,86.4978,1.8384,0.0000,0.0000,791,366,43710,12.70,777.5
3678,320.4024,90.0109,0.3598,0.0184,1.5787,0.0511,0.0216,91.6846,0.0012,1,0.0418,1.9808,0.0492,0.3256,87.7424,0.0000,87.7424,1.8164,0.0000,0.0000,791,356,42430,12.71,777.5
3679,320.4961,93.7250,0.0614,0.0151,2.3968,0.0561,0.0205,88.4846,0.0020,1,0.0441,1.7606,0.0492,0.3174,88.1768,0.0000,88.1768,1.8184,0.0000,0.0000,791,356,42430,12.72,777.5
3680,320.5872,91.0429,0.0636,0.0122,1.7966,0.0448,0.0176,94.3592,0.0013,1,0.0399,1.6307,0.0490,0.3176,88.1135,0.0000,88.1135,1.8101,0.0000,0.0000,791,356,42430,12.73,801.7
3681,320.6835,96.3016,0.0601,0.0146,2.4265,0.0620,0.0244,101.0644,0.0011,1,0.0442,1.6912,0.0492,0.3399,99.8425,0.0000,99.8425,2.0579,0.0000,0.0000,791,356,42430,12.73,801.7
3682,320.7871,100.0000,0.0635,0.0339,1.9395,0.0573,0.0186,203.9307,0.0019,1,0.0424,1.6410,0.0492,0.2830,97.9229,0.0000,97.9229,1.7472,0.0000,0.0000,791,356,42430,12.73,801.7
3683,320.9932,100.0000,2.5686,0.0142,3.2101,0.0592,0.0266,5.0707,0.0012,1,0.0421,1.5529,0.0488,0.2706,98.9053,0.0000,98.9053,1.7375,0.0000,0.0000,791,356,42430,12.73,801.7
3684,321.0041,10.9584,0.3183,0.0160,2.1827,0.0557,0.0235,92.8293,0.0012,1,0.0420,1.9046,0.0492,0.2920,96.3521,0.0000,96.3521,1.7308,0.0000,0.0000,791,356,42430,12.74,801.7
3685,321.0996,95.4326,0.1984,0.0134,2.7677,0.0611,0.0231,100.0743,0.0023,1,0.0401,1.5810,0.0502,0.3015,98.8174,0.0000,98.8174,1.7251,0.0000,0.0000,791,356,42430,12.75,801.7
3686,321.2027,100.0000,0.5511,0.0137,5.5326,0.0606,0.0225,97.7822,0.0011,1,0.0408,1.9708,0.0488,0.2596,99.4418,0.0000,99.4418,1.9062,0.0000,0.0000,791,356,42430,12.62,801.7
3687,321.3067,100.0000,0.0550,0.0132,1.9006,0.0488,0.0197,100.4329,0.0012,1,0.0458,1.5012,0.0492,0.2662,99.3977,0.0000,99.3977,1.7203,0.0000,0.0000,791,356,42430,12.62,801.7
3688,321.4092,100.0000,0.0544,0.0126,1.9839,0.0448,0.0178,98.5663,0.0016,1,0.0401,1.4880,0.0492,0.2549,96.1868,0.0000,96.1868,1.7055,0.0000,0.0000,791,356,42430,12.62,801.7
3689,321.5099,100.0000,0.5841,0.0156,2.1650,0.0581,0.0227,206.5317,0.0018,1,0.0404,1.5068,0.0492,0.2519,99.3136,0.0000,99.3136,1.7036,0.0000,0.0000,791,356,42430,12.50,801.7
3690,321.7192,100.0000,0.6012,0.0218,3.7992,0.0638,0.0239,3.9278,0.0013,1,0.0415,1.5681,0.0494,0.3028,99.0281,0.0000,99.0281,1.6966,0.0000,0.0000,791,356,42430,12.50,801.7
3691,321.8304,100.0000,1.3198,0.0150,4.3702,0.0729,0.0261,6.2994,0.0014,1,0.0394,1.8848,0.0503,0.2540,109.7556,0.0000,109.7556,1.8502,0.0000,0.0000,791,356,42430,12.50,801.7
3692,321.8425,12.1123,0.6824,0.0186,2.9587,0.0700,0.0273,95.6292,0.0014,1,0.0407,1.8364,0.0492,0.3038,99.1677,0.0000,99.1677,1.6978,0.0000,0.0000,791,356,42430,12.61,801.7
3693,321.9419,99.3947,0.6082,0.0155,2.0345,0.0508,0.0201,100.2530,0.0014,1,0.0425,1.6852,0.0492,0.2664,98.1097,0.0000,98.1097,1.6953,0.0000,0.0000,791,356,42430,12.61,801.7
3694,322.0449,100.0000,0.1757,0.0131,2.1719,0.0546,0.0211,98.5301,0.0010,1,0.0401,1.6414,0.0497,0.2867,98.0602,0.0000,98.0602,1.6877,0.0000,0.0000,791,356,42430,12.49,801.7
3695,322.1459,100.0000,5.1754,0.0145,2.7519,0.0601,0.0221,95.4784,0.5704,1,0.0397,1.5016,0.0480,0.2476,98.2081,0.0000,98.2081,1.6892,0.0000,0.0000,791,356,42430,12.48,801.7
3696,322.2500,100.0000,0.9712,0.0164,3.3795,0.0807,0.0277,199.6131,0.0018,1,0.0402,1.4646,0.0488,0.2478,97.0844,0.0000,97.0844,1.6795,0.0000,0.0000,791,356,42430,12.48,801.7
3697,322.4541,100.0000,2.7346,0.0134,2.1654,0.0695,0.0224,4.3013,0.0012,1,0.0402,1.5167,0.0492,0.3119,97.9852,0.0000,97.9852,1.6785,0.0000,0.0000,791,356,42430,12.48,801.7
3698,322.4634,9.3216,0.0465,0.0126,1.7301,0.0476,0.0184,95.5120,0.0010,1,0.0411,1.9559,0.0494,0.2686,98.6226,0.0000,98.6226,1.6724,0.0000,0.0000,791,356,42430,12.60,801.7
3699,322.5608,97.3746,0.4194,0.0137,1.9397,0.0498,0.0215,171.1134,0.0021,1,0.0431,1.6700,0.0489,0.2662,81.9835,0.0000,81.9835,1.7326,0.0000,0.0000,791,349,41766,12.48,801.7
3700,322.7343,100.0000,0.9819,0.0192,3.3466,0.0520,0.0231,3.2824,0.0016,1,0.0419,1.5740,0.0492,0.2692,82.8091,0.0000,82.8091,1.7363,0.0000,0.0000,791,349,41766,12.48,801.7
3701,322.7421,7.7217,0.3959,0.0135,1.8051,0.0538,0.0197,80.8864,0.0028,1,0.0451,1.6218,0.0478,0.2590,82.3281,0.0000,82.3281,1.8380,0.0000,0.0000,791,326,39002,12.60,801.7
3702,322.8253,83.1973,0.4250,0.0143,2.0597,0.0514,0.0179,71.1240,0.0012,1,0.0413,1.1943,0.0471,0.2314,70.1542,0.0000,70.1542,1.6281,0.0000,0.0000,791,253,29960,12.62,801.7
3703,322.8990,73.7077,0.4175,0.0178,2.1508,0.0679,0.0219,73.1666,0.0015,1,0.0398,1.0472,0.0474,0.2064,71.5627,0.0000,71.5627,1.6328,0.0000,0.0000,791,252,29832,12.66,801.7
3704,322.9749,75.8580,0.3590,0.0132,2.0973,0.0550,0.0201,68.6723,0.0011,1,0.0416,1.4511,0.0472,0.2520,66.0482,0.0000,66.0482,1.6046,0.0000,0.0000,791,246,29128,12.69,801.7
3705,323.0461,71.2337,0.4325,0.0182,2.7735,0.0659,0.0238,67.9957,0.0011,1,0.0396,1.0396,0.0484,0.2159,67.0408,0.0000,67.0408,1.5815,0.0000,0.0000,791,244,28872,12.73,801.7
3706,323.1174,71.3265,0.9265,0.0162,7.7235,0.0746,0.0328,127.6139,0.0022,1,0.0404,1.0957,0.0473,0.2089,65.0033,0.0000,65.0033,1.5835,0.0000,0.0000,791,236,27880,12.64,801.7
3707,323.2538,100.0000,0.0771,0.0209,3.0231,0.0653,0.0244,4.2613,0.0025,1,0.0400,1.1002,0.0475,0.1990,64.8377,0.0000,64.8377,1.5723,0.0000,0.0000,791,232,27368,12.64,801.7
3708,323.2613,7.4823,0.0682,0.0189,2.4880,0.2248,0.0261,63.1546,0.0014,1,0.0411,1.0809,0.0470,0.2329,63.0405,0.0000,63.0405,1.5796,0.0000,0.0000,791,232,27368,12.77,801.7
3709,323.3273,65.9889,0.0588,0.0173,2.8082,0.0508,0.0200,151.3797,0.0018,1,0.0418,1.1919,0.0484,0.1963,75.8657,0.0000,75.8657,1.5367,0.0000,0.0000,791,232,27368,12.81,801.7
3710,323.4817,100.0000,0.4953,0.0191,1.8900,0.0473,0.0182,3.3269,0.0015,1,0.0405,1.0354,0.0471,0.2034,75.2086,0.0000,75.2086,1.5294,0.0000,0.0000,791,232,27368,12.81,801.7
3711,323.4875,5.8127,0.0712,0.0136,2.5526,0.0814,0.0244,74.4569,0.0012,1,0.0390,1.1509,0.0470,0.1925,75.5819,0.0000,75.5819,1.5212,0.0000,0.0000,791,232,27368,12.82,801.7
3712,323.5647,77.2099,0.4066,0.0135,2.1163,0.0530,0.0210,149.2444,0.0022,1,0.0392,1.1488,0.0469,0.1951,71.5128,0.0000,71.5128,1.6909,0.0000,0.0000,791,233,27456,12.84,801.7
3713,323.7166,100.0000,0.4667,0.0171,1.9469,0.0578,0.0223,3.8956,0.0019,1,0.0398,1.0009,0.0472,0.1946,71.8557,0.0000,71.8557,1.6995,0.0000,0.0000,791,233,27456,12.84,801.7
3714,323.7230,6.4156,0.0580,0.0158,3.2383,0.0562,0.0209,69.7109,0.0016,1,0.0378,1.0419,0.0471,0.2186,72.4463,0.0000,72.4463,2.0174,0.0000,0.0000,791,234,27584,12.97,801.7
3715,323.7961,73.1084,1.5375,0.0151,2.1572,0.0575,0.0232,71.7314,0.0012,1,0.0380,0.9759,0.0471,0.1832,71.8401,0.0000,71.8401,1.7179,0.0000,0.0000,791,234,27584,13.01,801.7
3716,323.8716,75.5291,0.2901,0.0145,3.1732,0.0536,0.0201,87.7667,0.0018,1,0.0381,0.9684,0.0473,0.1847,84.8235,0.0000,84.8235,1.8519,0.0000,0.0000,791,234,27584,13.03,801.7
3717,323.9629,91.3262,0.0557,0.0145,2.1803,0.0582,0.0293,86.2868,0.0014,1,0.0417,1.0526,0.0472,0.2007,85.5546,0.0000,85.5546,1.6735,0.0000,0.0000,791,234,27584,13.04,801.7
3718,324.0515,88.6329,0.2052,0.0145,1.9082,0.0467,0.0191,87.6557,0.0014,1,0.0385,0.9984,0.0475,0.1882,84.1040,0.0000,84.1040,1.6561,0.0000,0.0000,791,234,27584,13.06,801.7
3719,324.1414,89.8587,0.1783,0.0590,4.2419,0.0737,0.0284,82.3871,0.0014,1,0.0399,0.9596,0.0477,0.2052,84.0218,0.0000,84.0218,1.6588,0.0000,0.0000,791,234,27584,13.07,801.7
3720,324.2284,86.9774,0.0884,0.0174,3.0268,0.0545,0.0215,82.5642,0.0024,1,0.0372,0.9554,0.0477,0.1878,83.5387,0.0000,83.5387,1.6605,0.0000,0.0000,791,234,27584,12.97,801.7
3721,324.3142,85.7809,0.0579,0.0139,2.8937,0.0678,0.0196,84.5364,0.0014,1,0.0391,0.9687,0.0479,0.2028,83.7138,0.0000,83.7138,1.6397,0.0000,0.0000,791,234,27584,12.98,801.7
3722,324.4018,87.5960,0.0480,0.0113,1.4961,0.0428,0.0163,85.1491,0.0012,1,0.0395,1.0706,0.0471,0.2273,82.0029,0.0000,82.0029,1.6364,0.0000,0.0000,791,234,27584,13.00,801.7
3723,324.4885,86.7715,0.0535,0.0137,1.8979,0.0468,0.0193,85.7645,0.0013,1,0.0427,1.1327,0.0472,0.2456,84.1423,0.0000,84.1423,1.6276,0.0000,0.0000,791,234,27584,12.89,801.7
3724,324.5764,87.8048,0.3705,0.0172,2.5854,0.0442,0.0170,85.6481,0.0016,1,0.0381,0.9870,0.0471,0.1886,84.0126,0.0000,84.0126,1.6322,0.0000,0.0000,791,234,27584,12.90,801.7
3725,324.6650,88.6917,0.0620,0.0156,1.9445,0.0502,0.0214,85.6111,0.0012,1,0.0379,1.0717,0.0471,0.2168,83.6796,0.0000,83.6796,1.6222,0.0000,0.0000,791,234,27584,12.92,801.7
3726,324.7527,87.7126,0.0692,0.0148,2.3476,0.0508,0.0188,82.6628,0.0013,1,0.0380,1.0288,0.0486,0.2305,82.6933,0.0000,82.6933,1.6188,0.0000,0.0000,791,234,27584,12.93,801.8
3727,324.8379,85.1713,0.5690,0.0146,1.7596,0.0455,0.0186,85.4122,0.0011,1,0.0385,1.0293,0.0473,0.1798,84.0570,0.0000,84.0570,1.6085,0.0000,0.0000,791,234,27584,12.95,801.8
3728,324.9258,87.8263,0.3792,0.0150,2.8275,0.0583,0.0230,137.0321,0.0014,1,0.0391,0.9748,0.0475,0.1817,84.6693,0.0000,84.6693,1.6174,0.0000,0.0000,791,234,27584,12.97,801.8
3729,325.0661,100.0000,41.8943,0.0212,34.4543,14.5892,0.0353,28.2769,0.0015,1,0.0390,0.9739,0.0480,0.1888,88.2064,0.0000,88.2064,1.7475,0.0000,0.0000,791,234,27584,12.97,801.8
3730,325.1854,100.0000,0.8184,0.0192,15.4963,0.0747,0.0283,80.6325,0.0016,1,0.0396,0.9708,0.0480,0.2007,90.5077,0.0000,90.5077,1.6011,0.0000,0.0000,791,234,27584,12.85,801.8
3731,325.2824,97.0786,1.8444,0.0182,14.9649,0.0782,0.0296,37.3226,0.0015,1,0.0382,1.0035,0.0476,0.2171,83.6276,0.0000,83.6276,1.5999,0.0000,0.0000,791,234,27584,12.85,801.8
3732,325.3367,54.2676,0.0311,0.0180,3.7912,0.1024,0.0729,64.1480,0.0012,1,0.0389,0.9913,0.0487,0.1843,83.4969,0.0000,83.4969,1.7695,0.0000,0.0000,791,234,27584,12.91,801.8
3733,325.4049,68.1723,0.0895,0.0162,3.5089,0.0724,0.0289,168.4918,0.0026,1,0.0395,1.0589,0.0476,0.2301,85.3550,0.0000,85.3550,1.5989,0.0000,0.0000,791,234,27584,12.83,801.8
3734,325.5771,100.0000,0.0531,0.0291,6.3737,0.0763,0.0268,5.8080,0.0016,1,0.0423,1.0068,0.0475,0.2459,83.6129,0.0000,83.6129,1.5928,0.0000,0.0000,791,234,27584,12.82,801.8
3735,325.5895,12.3784,0.0303,0.0156,2.3577,0.0543,0.0217,166.6763,0.0013,1,0.0506,1.6553,0.0473,0.2482,83.8236,0.0000,83.8236,1.5912,0.0000,0.0000,791,234,27584,12.95,801.8
3736,325.7587,100.0000,0.1437,0.0238,17.5132,0.0750,0.0277,18.5415,0.0022,1,0.0380,1.2111,0.0489,0.1922,87.5305,0.0000,87.5305,1.5866,0.0000,0.0000,791,234,27584,12.82,801.8
3737,325.7950,36.3354,0.0455,0.0156,16.7634,0.0688,0.0257,61.1130,0.0019,1,0.0409,0.9972,0.0484,0.2022,83.9893,0.0000,83.9893,1.5803,0.0000,0.0000,791,234,27584,12.90,801.8
3738,325.8730,78.0416,0.0268,0.0170,3.7982,0.0806,0.0295,64.5187,0.0016,1,0.0411,1.0326,0.0485,0.2314,82.2093,0.0000,82.2093,1.5871,0.0000,0.0000,791,234,27584,12.93,801.8
3739,325.9415,68.4816,0.0298,0.0190,2.9555,0.0774,0.0280,92.4299,0.0016,1,0.0393,1.0495,0.0486,0.4405,84.3034,0.0000,84.3034,1.5834,0.0000,0.0000,791,234,27584,12.86,801.8
3740,326.0371,95.5488,0.2131,0.0159,2.5885,0.0730,0.0274,73.0365,0.0012,1,0.0386,0.9790,0.0481,0.1802,84.9978,0.0000,84.9978,1.5814,0.0000,0.0000,791,234,27584,12.85,819.9
3741,326.1130,75.9630,0.1534,0.0151,16.0375,0.0640,0.0439,74.4522,0.0016,1,0.0397,1.0149,0.0486,0.1811,83.7975,0.0000,83.7975,1.5755,0.0000,0.0000,791,234,27584,12.86,819.9
3742,326.2038,90.7769,0.0301,0.0196,3.5243,0.0723,0.0277,299.0391,0.0019,1,0.0401,1.0273,0.0473,0.2011,83.7211,0.0000,83.7211,1.7705,0.0000,0.0000,791,234,27584,12.84,819.9
3743,326.5065,100.0000,0.1734,0.0177,3.9022,0.0924,0.0307,161.2764,0.0017,1,0.0403,0.9851,0.0488,0.2304,85.3116,0.0000,85.3116,1.5732,0.0000,0.0000,791,234,27584,12.81,819.9
3744,326.6720,100.0000,6.2546,0.0239,7.1849,0.0850,0.0315,7.6829,0.0017,1,0.0385,0.9754,0.0473,0.1890,82.1629,0.0000,82.1629,1.5730,0.0000,0.0000,791,234,27584,12.79,819.9
3745,326.6933,21.2739,1.6762,0.0191,6.5293,0.0868,0.0300,55.0913,0.0013,1,0.0382,0.9706,0.0474,0.1909,84.2504,0.0000,84.2504,1.5690,0.0000,0.0000,791,234,27584,12.90,819.9
3746,326.7567,63.4415,2.3265,0.0166,2.8255,0.0633,0.0264,80.5212,0.0012,1,0.0401,1.1259,0.0474,0.2269,86.1869,0.0000,86.1869,1.7259,0.0000,0.0000,791,234,27584,12.82,819.9
3747,326.8425,85.7871,0.1363,0.0149,2.7252,0.0761,0.0257,85.6653,0.0014,1,0.0391,1.0183,0.0473,0.2071,84.1731,0.0000,84.1731,1.5685,0.0000,0.0000,791,234,27584,12.80,825.9
3748,326.9312,88.6520,0.0668,0.0166,4.0724,0.1212,0.0298,169.0573,0.0018,1,0.0395,1.0306,0.0477,0.2048,83.7408,0.0000,83.7408,1.5604,0.0000,0.0000,791,234,27584,12.82,825.9
3749,327.1046,100.0000,0.4226,0.0190,4.6748,0.0694,0.0270,5.1955,0.0016,1,0.0391,1.0079,0.0476,0.2065,81.0832,0.0000,81.0832,1.5642,0.0000,0.0000,791,234,27584,12.69,825.9
3750,327.1150,10.4164,0.4859,0.0150,9.3175,0.0708,0.0279,71.8771,0.0014,1,0.0402,1.3900,0.0476,0.2376,82.0033,0.0000,82.0033,1.5651,0.0000,0.0000,791,234,27584,12.81,825.9
3751,327.1968,81.8040,0.0704,0.0169,3.1724,0.0735,0.0276,172.6497,0.0019,1,0.0396,1.0211,0.0472,0.2299,83.6399,0.0000,83.6399,1.5611,0.0000,0.0000,791,234,27584,12.72,825.9
3752,327.3728,100.0000,0.0824,0.0212,27.1499,0.0713,0.0279,7.9717,0.0016,1,0.0396,0.9627,0.0476,0.1879,83.0700,0.0000,83.0700,1.5576,0.0000,0.0000,791,234,27584,12.69,825.9
3753,327.4081,35.3342,0.0714,0.0169,3.5083,0.0769,0.0286,54.6721,0.0015,1,0.0376,1.2842,0.0472,0.1929,83.6494,0.0000,83.6494,1.5618,0.0000,0.0000,791,234,27584,12.78,825.9
3754,327.4665,58.3833,0.0733,0.0164,3.3389,0.0764,0.0287,171.4039,0.0020,1,0.0396,0.9705,0.0474,0.2087,84.3723,0.0000,84.3723,1.5519,0.0000,0.0000,791,234,27584,12.84,825.9
3755,327.6415,100.0000,0.7518,0.0184,4.1557,0.0788,0.0295,6.9595,0.0015,1,0.0366,0.9636,0.0471,0.1794,82.3734,0.0000,82.3734,1.5545,0.0000,0.0000,791,234,27584,12.84,825.9
3756,327.6535,12.0037,0.0775,0.0174,3.7703,0.0861,0.0325,76.2357,0.0016,1,0.0380,0.9694,0.1901,0.1898,82.2406,0.0000,82.2406,1.7277,0.0000,0.0000,791,234,27584,12.96,825.9
3757,327.7337,80.2289,0.0717,0.0170,3.9716,0.1037,0.0305,84.4078,0.0014,1,0.0376,0.9794,0.0484,0.1895,83.7689,0.0000,83.7689,1.5496,0.0000,0.0000,791,234,27584,12.99,825.9
3758,327.8223,88.6113,0.1708,0.0183,4.3260,0.0789,0.0317,83.1045,0.0014,1,0.0388,1.1557,0.0471,0.2294,82.6399,0.0000,82.6399,1.5532,0.0000,0.0000,791,234,27584,12.88,825.9
3759,328.1489,100.0000,2.3485,0.0181,7.3677,0.0693,0.0269,6.4383,0.0019,1,0.0388,1.0158,0.0473,0.1978,84.1578,0.0000,84.1578,1.6945,0.0000,0.0000,791,234,27584,12.88,825.9
3760,328.1652,16.2802,0.0707,0.0192,3.2858,0.0754,0.0338,114.0906,0.0019,1,0.0378,1.0040,0.0484,0.1879,87.7557,0.0000,87.7557,1.5540,0.0000,0.0000,791,234,27584,13.00,825.9
3761,328.2828,100.0000,0.0816,0.0217,2.8687,0.0665,0.0249,5.8198,0.0013,1,0.0387,1.0336,0.0491,0.1890,84.1112,0.0000,84.1112,1.5423,0.0000,0.0000,791,234,27584,12.88,825.9
3762,328.2917,8.8914,0.0593,0.0142,3.4910,0.1046,0.0340,81.6931,0.0011,1,0.0385,1.0219,0.0471,0.2049,84.4604,0.0000,84.4604,1.5428,0.0000,0.0000,791,234,27584,13.01,825.9
3763,328.3771,85.4036,0.0522,0.0148,2.5440,0.0640,0.0237,171.5208,0.0034,1,0.0398,0.9984,0.0474,0.2106,82.1784,0.0000,82.1784,1.5477,0.0000,0.0000,791,234,27584,13.03,825.9
3764,328.5513,100.0000,2.9299,0.0154,3.0843,0.0800,0.0250,5.8615,0.0015,1,0.0452,1.2630,0.0484,0.2331,84.3865,0.0000,84.3865,1.5455,0.0000,0.0000,791,234,27584,13.03,825.9
3765,328.5633,12.0153,0.2441,0.0594,3.5154,0.0570,0.0232,78.2945,0.0014,1,0.0384,0.9991,0.0472,0.1947,83.4508,0.0000,83.4508,1.5428,0.0000,0.0000,791,234,27584,13.15,825.9
3766,328.6455,82.2124,0.5467,0.0186,3.1898,0.0850,0.0315,74.0140,0.0011,1,0.0386,1.1261,0.0481,0.2191,76.3638,0.0000,76.3638,1.7428,0.0000,0.0000,791,248,29384,13.05,825.9
3767,328.7235,77.9363,0.2917,0.0150,3.1531,0.0664,0.0278,75.4665,0.0014,1,0.0388,1.0264,0.0475,0.1922,75.4963,0.0000,75.4963,1.7486,0.0000,0.0000,791,248,29384,13.08,825.9
3768,328.8025,79.0383,0.4627,0.0162,2.7217,0.0675,0.0287,153.9165,0.0019,1,0.0394,1.1590,0.0475,0.2420,74.4516,0.0000,74.4516,1.9911,0.0000,0.0000,791,249,29416,13.11,825.9
3769,328.9597,100.0000,0.2947,0.0150,3.8624,0.0607,0.0236,4.4871,0.0014,1,0.0391,1.1181,0.0485,0.2116,73.1467,0.0000,73.1467,1.7487,0.0000,0.0000,791,246,29032,13.11,825.9
3770,328.9685,8.7612,0.8559,0.0151,2.5287,0.0597,0.0234,66.0344,0.0012,1,0.0420,1.4076,0.0492,0.2317,70.3803,0.0000,70.3803,1.7543,0.0000,0.0000,791,241,28552,13.24,825.9
3771,329.0381,69.5340,0.8748,0.0138,2.9435,0.0649,0.0248,149.3880,0.0014,1,0.0403,1.1765,0.0483,0.2038,72.0370,0.0000,72.0370,1.7601,0.0000,0.0000,791,248,29288,13.29,825.9
3772,329.1914,100.0000,9.9669,0.2209,3.0065,0.0717,0.0236,6.4206,0.0015,1,0.0373,1.0621,0.0483,0.1887,71.2280,0.0000,71.2280,1.7505,0.0000,0.0000,791,248,29288,13.29,825.9
3773,329.2111,19.7273,1.1830,0.0179,3.7062,0.0637,0.0236,53.3231,0.0014,1,0.0424,1.1178,0.0473,0.2271,69.5259,0.0000,69.5259,1.7534,0.0000,0.0000,791,248,29288,13.27,825.9
3774,329.2694,58.3349,1.2163,0.0203,2.6185,0.0766,0.0311,71.6809,0.0011,1,0.0374,1.2083,0.0478,0.1991,70.9158,0.0000,70.9158,1.7269,0.0000,0.0000,791,281,33232,13.33,825.9
3775,329.3451,75.6597,1.4589,0.0153,2.2925,0.0650,0.0668,70.7423,0.0013,1,0.0420,1.4503,0.0479,0.2517,72.3172,0.0000,72.3172,1.7346,0.0000,0.0000,791,286,33784,13.36,825.9
3776,329.4198,74.6567,1.0367,0.0141,1.7775,0.0501,0.0185,146.2917,0.0019,1,0.0395,1.3626,0.0485,0.2841,70.5933,0.0000,70.5933,1.7219,0.0000,0.0000,791,289,34216,13.26,825.9
3777,329.5690,100.0000,1.1712,0.0224,1.6775,0.0420,0.0173,2.7770,0.0011,1,0.0399,1.2948,0.0482,0.2620,71.5758,0.0000,71.5758,1.7202,0.0000,0.0000,791,297,35176,13.26,825.9
3778,329.5747,5.7215,0.0488,0.0124,2.0980,0.0580,0.0235,72.9922,0.0012,1,0.0430,1.5950,0.0488,0.2705,71.6397,0.0000,71.6397,1.7314,0.0000,0.0000,791,312,36936,13.40,825.9
3779,329.6499,75.2486,0.7542,0.0155,2.6900,0.0642,0.0274,69.1479,0.0011,1,0.0392,1.5525,0.0486,0.2295,69.1736,0.0000,69.1736,1.7098,0.0000,0.0000,791,330,39096,13.44,825.9
3780,329.7227,72.7151,0.7942,0.0141,2.1149,0.0595,0.0213,69.6825,0.0014,1,0.0405,1.4612,0.0474,0.2396,67.9257,0.0000,67.9257,1.7078,0.0000,0.0000,791,330,39096,13.48,825.9
3781,329.7954,72.7042,0.5904,0.0148,2.5971,0.0473,0.0173,138.8226,0.0019,1,0.0388,1.4762,0.0484,0.2235,67.3158,0.0000,67.3158,1.7300,0.0000,0.0000,791,338,40048,13.38,825.9
3782,329.9375,100.0000,0.9067,0.0177,2.3060,0.0599,0.0277,4.0295,0.0011,1,0.0402,1.4740,0.0490,0.2422,66.6109,0.0000,66.6109,1.7197,0.0000,0.0000,791,343,40688,13.38,825.9
3783,329.9449,7.3630,0.1433,0.0132,2.7040,0.0580,0.0218,66.1267,0.0010,1,0.0395,1.5800,0.0478,0.2550,66.4936,0.0000,66.4936,1.7191,0.0000,0.0000,791,342,40560,13.52,825.9
3784,330.0139,69.0817,0.7048,0.0160,2.6190,0.0634,0.0222,66.2466,0.0014,1,0.0402,1.6173,0.0474,0.2475,64.0848,0.0000,64.0848,1.7126,0.0000,0.0000,791,340,40208,13.43,825.9
3785,330.0836,69.6896,2.1471,0.0188,4.8709,0.0627,0.0231,61.2756,0.0011,1,0.0409,1.5727,0.0471,0.2912,64.0138,0.0000,64.0138,1.7191,0.0000,0.0000,791,340,40208,13.47,825.9
3786,330.1520,68.4134,1.0000,0.0151,2.8973,0.0739,0.0243,136.6596,0.0022,1,0.0388,1.8292,0.0492,0.2775,67.0428,0.0000,67.0428,1.7093,0.0000,0.0000,791,358,42364,13.52,825.9
3787,330.2927,100.0000,1.7172,0.0223,3.2053,0.0635,0.0226,4.4763,0.0019,1,0.0395,1.5615,0.0485,0.2844,66.7774,0.0000,66.7774,1.7140,0.0000,0.0000,791,365,43260,13.39,825.9
3788,330.3022,9.5262,0.3854,0.0162,2.4611,0.0550,0.0218,62.0090,0.0013,1,0.0398,1.6415,0.0492,0.2475,63.9188,0.0000,63.9188,1.7427,0.0000,0.0000,791,364,43132,13.53,825.9
3789,330.3672,64.9650,2.0297,0.0175,2.6661,0.0687,0.0261,62.3721,0.0011,1,0.0422,1.7838,0.0480,0.2531,63.9063,0.0000,63.9063,1.9132,0.0000,0.0000,791,369,43772,13.58,825.9
3790,330.4344,67.2011,0.5519,0.0146,1.6175,0.0476,0.0174,66.3505,0.0013,1,0.0418,1.8019,0.0483,0.4301,63.3961,0.0000,63.3961,1.9248,0.0000,0.0000,791,368,43644,13.63,825.9
3791,330.5030,68.6167,0.5316,0.0136,1.9417,0.0608,0.0235,133.2793,0.0020,1,0.0402,1.7171,0.0477,0.2683,62.5501,0.0000,62.5501,1.9967,0.0000,0.0000,791,367,43516,13.68,825.9
3792,330.6389,100.0000,0.4850,0.0203,2.9342,0.0694,0.0256,12.6881,0.0021,1,0.0508,1.6508,0.0471,0.2759,62.3259,0.0000,62.3259,1.9797,0.0000,0.0000,791,368,43644,13.53,825.9
3793,330.6552,16.2427,0.0982,0.0188,2.3910,0.0781,0.0273,54.4573,0.0014,1,0.0388,1.6617,0.0473,0.2459,63.4235,0.0000,63.4235,1.7445,0.0000,0.0000,791,368,43644,13.66,825.9
3794,330.7122,57.0889,0.0713,0.0161,4.1886,0.0813,0.0282,62.6059,0.0018,1,0.0407,1.7084,0.0473,0.2576,63.7900,0.0000,63.7900,1.7583,0.0000,0.0000,791,368,43644,13.73,825.9
3795,330.7792,67.0110,0.0586,0.0132,2.7622,0.0760,0.0266,65.0539,0.0010,1,0.0390,1.6459,0.0473,0.2888,64.8519,0.0000,64.8519,1.7445,0.0000,0.0000,791,368,43644,13.65,825.9
3796,330.8473,68.0065,0.0499,0.0127,2.3088,0.0575,0.0277,136.6973,0.0018,1,0.0389,1.5578,0.0475,0.3304,63.4596,0.0000,63.4596,1.7605,0.0000,0.0000,791,368,43644,13.69,825.9
3797,330.9864,100.0000,0.0689,0.0161,2.2477,0.0447,0.0196,3.5378,0.0019,1,0.0452,1.6320,0.0512,0.3461,63.7906,0.0000,63.7906,1.9255,0.0000,0.0000,791,368,43644,13.67,825.9
3798,330.9924,5.9528,0.0588,0.0124,1.7054,0.0542,0.0177,65.3335,0.0012,1,0.0409,1.6626,0.0473,0.3033,64.1665,0.0000,64.1665,1.7506,0.0000,0.0000,791,368,43644,13.81,825.9
3799,331.0596,67.1893,0.2124,0.0147,1.9346,0.0509,0.0187,66.8601,0.0011,1,0.0397,1.8312,0.0486,0.2744,63.5668,0.0000,63.5668,1.7527,0.0000,0.0000,791,368,43644,13.85,825.9
3800,331.1287,69.1081,1.7083,0.0139,6.1926,0.1051,0.0394,61.2101,0.0012,1,0.0395,1.8171,0.0488,0.2394,63.7160,0.0000,63.7160,1.7479,0.0000,0.0000,791,368,43644,13.88,825.9
3801,331.1980,69.2981,0.7354,0.0157,3.4659,0.0808,0.0231,131.8640,0.0015,1,0.0410,1.6358,0.0492,0.2435,64.7530,0.0000,64.7530,1.7601,0.0000,0.0000,791,368,43644,13.93,825.9
3802,331.3342,100.0000,0.5519,0.0213,3.0340,0.0612,0.0234,2.8714,0.0016,1,0.0393,1.5983,0.0471,0.2579,63.8541,0.0000,63.8541,1.7562,0.0000,0.0000,791,368,43644,13.93,825.9
3803,331.3408,6.5723,0.5265,0.0144,2.1808,0.0546,0.0204,72.7014,0.0010,1,0.0431,2.1535,0.0475,0.2826,74.3998,0.0000,74.3998,1.7174,0.0000,0.0000,791,368,43644,14.08,825.9
3804,331.4163,75.5053,0.3437,0.0161,2.8690,0.0638,0.0224,76.2193,0.0022,1,0.0423,1.6440,0.0471,0.3548,74.0111,0.0000,74.0111,1.7214,0.0000,0.0000,791,368,43644,13.97,825.9
3805,331.4958,79.5470,0.7539,0.0176,2.2621,0.0434,0.0168,75.7705,0.0011,1,0.0403,1.6713,0.0482,0.2474,74.4990,0.0000,74.4990,1.7251,0.0000,0.0000,791,368,43644,14.00,825.9
3806,331.5747,78.8734,0.5337,0.0117,1.9255,0.0484,0.0184,80.6218,0.0014,1,0.0397,1.6588,0.0471,0.2827,74.5759,0.0000,74.5759,1.7095,0.0000,0.0000,791,368,43644,14.04,825.9
3807,331.6578,83.1684,0.6930,0.0181,2.7711,0.0650,0.0248,72.0796,0.0012,1,0.0413,1.9698,0.0483,0.2990,74.5919,0.0000,74.5919,1.7137,0.0000,0.0000,791,368,43644,14.06,825.9
3808,331.7335,75.6605,0.0639,0.0154,3.2536,0.0985,0.0276,154.7910,0.0017,1,0.0411,1.5340,0.0492,0.2312,73.9396,0.0000,73.9396,1.7056,0.0000,0.0000,791,368,43644,14.10,825.9
3809,331.8918,100.0000,0.0679,0.0192,1.7030,0.0398,0.0164,2.6102,0.0008,1,0.0392,1.4968,0.0471,0.2273,74.2827,0.0000,74.2827,1.9906,0.0000,0.0000,791,368,43644,14.10,825.9
3810,331.8962,4.4629,0.0507,0.0127,2.3010,0.0529,0.0203,76.1684,0.0013,1,0.0408,1.6139,0.0473,0.2325,74.6387,0.0000,74.6387,1.8463,0.0000,0.0000,791,368,43644,14.26,825.9
3811,331.9748,78.6136,0.0627,0.0184,1.9980,0.0484,0.0198,155.1787,0.0017,1,0.0397,1.6777,0.0485,0.2781,74.4272,0.0000,74.4272,1.6851,0.0000,0.0000,791,368,43644,14.30,825.9
3812,332.1322,100.0000,0.2385,0.0195,2.2870,0.0569,0.0273,4.8823,0.0015,1,0.0442,1.7831,0.0532,0.3136,74.0566,0.0000,74.0566,1.6851,0.0000,0.0000,791,368,43644,14.15,825.9
3813,332.1397,7.5197,0.4557,0.0137,3.2930,0.1155,0.0474,74.5652,0.0016,1,0.0409,1.8150,0.0473,0.2748,75.9653,0.0000,75.9653,1.6846,0.0000,0.0000,791,368,43644,14.31,825.9
3814,332.2182,78.4998,0.0674,0.0172,4.5496,0.0847,0.0309,151.8514,0.0022,1,0.0398,1.5684,0.0483,0.2450,74.1778,0.0000,74.1778,1.6788,0.0000,0.0000,791,368,43644,14.34,825.9
3815,332.3748,100.0000,0.0801,0.0173,2.5464,0.0739,0.0238,3.4077,0.0013,1,0.0393,1.5497,0.0474,0.2314,74.0390,0.0000,74.0390,1.6772,0.0000,0.0000,791,368,43644,14.34,825.9
3816,332.3810,6.1578,0.0577,0.0142,1.8984,0.0493,0.0192,74.8341,0.0016,1,0.0412,1.7701,0.0482,0.3033,73.5301,0.0000,73.5301,1.6686,0.0000,0.0000,791,368,43644,14.51,825.9
3817,332.4579,76.8825,0.0516,0.0134,2.4189,0.0640,0.0209,75.1109,0.0009,1,0.0429,1.8188,0.0486,0.4143,74.9098,0.0000,74.9098,1.6733,0.0000,0.0000,791,368,43644,14.55,825.9
3818,332.5355,77.6883,0.0568,0.0123,2.9621,0.0567,0.0213,75.9573,0.0011,1,0.0404,1.6718,0.0471,0.2629,74.0029,0.0000,74.0029,1.6667,0.0000,0.0000,791,368,43644,14.43,825.9
3819,332.6146,79.0737,0.3199,0.0131,2.0571,0.0540,0.0209,157.4448,0.0015,1,0.0450,1.7879,0.0479,0.2776,73.2788,0.0000,73.2788,1.6806,0.0000,0.0000,791,368,43644,14.46,825.9
3820,332.7745,100.0000,1.1226,0.0214,3.2938,0.0758,0.0291,4.4698,0.0014,1,0.0410,1.7630,0.0482,0.2596,74.3741,0.0000,74.3741,1.6585,0.0000,0.0000,791,368,43644,14.46,825.9
3821,332.7836,9.0299,0.0674,0.0156,2.1098,0.0558,0.0285,68.2651,0.0015,1,0.0440,1.6572,0.0471,0.3476,72.2194,0.0000,72.2194,1.6505,0.0000,0.0000,791,368,43644,14.46,825.9
3822,332.8541,70.5587,0.2536,0.0152,3.1574,0.0604,0.0227,63.4376,0.0017,1,0.0388,1.4915,0.0473,0.2234,61.1158,0.0000,61.1158,1.7544,0.0000,0.0000,791,357,42460,14.48,825.9
3823,332.9211,66.9640,4.1842,0.0128,1.5992,0.0474,0.0181,58.2238,0.0011,1,0.0377,1.5188,0.0484,0.2216,61.3481,0.0000,61.3481,1.7605,0.0000,0.0000,791,357,42332,14.49,825.9
3824,332.9852,64.1010,0.1945,0.0134,1.6394,0.0437,0.0162,62.8321,0.0012,1,0.0408,1.5146,0.0481,0.2253,59.7637,0.0000,59.7637,1.7592,0.0000,0.0000,791,350,41436,14.51,825.9
3825,333.0499,64.7540,1.3172,0.0143,5.5358,0.1116,0.0392,57.3745,0.0014,1,0.0407,1.4801,0.0471,0.2212,57.4131,0.0000,57.4131,2.1749,0.0000,0.0000,791,344,40700,14.52,825.9
3826,333.1143,64.4103,0.5272,0.0152,2.3401,0.0581,0.0190,124.8966,0.0022,1,0.0404,1.8188,0.0484,0.2573,57.8076,0.0000,57.8076,1.7710,0.0000,0.0000,791,346,41180,14.53,825.9
3827,333.2422,100.0000,1.0852,0.0201,3.3930,0.0673,0.0260,4.4449,0.0011,1,0.0445,1.7670,0.0471,0.2976,59.7892,0.0000,59.7892,1.7675,0.0000,0.0000,791,376,44660,14.53,825.9
3828,333.2513,9.0520,0.8918,0.0178,1.7354,0.0495,0.0340,58.2804,0.0014,1,0.0423,1.7880,0.0476,0.2703,59.9378,0.0000,59.9378,1.7738,0.0000,0.0000,791,399,47176,14.53,825.9
3829,333.3123,61.0247,0.8657,0.0158,1.9752,0.0545,0.0210,136.8539,0.0022,1,0.0424,2.6230,0.0479,0.3625,65.8850,0.0000,65.8850,1.7567,0.0000,0.0000,791,479,57064,14.54,825.9
3830,333.4521,100.0000,0.9228,0.0187,2.0892,0.1963,0.0178,5.6119,0.0012,1,0.0461,2.0502,0.0479,0.3420,65.1818,0.0000,65.1818,1.9311,0.0000,0.0000,791,481,57192,14.54,825.9
3831,333.4610,8.8732,0.1893,0.0145,2.7654,0.1266,0.0382,65.6085,0.0015,1,0.0427,2.4324,0.0486,0.3084,65.6522,0.0000,65.6522,1.7428,0.0000,0.0000,791,497,59304,14.53,825.9
3832,333.5298,68.7595,0.9987,0.0143,2.3310,0.0778,0.0239,65.8383,0.0011,1,0.0487,2.6279,0.0489,0.5850,65.9917,0.0000,65.9917,1.6977,0.0000,0.0000,791,536,63708,14.55,825.9
3833,333.5991,69.2990,0.4086,0.0141,2.2176,0.0611,0.0218,70.8630,0.0015,1,0.0441,2.5396,0.0479,0.4105,67.3829,0.0000,67.3829,1.6961,0.0000,0.0000,791,536,63708,14.60,825.9
3834,333.6726,73.6042,0.4406,0.0145,5.7398,0.0694,0.0235,64.0803,0.0013,1,0.0472,2.3805,0.0492,0.4179,64.4489,0.0000,64.4489,1.6889,0.0000,0.0000,791,533,63580,14.49,825.9
3835,333.7430,70.3846,0.8875,0.0149,2.6862,0.0630,0.0226,63.6576,0.0012,1,0.0438,2.4505,0.0488,0.3737,63.5763,0.0000,63.5763,1.6827,0.0000,0.0000,791,531,63100,14.49,825.9
3836,333.8104,67.3483,0.3659,0.0148,2.8670,0.0580,0.0202,133.1927,0.0018,1,0.0481,2.3213,0.0471,0.3860,62.4923,0.0000,62.4923,1.8536,0.0000,0.0000,791,518,61692,14.50,825.9
3837,334.0726,100.0000,17.8651,0.0182,5.3250,0.0821,0.0346,7.7135,0.0023,1,0.0448,2.3897,0.0472,0.4243,62.6957,0.0000,62.6957,1.6688,0.0000,0.0000,791,512,60764,14.49,825.9
3838,334.1037,31.0629,0.8489,0.0227,6.4122,0.0816,0.0290,63.9306,0.0017,1,0.0447,2.4710,0.0482,0.3774,66.9010,0.0000,66.9010,1.8381,0.0000,0.0000,791,504,59984,14.59,825.9
3839,334.1750,71.3470,3.4972,0.0185,3.4253,0.0777,0.0281,6.5178,0.0016,1,0.0412,2.1693,0.0471,0.3298,59.9879,0.0000,59.9879,1.6728,0.0000,0.0000,791,499,59344,14.62,825.9
3840,334.1886,13.5875,1.4423,0.0185,4.7613,0.0837,0.0275,51.1193,0.0017,1,0.0422,2.3100,0.0486,0.3052,60.6485,0.0000,60.6485,1.6679,0.0000,0.0000,791,499,59344,14.76,825.9
3841,334.2461,57.4724,0.4394,0.0168,3.2412,0.0700,0.0264,58.3221,0.0017,1,0.0432,2.0985,0.0476,0.3204,58.6778,0.0000,58.6778,1.6583,0.0000,0.0000,791,496,58960,14.81,825.9
3842,334.3083,62.1350,0.5481,0.0159,3.1303,0.0653,0.0224,58.9511,0.0011,1,0.0432,2.2489,0.0486,0.2949,59.0991,0.0000,59.0991,1.6644,0.0000,0.0000,791,496,58960,14.85,825.9
3843,334.3710,62.7483,0.5412,0.0137,1.5177,0.0437,0.0205,125.5661,0.0015,1,0.0407,2.1015,0.0473,0.2948,57.5453,0.0000,57.5453,1.8239,0.0000,0.0000,791,495,58832,14.90,825.9
3844,334.4987,100.0000,0.6176,0.0177,2.1753,0.0558,0.0220,2.6627,0.0009,1,0.0471,2.1376,0.0471,0.3313,58.7476,0.0000,58.7476,1.6689,0.0000,0.0000,791,495,58832,14.88,825.9
3845,334.5043,5.5694,0.1536,0.0153,1.6333,0.0427,0.0164,60.9629,0.0012,1,0.0422,2.3495,0.0471,0.3441,59.0458,0.0000,59.0458,1.6851,0.0000,0.0000,791,495,58832,15.03,825.9
3846,334.5671,62.8412,0.5302,0.0201,2.4082,0.0740,0.0243,64.3533,0.0011,1,0.0429,2.3260,0.0477,0.3161,59.1346,0.0000,59.1346,1.6701,0.0000,0.0000,791,495,58832,15.08,825.9
3847,334.6346,67.4262,0.5898,0.0147,2.5614,0.0750,0.0253,59.5722,0.0014,1,0.0461,2.4392,0.0492,0.3215,58.1734,0.0000,58.1734,1.8406,0.0000,0.0000,791,495,58832,15.11,825.9
3848,334.6974,62.8545,0.4159,0.0160,2.9486,0.0648,0.0203,66.8384,0.0014,1,0.0511,2.5098,0.0471,0.4290,57.8294,0.0000,57.8294,1.6731,0.0000,0.0000,791,495,58832,15.16,825.9
3849,334.7677,70.3239,0.6481,0.0153,4.4635,0.0541,0.0198,50.7785,0.0012,1,0.0429,2.5180,0.0469,0.3291,58.9059,0.0000,58.9059,1.6650,0.0000,0.0000,791,495,58832,15.22,825.9
3850,334.8237,55.9982,0.6491,0.0129,1.7924,0.0549,0.0195,124.2536,0.0017,1,0.0436,2.1470,0.0460,0.2830,57.6016,0.0000,57.6016,1.9624,0.0000,0.0000,791,495,58832,15.30,825.9
3851,334.9505,100.0000,1.8492,0.0182,2.2988,0.0531,0.0190,3.6221,0.0008,1,0.0423,2.0375,0.0470,0.2785,58.3697,0.0000,58.3697,1.6613,0.0000,0.0000,791,495,58832,15.30,829.7
3852,334.9584,7.8746,0.4051,0.0141,1.6515,0.0422,0.0154,59.1346,0.0017,1,0.0412,2.3566,0.0471,0.3687,58.7487,0.0000,58.7487,1.6853,0.0000,0.0000,791,495,58832,15.39,829.7
3853,335.0197,61.2821,0.2426,0.0143,3.0249,0.0800,0.0272,59.5604,0.0013,1,0.0417,2.3188,0.0457,0.2830,56.9095,0.0000,56.9095,1.7083,0.0000,0.0000,791,460,54704,15.40,829.7
3854,335.0826,62.9653,1.3209,0.0169,6.1523,0.0719,0.0247,54.3560,0.0015,1,0.0436,2.1720,0.0483,0.3245,57.6981,0.0000,57.6981,1.7219,0.0000,0.0000,791,462,54960,15.47,829.7
3855,335.1446,61.9622,0.4636,0.0154,4.3775,0.0745,0.0246,120.7324,0.0021,1,0.0448,2.3201,0.0471,0.3498,58.8364,0.0000,58.8364,1.8929,0.0000,0.0000,791,499,59228,15.38,829.7
3856,335.2703,100.0000,0.5387,0.0254,1.9677,0.0711,0.0225,3.2950,0.0015,1,0.0456,2.3195,0.0474,0.2908,56.9974,0.0000,56.9974,1.8723,0.0000,0.0000,791,496,58972,15.38,829.7
3857,335.2762,5.9382,0.4593,0.0144,2.2954,0.0565,0.0207,56.9406,0.0011,1,0.0406,2.3175,0.0471,0.2806,56.7990,0.0000,56.7990,1.8783,0.0000,0.0000,791,488,58172,15.44,829.7
3858,335.3361,59.8016,0.3372,0.0145,2.2511,0.0707,0.0235,58.6246,0.0013,1,0.0432,2.3566,0.0471,0.3255,54.9715,0.0000,54.9715,1.7046,0.0000,0.0000,791,499,59132,15.47,829.7
3859,335.3974,61.3369,0.2105,0.0134,2.5131,0.0618,0.0218,55.9623,0.0011,1,0.0470,2.4147,0.0471,0.3270,54.6082,0.0000,54.6082,1.7064,0.0000,0.0000,791,501,59388,15.49,829.7
3860,335.4562,58.7986,1.1035,0.1521,1.6598,0.0525,0.0255,116.0507,0.0019,1,0.0443,2.5580,0.0468,0.3190,53.8349,0.0000,53.8349,1.6460,0.0000,0.0000,791,544,64676,15.56,829.7
3861,335.5753,100.0000,1.7470,0.0214,2.0670,0.0480,0.0182,5.5933,0.0012,1,0.0455,2.6742,0.0483,0.4020,53.6059,0.0000,53.6059,1.6348,0.0000,0.0000,791,565,67204,15.51,829.7
3862,335.5848,9.5121,0.2062,0.0134,2.5402,0.0526,0.0202,53.2887,0.0014,1,0.0461,2.8623,0.0466,0.3692,54.1173,0.0000,54.1173,1.7661,0.0000,0.0000,791,600,71460,15.68,829.7
3863,335.6409,56.1369,0.2544,0.0143,2.8951,0.0658,0.0224,51.7479,0.0015,1,0.0433,3.0515,0.0464,0.3502,51.2209,0.0000,51.2209,1.5273,0.0000,0.0000,791,646,77040,15.77,829.7
3864,335.6959,55.0162,0.4621,0.0153,3.4308,0.0678,0.0253,53.7834,0.0011,1,0.0457,2.9013,0.0460,0.4157,50.4157,0.0000,50.4157,1.5257,0.0000,0.0000,791,643,76912,15.86,829.7
3865,335.7537,57.7998,0.3662,0.0141,2.1197,0.0583,0.0207,102.2460,0.0015,1,0.0506,3.5780,0.0471,0.3215,48.6534,0.0000,48.6534,1.5124,0.0000,0.0000,791,646,76956,15.78,829.7
3866,335.8586,100.0000,1.0920,0.0202,2.0984,0.0588,0.0200,3.7241,0.0012,1,0.0500,3.1130,0.0458,0.2723,46.0990,0.0000,46.0990,1.5166,0.0000,0.0000,791,654,77980,15.71,829.7
3867,335.8656,7.0294,0.1706,0.0137,2.4836,0.0855,0.0204,43.6397,0.0009,1,0.0476,3.0268,0.0471,0.2089,44.6240,0.0000,44.6240,1.5011,0.0000,0.0000,791,653,78108,15.87,829.7
3868,335.9120,46.4272,0.3907,0.0137,2.0009,0.0541,0.0195,46.9955,0.0011,1,0.0480,3.0642,0.0459,0.1590,44.0822,0.0000,44.0822,1.5126,0.0000,0.0000,791,595,78436,15.96,829.7
3869,335.9615,49.4924,0.3646,0.0129,1.4188,0.0422,0.0158,47.0417,0.0017,1,0.0443,2.9235,0.0466,0.1734,44.1457,0.0000,44.1457,1.5166,0.0000,0.0000,791,598,71556,16.07,829.7
3870,336.0104,48.9156,0.4001,0.0125,1.7017,0.0653,0.0150,48.6712,0.0011,1,0.0443,2.7337,0.0468,0.1659,44.6155,0.0000,44.6155,1.6853,0.0000,0.0000,791,595,71684,15.99,829.7
3871,336.0613,50.8859,0.8928,0.0130,5.1262,0.0557,0.0197,43.6717,0.0015,1,0.0446,2.8144,0.0471,0.2229,44.0004,0.0000,44.0004,1.5070,0.0000,0.0000,791,587,71460,16.05,829.7
3872,336.1111,49.7951,0.3831,0.0138,2.2572,0.0823,0.0228,97.2061,0.0018,1,0.0433,2.7122,0.0452,0.1446,45.0678,0.0000,45.0678,1.5084,0.0000,0.0000,791,558,70648,16.16,829.7
3873,336.2111,99.9878,0.2717,0.0215,1.9016,0.0692,0.0233,3.4472,0.0014,1,0.0503,3.2787,0.0471,0.1577,44.2856,0.0000,44.2856,1.5015,0.0000,0.0000,791,552,67088,16.02,829.7
3874,336.2169,5.7517,0.1685,0.0133,2.8081,0.0590,0.0219,44.2727,0.0022,1,0.0452,2.7826,0.0457,0.1563,44.7058,0.0000,44.7058,1.5012,0.0000,0.0000,791,549,66192,16.14,829.7
3875,336.2642,47.3645,0.4153,0.0128,2.8618,0.0672,0.0300,96.0346,0.0022,1,0.0439,3.1153,0.0454,0.1421,43.7573,0.0000,43.7573,1.4585,0.0000,0.0000,791,656,78676,16.25,829.7
3876,336.3637,99.4477,1.3507,0.0240,2.2131,0.0614,0.0220,5.7729,0.0013,1,0.0458,3.0673,0.0470,0.1419,42.9008,0.0000,42.9008,1.4708,0.0000,0.0000,791,656,78036,16.06,829.7
3877,336.3731,9.4630,0.2091,0.0171,2.6450,0.0679,0.0241,39.7501,0.0015,1,0.0460,3.2124,0.0469,0.1704,42.8885,0.0000,42.8885,1.4491,0.0000,0.0000,791,649,78036,16.21,829.7
3878,336.4159,42.7314,0.4566,0.0143,2.8292,0.1262,0.0237,45.0709,0.0012,1,0.0445,2.9822,0.0463,0.1348,42.9250,0.0000,42.9250,1.4044,0.0000,0.0000,791,624,77076,16.32,829.7
3879,336.4644,48.5360,0.4192,0.0143,1.7344,0.0495,0.0179,45.4477,0.0012,1,0.0484,3.0023,0.0470,0.2064,42.0466,0.0000,42.0466,1.3939,0.0000,0.0000,791,622,74068,16.43,829.7
3880,336.5121,47.6996,0.4310,0.0157,2.4599,0.0725,0.0241,93.9572,0.0023,1,0.0494,3.0597,0.0471,0.1165,42.7651,0.0000,42.7651,1.3675,0.0000,0.0000,791,577,73460,16.36,829.7
3881,336.6091,96.9882,1.3074,0.0213,2.1265,0.0607,0.0224,4.3177,0.0012,1,0.0459,3.1421,0.0471,0.1028,42.6111,0.0000,42.6111,1.5047,0.0000,0.0000,791,469,68704,16.37,829.7
3882,336.6169,7.8722,0.0636,0.0139,3.1845,0.0620,0.0223,41.3888,0.0012,1,0.0528,2.6453,0.0452,0.1108,43.2896,0.0000,43.2896,1.3368,0.0000,0.0000,791,425,56692,16.37,829.7
3883,336.6617,44.7513,0.4648,0.0153,2.4336,0.0634,0.0222,46.5922,0.0014,1,0.0431,1.9362,0.0450,0.0697,42.9144,0.0000,42.9144,1.5611,0.0000,0.0000,791,375,49484,16.46,829.7
3884,336.7113,49.6078,0.8833,0.0167,1.9072,0.0552,0.0210,44.3066,0.0014,1,0.0404,1.6982,0.0471,0.0699,42.8395,0.0000,42.8395,1.2662,0.0000,0.0000,791,375,45068,16.57,829.7
3885,336.7585,47.2055,0.4496,0.0144,3.2217,0.0753,0.0237,82.1224,0.0020,1,0.0460,1.9097,0.0481,0.2063,41.0810,0.0000,41.0810,1.2169,0.0000,0.0000,791,291,44288,16.49,829.7
3886,336.8445,85.9303,0.5050,0.0224,2.1781,0.0521,0.0188,3.4233,0.0012,1,0.0388,1.2183,0.0486,0.0597,39.7783,0.0000,39.7783,1.1725,0.0000,0.0000,791,229,34008,16.49,829.7
3887,336.8507,6.2171,0.4463,0.0155,3.3023,0.0617,0.0220,36.8943,0.0012,1,0.0402,1.2238,0.0488,0.0583,38.4447,0.0000,38.4447,1.1449,0.0000,0.0000,791,231,27756,16.65,829.7
3888,336.8914,40.7582,0.4580,0.0144,2.4155,0.0500,0.0190,80.5201,0.0018,1,0.0404,1.3480,0.0475,0.0575,37.4324,0.0000,37.4324,1.1107,0.0000,0.0000,791,227,27748,16.74,829.7
3889,336.9749,83.5017,0.5078,0.0194,2.4261,0.0581,0.0394,4.2223,0.0014,1,0.0597,1.8389,0.0472,0.0690,38.3294,0.0000,38.3294,1.1034,0.0000,0.0000,791,227,27236,16.78,829.7
3890,336.9822,7.2896,0.7519,0.0198,1.6783,0.0512,0.0201,38.2138,0.0013,1,0.0400,1.2028,0.0478,0.0575,38.9605,0.0000,38.9605,1.0860,0.0000,0.0000,791,232,28304,16.78,829.7
3891,337.0230,40.7557,0.4845,0.0142,2.5592,0.0627,0.0228,75.4474,0.0017,1,0.0422,1.1796,0.0492,0.0577,37.8282,0.0000,37.8282,1.0594,0.0000,0.0000,791,204,28084,16.85,829.7
3892,337.1016,78.6128,1.4556,0.0160,6.4576,0.0579,0.0216,4.5185,0.0012,1,0.0422,0.9680,0.0471,0.0640,37.7328,0.0000,37.7328,1.0604,0.0000,0.0000,791,205,24768,16.90,829.7
3893,337.1141,12.5488,0.6403,0.0151,2.6687,0.0576,0.0209,30.1276,0.0012,1,0.0398,0.9855,0.0490,0.0644,36.8543,0.0000,36.8543,1.0604,0.0000,0.0000,791,204,25120,16.92,829.7
3894,337.1477,33.5450,0.4359,0.0133,2.5735,0.0674,0.0233,78.6980,0.0016,1,0.0396,1.3517,0.0492,0.0573,37.3653,0.0000,37.3653,1.0613,0.0000,0.0000,791,271,32868,16.98,829.7
3895,337.2295,81.8363,1.1610,0.0220,2.5443,0.0655,0.0248,5.4684,0.0013,1,0.0393,1.3128,0.0471,0.0573,38.3972,0.0000,38.3972,1.0709,0.0000,0.0000,791,285,34268,16.96,829.7
3896,337.2388,9.3028,0.6883,0.0158,3.2428,0.0606,0.0229,34.5731,0.0018,1,0.0411,1.7240,0.0486,0.0596,38.4874,0.0000,38.4874,1.0998,0.0000,0.0000,791,334,40964,17.12,829.7
3897,337.2774,38.6252,0.3067,0.0143,2.3659,0.0594,0.0203,38.0309,0.0043,1,0.0484,1.8452,0.0478,0.0613,39.7385,0.0000,39.7385,1.0708,0.0000,0.0000,791,326,39844,17.27,829.7
3898,337.3183,40.8182,0.4805,0.0145,2.5805,0.0725,0.0537,41.2701,0.0011,1,0.0441,1.6345,0.0471,0.0648,40.2422,0.0000,40.2422,1.0766,0.0000,0.0000,791,326,39004,17.18,829.7
3899,337.3628,44.4872,0.3852,0.0137,1.4654,0.0573,0.0272,41.3707,0.0017,1,0.0439,1.6253,0.0470,0.0655,38.5139,0.0000,38.5139,1.0631,0.0000,0.0000,791,311,37980,17.26,829.7
3900,337.4061,43.3361,0.2526,0.0144,2.4805,0.0505,0.0186,37.5592,0.0014,1,0.0432,1.5421,0.0474,0.0635,38.9513,0.0000,38.9513,1.0625,0.0000,0.0000,791,305,36724,17.33,829.7
3901,337.4465,40.3926,0.4152,0.0134,1.6838,0.0458,0.0181,82.0613,0.0014,1,0.0398,1.3578,0.0471,0.0632,38.4248,0.0000,38.4248,1.0543,0.0000,0.0000,791,302,36180,17.41,829.7
3902,337.5307,84.2679,0.4500,0.0181,1.9517,0.0487,0.0186,3.1619,0.0009,1,0.0427,1.3750,0.0471,0.0635,38.6084,0.0000,38.6084,1.0491,0.0000,0.0000,791,226,34868,17.45,829.7
3903,337.5364,5.6616,0.0490,0.0108,1.9899,0.0563,0.0213,37.0578,0.0012,1,0.0395,1.1448,0.0471,0.0630,37.8563,0.0000,37.8563,1.0439,0.0000,0.0000,791,231,27584,17.46,829.7
3904,337.5756,39.1990,0.3145,0.0117,1.7221,0.0518,0.0229,82.1296,0.0016,1,0.0419,1.3702,0.0472,0.0655,37.0542,0.0000,37.0542,1.0404,0.0000,0.0000,791,228,27348,17.53,829.7
3905,337.6599,84.2764,1.2350,0.0147,2.4892,0.0500,0.0187,4.0914,0.0010,1,0.0403,1.0105,0.0460,0.0656,37.3307,0.0000,37.3307,1.3734,0.0000,0.0000,791,228,26964,17.50,829.8
3906,337.6678,7.9146,0.2051,0.0150,2.0739,0.0506,0.0183,36.0201,0.0013,1,0.0380,1.0704,0.0458,0.0622,38.4163,0.0000,38.4163,1.0419,0.0000,0.0000,791,228,26964,17.65,829.8
3907,337.7062,38.4013,0.2769,0.0174,4.8563,0.0578,0.0208,84.8541,0.0015,1,0.0399,1.4763,0.0475,0.0781,40.9319,0.0000,40.9319,1.0644,0.0000,0.0000,791,322,38880,17.81,829.8
3908,337.7963,90.1062,1.4329,0.0257,2.4071,0.0676,0.0283,4.4037,0.0012,1,0.0386,1.4555,0.0467,0.0826,41.7015,0.0000,41.7015,1.0730,0.0000,0.0000,791,322,38392,17.60,829.8
3909,337.8047,8.3824,0.6593,0.0160,3.7660,0.0752,0.0277,39.8617,0.0015,1,0.0410,1.4489,0.0471,0.0820,43.5419,0.0000,43.5419,1.1078,0.0000,0.0000,791,316,37880,17.75,829.8
3910,337.8491,44.4235,1.2475,0.0165,2.8325,0.0916,0.0252,92.2257,0.0017,1,0.0411,1.4654,0.0470,0.0819,44.5535,0.0000,44.5535,1.1415,0.0000,0.0000,791,331,39264,17.81,829.8
3911,337.9456,96.4635,0.5364,0.0200,2.7068,0.1009,0.0280,4.6939,0.0011,1,0.0396,1.5749,0.0460,0.0829,43.4862,0.0000,43.4862,1.1428,0.0000,0.0000,791,329,38888,17.74,829.8
3912,337.9537,8.1021,0.0542,0.0134,2.8727,0.0712,0.0294,42.2296,0.0011,1,0.0411,1.5467,0.0470,0.0805,44.7899,0.0000,44.7899,1.1570,0.0000,0.0000,791,323,38120,17.98,829.8
3913,337.9990,45.2853,0.4190,0.0152,2.6480,0.0608,0.0224,95.8105,0.0014,1,0.0390,1.3979,0.0456,0.0778,44.9384,0.0000,44.9384,1.3204,0.0000,0.0000,791,305,35912,17.90,829.8
3914,338.0980,98.9996,1.2271,0.0171,6.4416,0.0697,0.0262,6.9386,0.0015,1,0.0414,1.4532,0.0471,0.0767,44.0967,0.0000,44.0967,1.3599,0.0000,0.0000,791,305,35912,17.79,829.8
3915,338.1127,14.7399,0.3297,0.0178,4.0958,0.0686,0.0260,34.5681,0.0013,1,0.0400,1.4159,0.0470,0.0778,45.1323,0.0000,45.1323,1.1710,0.0000,0.0000,791,303,35616,17.93,829.8
3916,338.1518,39.1233,0.5040,0.0160,2.9853,0.0729,0.0265,47.5811,0.0015,1,0.0395,1.3145,0.0456,0.0745,44.7874,0.0000,44.7874,1.1821,0.0000,0.0000,791,300,35000,18.01,829.8
3917,338.2030,51.2037,0.5317,0.0172,4.0304,0.0718,0.0272,45.1840,0.0015,1,0.0392,1.3104,0.0462,0.0756,47.7799,0.0000,47.7799,1.1797,0.0000,0.0000,791,300,35000,18.14,829.8
3918,338.2529,49.8796,0.5464,0.0173,3.7861,0.0778,0.0388,90.5323,0.0021,1,0.0405,1.2930,0.0466,0.0759,45.0366,0.0000,45.0366,1.1730,0.0000,0.0000,791,295,34456,18.02,829.8
3919,338.3479,95.0228,0.0847,0.0192,2.2055,0.0478,0.0176,3.1584,0.0011,1,0.0380,1.2687,0.0466,0.0734,44.3234,0.0000,44.3234,1.3199,0.0000,0.0000,791,294,34328,17.95,829.8
3920,338.3535,5.5485,0.0637,0.0147,1.8593,0.0460,0.0175,45.7362,0.0012,1,0.0420,1.4828,0.0458,0.0819,45.5105,0.0000,45.5105,1.1675,0.0000,0.0000,791,294,34328,18.12,829.8
3921,338.4012,47.7446,0.0575,0.0132,1.9803,0.0485,0.0189,95.2730,0.0023,1,0.0397,1.3141,0.0455,0.0724,45.0330,0.0000,45.0330,1.1720,0.0000,0.0000,791,294,34328,18.18,829.8
3922,338.4986,97.4164,0.5776,0.0212,2.0318,0.0515,0.0193,3.8425,0.0012,1,0.0394,1.2452,0.0454,0.0719,44.7501,0.0000,44.7501,1.3225,0.0000,0.0000,791,294,34328,18.19,829.8
3923,338.5052,6.5601,0.0534,0.0125,1.7992,0.0674,0.0295,44.3476,0.0011,1,0.0404,1.4602,0.0468,0.0731,45.4760,0.0000,45.4760,1.1678,0.0000,0.0000,791,294,34328,18.19,829.8
3924,338.5515,46.3168,0.4391,0.0150,2.6222,0.0678,0.0238,47.2027,0.0012,1,0.0440,1.4341,0.0468,0.0778,44.4170,0.0000,44.4170,1.1756,0.0000,0.0000,791,292,34168,18.27,829.8
3925,338.6019,50.3783,0.0624,0.0146,2.7755,0.0665,0.0250,45.1721,0.0013,1,0.0386,1.4019,0.0456,0.0784,43.6965,0.0000,43.6965,1.1833,0.0000,0.0000,791,292,34168,18.35,829.8
3926,338.6500,48.1239,0.0618,0.0154,2.8721,0.0679,0.0255,54.5371,0.0015,1,0.0421,1.4833,0.0461,0.0751,53.8800,0.0000,53.8800,1.1110,0.0000,0.0000,791,292,34168,18.44,829.8
3927,338.7076,57.5877,0.0670,0.0164,3.9302,0.0656,0.0234,52.3814,0.0017,1,0.0410,1.2759,0.0456,0.0717,52.1512,0.0000,52.1512,1.1071,0.0000,0.0000,791,292,34168,18.51,830.0
3928,338.7641,56.4924,0.0660,0.0160,3.0124,0.0750,0.0259,53.9837,0.0015,1,0.0474,1.4636,0.0464,0.0946,54.6987,0.0000,54.6987,1.0808,0.0000,0.0000,791,292,34168,18.56,830.0
3929,338.8213,57.1869,0.0688,0.0142,2.7162,0.0635,0.0239,53.4485,0.0013,1,0.0386,1.2920,0.0465,0.0717,52.3370,0.0000,52.3370,1.0748,0.0000,0.0000,791,292,34168,18.69,830.0
3930,338.8776,56.3436,0.0673,0.0155,3.5873,0.0673,0.0243,109.2386,0.0021,1,0.0416,1.2800,0.0471,0.0708,53.5545,0.0000,53.5545,1.2180,0.0000,0.0000,791,292,34168,18.54,830.0
3931,338.9906,100.0000,0.5361,0.0223,3.5935,0.0848,0.0644,5.8192,0.0014,1,0.0399,1.3046,0.0469,0.0758,52.6666,0.0000,52.6666,1.0565,0.0000,0.0000,791,292,34168,18.48,830.0
3932,339.0008,10.1406,0.0733,0.0167,20.7390,0.0752,0.0265,32.2636,0.0013,1,0.0414,1.3308,0.0460,0.0736,53.9550,0.0000,53.9550,1.0571,0.0000,0.0000,791,292,34168,18.74,830.0
3933,339.0540,53.2101,0.0567,0.0138,3.2319,0.1210,0.0363,42.7431,0.0014,1,0.0399,1.2241,0.0451,0.0635,41.5701,0.0000,41.5701,1.0892,0.0000,0.0000,791,262,31896,18.60,830.0
3934,339.1002,46.2201,0.2612,0.0159,2.8178,0.0928,0.0270,38.6516,0.0016,1,0.0422,1.3841,0.0452,0.0634,40.7435,0.0000,40.7435,1.2602,0.0000,0.0000,791,207,30968,18.70,830.0
3935,339.3242,100.0000,0.7300,0.0167,4.1002,0.0747,0.0280,7.3857,0.0030,1,0.0416,1.0212,0.0463,0.0594,36.2186,0.0000,36.2186,1.0443,0.0000,0.0000,791,193,23544,18.70,830.0
3936,339.3366,12.3666,0.5953,0.0169,3.3372,0.0744,0.0274,35.0786,0.0016,1,0.0394,0.9212,0.0465,0.1864,35.3251,0.0000,35.3251,1.1751,0.0000,0.0000,791,109,23040,18.68,830.0
3937,339.3757,39.1556,0.5920,0.0155,4.0528,0.0900,0.0265,5.4596,0.0013,1,0.0384,0.8198,0.0468,0.0611,33.4865,0.0000,33.4865,1.0259,0.0000,0.0000,791,140,18274,18.79,830.0
3938,339.3860,10.2560,0.4635,0.0172,2.6806,0.0559,0.0203,28.8576,0.0013,1,0.0371,0.6864,0.0467,0.0594,33.2508,0.0000,33.2508,1.0348,0.0000,0.0000,791,143,17538,18.99,830.0
3939,339.4181,32.1120,0.4623,0.0180,2.6827,0.0554,0.0207,34.2255,0.0012,1,0.0400,0.7648,0.0455,0.0606,36.3166,0.0000,36.3166,1.2382,0.0000,0.0000,791,141,19298,19.13,830.0
3940,339.4556,37.4811,0.5272,0.0168,2.1412,0.0549,0.0199,37.6002,0.0014,1,0.0385,1.2399,0.0472,0.0620,37.3920,0.0000,37.3920,1.0879,0.0000,0.0000,791,266,31662,19.32,830.0
3941,339.4960,40.4186,0.6894,0.0169,3.8924,0.0553,0.0211,74.4536,0.0019,1,0.0390,1.5698,0.0459,0.0635,36.4388,0.0000,36.4388,1.2382,0.0000,0.0000,791,286,39606,19.23,830.0
3942,339.5752,79.1518,1.3122,0.0207,2.8523,0.0651,0.0245,5.1994,0.0013,1,0.0404,1.7275,0.0468,0.0655,35.4696,0.0000,35.4696,1.1120,0.0000,0.0000,791,308,40180,19.20,830.0
3943,339.5847,9.4902,0.2017,0.0152,3.1371,0.0621,0.0218,32.7809,0.0012,1,0.0409,1.6227,0.0446,0.0764,37.4968,0.0000,37.4968,1.2588,0.0000,0.0000,791,295,39988,19.38,830.0
3944,339.6209,36.2340,1.0456,0.0158,2.2361,0.0563,0.0213,84.9522,0.0016,1,0.0399,1.7495,0.0457,0.0778,40.6281,0.0000,40.6281,1.1605,0.0000,0.0000,791,324,45992,19.47,830.0
3945,339.7092,88.3517,1.0732,0.0211,2.8779,0.0672,0.0227,5.6039,0.0013,1,0.0409,1.4580,0.0469,0.0820,41.7255,0.0000,41.7255,1.1606,0.0000,0.0000,791,322,39080,19.39,830.0
3946,339.7189,9.6846,0.8201,0.0153,2.7765,0.0633,0.0228,35.5005,0.0012,1,0.0401,1.5378,0.0451,0.0884,41.7013,0.0000,41.7013,1.1705,0.0000,0.0000,791,321,39040,19.56,830.0
3947,339.7581,39.2138,1.2848,0.0156,3.0888,0.0811,0.0292,91.1272,0.0015,1,0.0403,2.0380,0.0464,0.0941,42.4583,0.0000,42.4583,1.1996,0.0000,0.0000,791,424,53056,19.76,830.0
3948,339.8538,95.6510,1.3227,0.0192,2.4739,0.0611,0.0241,4.0200,0.0011,1,0.0412,2.0912,0.0457,0.1111,43.0981,0.0000,43.0981,1.2099,0.0000,0.0000,791,461,55148,19.48,830.0
3949,339.8617,7.9355,0.2047,0.0144,3.5281,0.1041,0.0229,40.6244,0.0010,1,0.0432,2.2575,0.0458,0.0966,44.2106,0.0000,44.2106,1.2205,0.0000,0.0000,791,474,57176,19.65,830.0
3950,339.9062,44.5139,1.1139,0.0171,1.5875,0.0503,0.0191,98.0981,0.0018,1,0.0444,3.0132,0.0456,0.1081,44.0414,0.0000,44.0414,1.2650,0.0000,0.0000,791,637,77920,19.83,830.2
3951,340.0071,100.0000,1.3874,0.0186,2.5966,0.1033,0.0316,4.6636,0.0012,1,0.0483,3.4775,0.0452,0.1172,44.5281,0.0000,44.5281,1.2795,0.0000,0.0000,791,640,76884,19.54,830.2
3952,340.0160,8.8177,0.2276,0.0131,2.7054,0.0648,0.0205,45.0827,0.0013,1,0.0761,4.2366,0.0470,0.2475,45.0200,0.0000,45.0200,1.2816,0.0000,0.0000,791,653,79924,19.73,830.2
3953,340.0641,48.1331,1.8502,0.0146,5.6926,0.1155,0.0393,94.3208,0.0018,1,0.0480,3.2123,0.0463,0.3024,44.8950,0.0000,44.8950,1.2924,0.0000,0.0000,791,674,82264,19.80,830.2
3954,340.1661,100.0000,0.9941,0.0214,3.4908,0.0726,0.0241,5.1593,0.0012,1,0.0432,2.9956,0.0454,0.2064,46.0686,0.0000,46.0686,1.2957,0.0000,0.0000,791,677,81228,19.71,830.2
3955,340.1759,9.7786,0.4806,0.0157,1.9731,0.0497,0.0181,43.9593,0.0011,1,0.0453,3.6849,0.0469,0.1394,46.9997,0.0000,46.9997,1.3088,0.0000,0.0000,791,689,82510,19.91,830.2
3956,340.2224,46.5125,0.4329,0.0140,1.6511,0.0576,0.0183,48.1237,0.0011,1,0.0472,3.2518,0.0462,0.1556,44.4679,0.0000,44.4679,1.3439,0.0000,0.0000,791,625,77318,19.98,830.2
3957,340.2728,50.3130,0.4181,0.0140,1.6349,0.0515,0.0329,46.4761,0.0016,1,0.0432,3.1090,0.0451,0.1265,43.3144,0.0000,43.3144,1.4774,0.0000,0.0000,791,623,74150,20.15,830.2
3958,340.3214,48.6514,0.0614,0.0140,2.3804,0.0586,0.0202,46.1459,0.0010,1,0.0469,2.8586,0.0455,0.1560,41.8000,0.0000,41.8000,1.5071,0.0000,0.0000,791,622,74286,20.09,830.2
3959,340.3701,48.6944,0.0528,0.0127,1.7710,0.0601,0.0209,46.9726,0.0014,1,0.0463,3.4936,0.0452,0.1376,43.2357,0.0000,43.2357,1.3410,0.0000,0.0000,791,622,73870,20.16,830.2
3960,340.4190,48.9049,0.3573,0.0132,2.2721,0.0644,0.0205,95.3998,0.0016,1,0.0486,3.0460,0.1901,0.1638,43.7938,0.0000,43.7938,1.3354,0.0000,0.0000,791,623,73902,20.05,830.2
3961,340.5172,98.1622,0.2890,0.0179,2.9411,0.0709,0.0296,3.9675,0.0013,1,0.0458,2.8686,0.0467,0.3052,44.5659,0.0000,44.5659,1.3291,0.0000,0.0000,791,623,73902,19.91,830.2
3962,340.5245,7.3311,0.0517,0.0123,1.5544,0.0683,0.0177,44.6949,0.0016,1,0.0465,3.3998,0.0459,0.1413,43.5058,0.0000,43.5058,1.5482,0.0000,0.0000,791,582,72398,20.09,830.2
3963,340.5709,46.4151,0.3256,0.0126,1.7549,0.0616,0.0238,47.8469,0.0011,1,0.0465,3.1683,0.0464,0.3031,43.6052,0.0000,43.6052,1.3498,0.0000,0.0000,791,579,68738,20.15,830.2
3964,340.6209,50.0391,0.0523,0.0119,2.3833,0.0551,0.0194,46.9267,0.0015,1,0.0476,2.9506,0.0451,0.1431,43.2474,0.0000,43.2474,1.3542,0.0000,0.0000,791,579,68738,20.32,830.2
3965,340.6704,49.4747,0.0656,0.0136,2.7079,0.0679,0.0254,96.3429,0.0019,1,0.0459,2.7294,0.0451,0.1486,44.9448,0.0000,44.9448,1.3552,0.0000,0.0000,791,579,68738,20.17,830.2
3966,340.7697,99.2470,0.0837,0.0977,3.2019,0.0804,0.0237,5.3684,0.0015,1,0.0493,2.8085,0.0452,0.1505,44.0901,0.0000,44.0901,1.3612,0.0000,0.0000,791,579,68738,20.05,830.2
3967,340.7785,8.8651,0.0732,0.0180,2.6306,0.0747,0.0289,43.2721,0.0016,1,0.0436,2.7117,0.0465,0.1229,45.0679,0.0000,45.0679,1.3535,0.0000,0.0000,791,579,68738,20.24,830.2
3968,340.8246,46.1058,0.0761,0.0162,2.1367,0.0588,0.0217,46.4387,0.0014,1,0.0506,3.2217,0.0467,0.1624,42.8172,0.0000,42.8172,1.3749,0.0000,0.0000,791,579,68738,20.30,830.2
3969,340.8734,48.7659,0.0592,0.0151,2.0486,0.0545,0.0195,52.3012,0.0012,1,0.0483,2.7867,0.0465,0.1496,50.7983,0.0000,50.7983,1.3204,0.0000,0.0000,791,579,68738,20.38,830.2
3970,340.9279,54.5065,0.0586,0.0127,2.0028,0.0563,0.0209,46.3279,0.0015,1,0.0460,2.8255,0.0451,0.1236,43.6062,0.0000,43.6062,1.3403,0.0000,0.0000,791,579,68738,20.38,830.2
3971,340.9764,48.4868,0.3477,0.0145,1.9993,0.0564,0.0197,48.7294,0.0011,1,0.0485,3.1533,0.0454,0.1415,43.6590,0.0000,43.6590,1.3684,0.0000,0.0000,791,579,68738,20.56,830.2
3972,341.0276,51.1827,0.0521,0.0142,2.1836,0.0478,0.0175,52.6792,0.0012,1,0.0481,2.9824,0.0453,0.1800,49.6677,0.0000,49.6677,1.3216,0.0000,0.0000,791,579,68738,20.41,830.2
3973,341.0826,55.0101,1.7051,0.0146,6.1423,0.0932,0.0324,42.4067,0.0012,1,0.0461,2.8819,0.0466,0.1352,45.2249,0.0000,45.2249,1.3499,0.0000,0.0000,791,604,71758,20.43,830.2
3974,341.1330,50.4104,0.4655,0.0140,3.6453,0.0738,0.0246,96.3715,0.0024,1,0.0482,2.7955,0.0459,0.1393,44.9905,0.0000,44.9905,1.3619,0.0000,0.0000,791,611,73006,20.48,830.2
3975,341.2336,100.0000,1.0552,0.0205,3.5452,0.0689,0.0255,3.5081,0.0015,1,0.0458,3.2124,0.0451,0.1380,46.4755,0.0000,46.4755,1.3799,0.0000,0.0000,791,656,77634,20.34,830.2
3976,341.2419,8.2402,0.3865,0.0189,2.2669,0.0589,0.0210,49.2045,0.0014,1,0.0482,4.0243,0.0475,0.1634,48.7129,0.0000,48.7129,1.5513,0.0000,0.0000,791,709,84870,20.66,830.2
3977,341.2939,51.9742,0.4186,0.0168,2.1505,0.0564,0.0202,95.4799,0.0020,1,0.0434,3.0131,0.0451,0.1188,42.8770,0.0000,42.8770,1.4478,0.0000,0.0000,791,609,73690,20.50,830.2
3978,341.3920,98.1657,1.2390,0.0192,2.3518,0.0638,0.0214,3.6027,0.0012,1,0.0442,2.9769,0.0464,0.1311,42.3665,0.0000,42.3665,1.4587,0.0000,0.0000,791,591,71214,20.37,830.2
3979,341.3993,7.3152,0.2135,0.0150,3.3309,0.0724,0.0258,39.9727,0.0012,1,0.0444,2.3657,0.0451,0.0892,39.6486,0.0000,39.6486,1.4494,0.0000,0.0000,791,451,59830,20.56,830.2
3980,341.4430,43.6463,0.4260,0.0163,2.1843,0.0504,0.0194,39.5930,0.0012,1,0.0425,1.7148,0.0451,0.0822,39.1155,0.0000,39.1155,1.4756,0.0000,0.0000,791,258,37122,20.61,830.2
3981,341.4853,42.3064,0.3203,0.0153,3.0931,0.0689,0.0253,37.4277,0.0013,1,0.0386,1.1033,0.0451,0.0714,37.9612,0.0000,37.9612,1.4965,0.0000,0.0000,791,250,29418,20.82,830.2
3982,341.5262,40.9682,0.4431,0.0162,2.4052,0.0699,0.0229,70.7508,0.0015,1,0.0390,1.1109,0.0451,0.0628,35.1243,0.0000,35.1243,1.4702,0.0000,0.0000,791,203,25162,20.70,830.2
3983,341.6000,73.7305,1.2314,0.0164,3.5797,0.0647,0.0219,3.8491,0.0015,1,0.0400,1.0499,0.0450,0.0657,33.4642,0.0000,33.4642,1.4621,0.0000,0.0000,791,196,23178,20.64,830.2
3984,341.6088,8.7822,0.3901,0.0196,1.9107,0.0490,0.0185,30.5637,0.0014,1,0.0401,0.9544,0.0436,0.0614,32.5267,0.0000,32.5267,1.4591,0.0000,0.0000,791,182,21482,20.81,830.2
3985,341.6417,32.9679,0.4232,0.0153,2.4851,0.0631,0.0320,67.1231,0.0016,1,0.0394,0.7661,0.0450,0.0655,31.9975,0.0000,31.9975,1.6266,0.0000,0.0000,791,162,18794,20.90,830.2
3986,341.7119,70.1713,0.5308,0.0195,2.9072,0.0667,0.0268,5.5913,0.0018,1,0.0395,0.7048,0.0451,0.0691,31.7226,0.0000,31.7226,1.5905,0.0000,0.0000,791,156,18122,21.01,830.2
3987,341.7211,9.1628,0.2646,0.0199,4.0723,0.0733,0.0271,23.4417,0.0015,1,0.0424,0.6795,0.0451,0.0619,31.1929,0.0000,31.1929,1.6017,0.0000,0.0000,791,139,16074,21.00,830.2
3988,341.7490,27.9159,0.4525,0.0149,2.6545,0.0587,0.0241,30.6184,0.0016,1,0.0365,0.5397,0.0434,0.0635,30.7935,0.0000,30.7935,1.4269,0.0000,0.0000,791,110,12462,21.07,830.2
3989,341.7828,33.8404,0.4771,0.0151,2.4473,0.0612,0.0240,30.0711,0.0011,1,0.0377,0.4633,0.0451,0.0614,29.5910,0.0000,29.5910,1.4280,0.0000,0.0000,791,103,11654,21.12,830.2
3990,341.8159,33.1153,0.4723,0.0181,2.5090,0.0596,0.0222,28.4415,0.0011,1,0.0398,0.5131,0.0447,0.0616,29.3623,0.0000,29.3623,1.4307,0.0000,0.0000,791,83,9286,21.18,830.2
3991,341.8475,31.5367,0.4229,0.0134,1.6947,0.0467,0.0181,28.4483,0.0011,1,0.0373,0.3028,0.0440,0.0580,28.9399,0.0000,28.9399,1.4314,0.0000,0.0000,791,63,7110,21.26,830.2
3992,341.8781,30.6584,1.1658,0.0135,1.4111,0.0420,0.0161,29.6745,0.0014,1,0.0387,0.2311,0.0451,0.0563,28.6822,0.0000,28.6822,1.5893,0.0000,0.0000,791,32,3334,21.33,830.2
3993,341.9105,32.3382,0.4866,0.0154,1.8951,0.0444,0.0171,30.3094,0.0023,1,0.0366,0.1477,0.0444,0.0573,28.3836,0.0000,28.3836,1.4495,0.0000,0.0000,791,28,2822,21.59,830.2
3994,341.9433,32.7942,0.4616,0.0154,2.4602,0.0693,0.0250,59.4124,0.0013,1,0.0353,0.1220,0.0438,0.0570,28.7139,0.0000,28.7139,1.4222,0.0000,0.0000,791,23,2182,21.48,832.2
3995,342.0057,62.4595,0.2428,0.0142,2.5941,0.0608,0.0627,4.9263,0.0014,1,0.0348,0.1096,0.0448,0.0756,29.0492,0.0000,29.0492,1.4317,0.0000,0.0000,791,21,2042,21.43,832.2
3996,342.0136,7.9177,0.0807,0.0146,2.7371,0.0471,0.0199,25.7449,0.0012,1,0.0365,0.1078,0.0448,0.0589,28.8487,0.0000,28.8487,1.4326,0.0000,0.0000,791,21,2042,21.78,832.2
3997,342.0423,28.6593,0.6777,0.0128,5.4564,0.0572,0.0216,26.8789,0.0013,1,0.0381,0.1030,0.0439,0.0573,29.0911,0.0000,29.0911,1.6102,0.0000,0.0000,791,21,2042,21.71,832.2
3998,342.0754,33.1213,0.0723,0.0132,2.7299,0.0864,0.0242,26.3123,0.0014,1,0.0373,0.1074,0.0450,0.0562,28.9257,0.0000,28.9257,1.4471,0.0000,0.0000,791,21,2042,21.74,832.2
3999,342.1047,29.2553,0.0554,0.0152,3.0582,0.0639,0.0260,58.4976,0.0017,1,0.0371,0.1075,0.0451,0.0594,28.7135,0.0000,28.7135,1.4466,0.0000,0.0000,791,21,2042,21.82,832.2
4000,342.1664,61.7366,0.0713,0.0215,3.5956,0.0792,0.0299,9.1602,0.0015,1,0.0371,0.1196,0.0488,0.0575,28.0908,0.0000,28.0908,1.4402,0.0000,0.0000,791,21,2042,21.76,832.2
4001,342.1794,12.9773,0.0781,0.0185,3.4307,0.0869,0.0337,20.3361,0.0020,1,0.0359,0.1065,0.0445,0.0605,28.0588,0.0000,28.0588,1.4447,0.0000,0.0000,791,21,2042,22.10,832.2
4002,342.2034,24.0093,0.0892,0.0202,5.1732,0.1479,0.0354,54.9669,0.0014,1,0.0401,0.1070,0.0430,0.0580,27.5068,0.0000,27.5068,1.4500,0.0000,0.0000,791,20,1962,22.04,832.2
4003,342.2639,60.4522,0.0791,0.0193,3.8426,0.0867,0.0282,5.7535,0.0017,1,0.0367,0.1018,0.0471,0.0594,27.2914,0.0000,27.2914,1.6141,0.0000,0.0000,791,20,1962,21.97,832.2
4004,342.2737,9.8305,0.1371,0.0188,4.7896,0.0892,0.0347,21.7623,0.0016,1,0.0371,0.1049,0.0437,0.0596,27.3415,0.0000,27.3415,1.4616,0.0000,0.0000,791,20,1962,22.13,832.2
4005,342.3005,26.8505,0.0724,0.0164,2.8308,0.0892,0.0360,27.3583,0.0018,1,0.0405,0.0991,0.0445,0.0583,27.0130,0.0000,27.0130,1.4889,0.0000,0.0000,791,19,1882,22.22,832.2
4006,342.3310,30.4251,0.0833,0.0191,4.2407,0.1333,0.0383,27.8058,0.0017,1,0.0412,0.1009,0.0451,0.0617,28.3572,0.0000,28.3572,1.4676,0.0000,0.0000,791,19,1882,22.45,832.2
4007,342.3633,32.3411,0.0797,0.0188,2.7868,0.0661,0.0274,27.2561,0.0018,1,0.0427,0.1032,0.0439,0.0609,27.9784,0.0000,27.9784,1.4756,0.0000,0.0000,791,19,1882,22.34,832.2
4008,342.3936,30.2568,0.8443,0.0208,3.6876,0.0697,0.0290,23.2236,0.0023,1,0.0363,0.0981,0.0471,0.0600,28.2625,0.0000,28.2625,1.4788,0.0000,0.0000,791,19,1882,22.38,832.2
4009,342.4214,27.8999,1.7392,0.0208,4.4099,0.0858,0.0316,54.9334,0.0013,1,0.0390,0.1189,0.0471,0.0613,28.2577,0.0000,28.2577,1.4876,0.0000,0.0000,791,19,1882,22.62,832.2
4010,342.4827,61.2380,0.5505,0.0162,1.9231,0.0528,0.0215,4.8330,0.0014,1,0.0366,0.1069,0.0480,0.0599,27.8748,0.0000,27.8748,1.6553,0.0000,0.0000,791,19,1882,22.39,836.6
4011,342.4901,7.4164,0.3948,0.0188,4.1603,0.0702,0.0281,21.9665,0.0012,1,0.0380,0.0996,0.0436,0.0611,28.2636,0.0000,28.2636,1.5006,0.0000,0.0000,791,19,1882,22.53,836.6
4012,342.5168,26.6552,0.6120,0.0167,1.9489,0.0456,0.0200,30.5817,0.0011,1,0.0370,0.1028,0.0491,0.0594,29.1881,0.0000,29.1881,1.4950,0.0000,0.0000,791,19,1882,22.75,836.6
4013,342.5500,33.2401,0.5607,0.0152,1.7660,0.0436,0.0184,28.1273,0.0010,1,0.0350,0.0967,0.0446,0.0614,28.2602,0.0000,28.2602,1.6529,0.0000,0.0000,791,19,1882,22.66,836.6
4014,342.5805,30.5459,0.4809,0.0144,1.7864,0.0567,0.0187,28.7775,0.0013,1,0.0372,0.1027,0.0451,0.0614,28.2831,0.0000,28.2831,1.5256,0.0000,0.0000,791,19,1882,22.67,836.6
4015,342.6117,31.1494,0.0595,0.0130,2.3076,0.0556,0.0219,32.1448,0.0016,1,0.0383,0.1208,0.0451,0.0678,28.6364,0.0000,28.6364,1.5136,0.0000,0.0000,791,19,1882,22.89,836.6
4016,342.6463,34.6179,0.0611,0.0148,2.9487,0.0648,0.0329,25.8632,0.0012,1,0.0357,0.1030,0.0434,0.0621,28.6702,0.0000,28.6702,1.6834,0.0000,0.0000,791,19,1882,22.78,836.6
4017,342.6753,29.0027,0.0566,0.0134,2.5279,0.0487,0.0221,27.3324,0.0015,1,0.0374,0.0983,0.0451,0.0594,28.8333,0.0000,28.8333,1.5160,0.0000,0.0000,791,19,1882,22.83,836.6
4018,342.7053,30.0191,0.0592,0.0136,4.0619,0.0653,0.0271,59.2602,0.0012,1,0.0377,0.1027,0.0451,0.0609,29.3426,0.0000,29.3426,1.5111,0.0000,0.0000,791,19,1882,22.87,836.6
4019,342.7688,63.5035,0.0593,0.0129,1.9081,0.0440,0.0206,4.6247,0.0014,1,0.0358,0.1019,0.0451,0.0595,30.0511,0.0000,30.0511,1.5115,0.0000,0.0000,791,19,1882,22.79,836.6
4020,342.7755,6.6864,0.0593,0.0146,2.7675,0.0562,0.0232,26.3681,0.0010,1,0.0374,0.1003,0.0449,0.0600,30.1693,0.0000,30.1693,1.6730,0.0000,0.0000,791,19,1882,22.95,836.6
4021,342.8048,29.3039,0.0572,0.0131,2.9779,0.0610,0.0240,65.2809,0.0013,1,0.0360,0.1009,0.0451,0.0573,32.0898,0.0000,32.0898,1.4845,0.0000,0.0000,791,19,1882,23.00,836.6
4022,342.8733,68.4315,0.0634,0.0206,3.6775,0.0615,0.0226,4.0871,0.0012,1,0.0377,0.1028,0.0449,0.0578,32.0604,0.0000,32.0604,1.4803,0.0000,0.0000,791,19,1882,23.07,836.6
4023,342.8812,7.9486,0.0592,0.0135,1.9061,0.0440,0.0187,30.2270,0.0014,1,0.0395,0.0983,0.0440,0.0573,33.4645,0.0000,33.4645,1.4946,0.0000,0.0000,791,19,1882,23.06,836.6
4024,342.9135,32.2857,0.0582,0.0143,2.4639,0.0549,0.0216,35.1673,0.0012,1,0.0370,0.1047,0.0481,0.0573,36.4067,0.0000,36.4067,1.4588,0.0000,0.0000,791,19,1882,23.09,836.6
4025,342.9513,37.7931,0.0475,0.0111,1.6046,0.0434,0.0178,38.8659,0.0014,1,0.0359,0.1000,0.0432,0.0567,36.8040,0.0000,36.8040,1.4506,0.0000,0.0000,791,19,1882,23.30,836.6
4026,342.9919,40.6068,0.0877,0.0157,2.6558,0.0600,0.0235,80.3357,0.0012,1,0.0358,0.0988,0.0436,0.0576,39.6806,0.0000,39.6806,1.4434,0.0000,0.0000,791,19,1882,23.15,836.7
4027,343.0751,83.1945,1.0346,0.0157,6.3903,0.0572,0.0221,4.3888,0.0013,1,0.0357,0.1013,0.0437,0.0556,39.6899,0.0000,39.6899,1.4217,0.0000,0.0000,791,19,1882,22.95,836.7
4028,343.0870,11.9239,1.4500,0.0145,3.9455,0.0644,0.0245,31.4803,0.0012,1,0.0378,0.1072,0.0451,0.0573,41.1787,0.0000,41.1787,1.4051,0.0000,0.0000,791,19,1882,23.30,836.7
4029,343.1241,37.0562,1.8689,0.0158,2.8405,0.0624,0.0239,77.9254,0.0016,1,0.0355,0.1037,0.0451,0.0560,40.4557,0.0000,40.4557,1.5459,0.0000,0.0000,791,19,1882,23.17,836.7
4030,343.2068,82.7570,1.9741,0.0162,3.3692,0.0634,0.0245,4.3286,0.0011,1,0.0366,0.1042,0.0451,0.0585,38.5156,0.0000,38.5156,1.3802,0.0000,0.0000,791,19,1882,23.00,836.7
4031,343.2166,9.7922,0.0641,0.0155,2.9169,0.0588,0.0232,32.8771,0.0011,1,0.0373,0.0961,0.0447,0.0568,40.2668,0.0000,40.2668,1.3900,0.0000,0.0000,791,19,1882,23.39,836.7
4032,343.2526,35.9706,0.4790,0.0141,2.3905,0.0575,0.0223,81.6392,0.0020,1,0.0373,0.1058,0.0451,0.0578,39.8139,0.0000,39.8139,1.4478,0.0000,0.0000,791,18,1842,23.26,836.7
4033,343.3372,84.6213,0.6969,0.0146,1.7134,0.0497,0.0193,5.6840,0.0012,1,0.0362,0.1011,0.0440,0.0576,39.8144,0.0000,39.8144,1.6021,0.0000,0.0000,791,18,1842,23.09,836.7
4034,343.3454,8.1951,0.4356,0.0159,1.9740,0.0475,0.0189,35.3118,0.0010,1,0.0395,0.0993,0.0448,0.0604,39.0262,0.0000,39.0262,1.5971,0.0000,0.0000,791,18,1842,23.50,836.7
4035,343.3832,37.8182,0.4463,0.0129,2.2309,0.0547,0.0219,66.5558,0.0012,1,0.0366,0.0982,0.0432,0.0559,33.0256,0.0000,33.0256,1.4502,0.0000,0.0000,791,18,1842,23.39,836.7
4036,343.4526,69.3413,0.4034,0.0132,2.0315,0.0497,0.0190,3.8621,0.0011,1,0.0375,0.1201,0.0448,0.0576,32.8810,0.0000,32.8810,1.4435,0.0000,0.0000,791,18,1842,23.26,836.7
4037,343.4590,6.3940,0.0543,0.0131,2.5187,0.0589,0.0236,22.5117,0.0012,1,0.0373,0.0983,0.0443,0.0573,26.2221,0.0000,26.2221,1.4381,0.0000,0.0000,791,18,1842,23.46,836.7
4038,343.4842,25.1942,0.3845,0.0128,1.5745,0.0411,0.0170,53.2462,0.0012,1,0.0372,0.1130,0.0444,0.0573,24.9448,0.0000,24.9448,1.4432,0.0000,0.0000,791,17,1802,23.57,836.7
4039,343.5395,55.2965,0.5012,0.0139,1.8255,0.0447,0.0187,5.4574,0.0012,1,0.0360,0.0967,0.0439,0.0570,25.5850,0.0000,25.5850,1.4488,0.0000,0.0000,791,17,1802,23.76,836.7
4040,343.5473,7.8772,0.1915,0.0145,2.8092,0.0598,0.0234,21.1673,0.0016,1,0.0384,0.0977,0.0443,0.0573,25.9865,0.0000,25.9865,1.4580,0.0000,0.0000,791,17,1802,23.75,836.7
4041,343.5716,24.2825,0.0579,0.0146,1.9129,0.0446,0.0189,55.8572,0.0014,1,0.0368,0.0974,0.0439,0.0562,25.7273,0.0000,25.7273,1.6135,0.0000,0.0000,791,17,1802,23.86,836.7
4042,343.6295,57.9223,0.0589,0.0180,2.9768,0.0653,0.0249,4.9089,0.0013,1,0.0370,0.0988,0.0451,0.0573,25.7339,0.0000,25.7339,1.4586,0.0000,0.0000,791,17,1802,24.05,836.7
4043,343.6376,8.0693,0.0628,0.0147,3.0987,0.0645,0.0241,22.7629,0.0015,1,0.0370,0.0867,0.0446,0.0573,25.7671,0.0000,25.7671,1.4669,0.0000,0.0000,791,16,1722,24.04,836.7
4044,343.6636,26.0459,0.1066,0.0160,3.0412,0.0522,0.0219,24.6486,0.0013,1,0.0358,0.0944,0.0446,0.0574,26.4086,0.0000,26.4086,1.4721,0.0000,0.0000,791,16,1722,24.14,836.7
4045,343.6916,27.9033,0.0596,0.0150,4.0139,0.5384,0.0319,23.0726,0.0012,1,0.0353,0.0868,0.0445,0.0573,26.8185,0.0000,26.8185,1.4705,0.0000,0.0000,791,16,1722,24.25,836.7
4046,343.7193,27.7472,0.0622,0.0134,1.9813,0.0453,0.0184,56.6960,0.0016,1,0.0382,0.1190,0.0450,0.0573,26.4141,0.0000,26.4141,1.4963,0.0000,0.0000,791,16,1722,24.35,836.7
4047,343.7781,58.8356,0.5533,0.0143,2.5967,0.0539,0.0210,3.7490,0.0012,1,0.0354,0.1349,0.0451,0.0573,26.6027,0.0000,26.6027,1.4781,0.0000,0.0000,791,16,1722,24.34,836.7
4048,343.7851,7.0029,0.0546,0.0119,1.8734,0.0425,0.0175,22.2392,0.0012,1,0.0379,0.1199,0.0451,0.0562,26.6509,0.0000,26.6509,1.4782,0.0000,0.0000,791,16,1722,24.59,836.7
4049,343.8094,24.2541,0.0551,0.0120,2.4875,0.0664,0.0238,56.0275,0.0012,1,0.0368,0.0977,0.0434,0.0570,26.8456,0.0000,26.8456,1.4809,0.0000,0.0000,791,16,1722,24.76,836.7
4050,343.8681,58.6884,0.2735,0.0141,1.6990,0.0423,0.0166,2.7977,0.0010,1,0.0375,0.0996,0.0450,0.0562,26.9502,0.0000,26.9502,1.4815,0.0000,0.0000,791,16,1722,24.74,836.7
4051,343.8729,4.8563,0.0531,0.0121,1.5991,0.0409,0.0170,26.0952,0.0011,1,0.0387,0.1049,0.0438,0.0557,26.4583,0.0000,26.4583,1.7748,0.0000,0.0000,791,16,1722,25.24,836.7
4052,343.9008,27.8323,0.0559,0.0144,2.2917,0.0535,0.0209,28.5118,0.0014,1,0.0374,0.0963,0.0451,0.0573,26.4011,0.0000,26.4011,1.4804,0.0000,0.0000,791,16,1722,25.14,836.7
4053,343.9317,30.9631,0.2324,0.0134,2.1950,0.0428,0.0176,23.6504,0.0010,1,0.0356,0.0981,0.0442,0.0569,27.1699,0.0000,27.1699,1.4822,0.0000,0.0000,791,16,1722,25.26,836.7
4054,343.9579,26.1666,0.0560,0.0131,1.8559,0.0465,0.0172,27.8701,0.0009,1,0.0369,0.0942,0.0451,0.0573,27.1140,0.0000,27.1140,1.4781,0.0000,0.0000,791,16,1722,25.37,836.7
4055,343.9878,29.8721,0.0522,0.0129,1.7755,0.0432,0.0176,29.2880,0.0012,1,0.0361,0.0916,0.0434,0.0555,26.8688,0.0000,26.8688,1.6413,0.0000,0.0000,791,16,1722,25.75,836.7
4056,344.0190,31.2063,0.0605,0.0143,6.7702,0.0649,0.0249,27.0077,0.0017,1,0.0365,0.0957,0.0492,0.0584,26.8178,0.0000,26.8178,1.4845,0.0000,0.0000,791,16,1722,25.65,836.7
4057,344.0529,33.9607,0.2922,0.0195,3.2473,0.0762,0.0274,23.0008,0.0015,1,0.0372,0.0908,0.0450,0.0569,27.1975,0.0000,27.1975,1.6470,0.0000,0.0000,791,16,1722,25.68,836.7
4058,344.0796,26.6829,0.1774,0.0182,4.0814,0.0712,0.0276,24.4676,0.0015,1,0.0363,0.0886,0.0494,0.0575,26.8126,0.0000,26.8126,1.4843,0.0000,0.0000,791,16,1722,25.59,836.7
4059,344.1085,28.8623,0.0706,0.0149,3.8790,0.0764,0.0288,25.0845,0.0018,1,0.0378,0.0895,0.0471,0.0559,26.8055,0.0000,26.8055,1.4814,0.0000,0.0000,791,16,1722,25.60,836.7
4060,344.1377,29.1729,0.1132,0.0172,3.8355,0.0700,0.0274,28.1011,0.0020,1,0.0375,0.0877,0.0471,0.0572,27.3804,0.0000,27.3804,1.4940,0.0000,0.0000,791,16,1722,25.65,836.7
4061,344.1698,32.1847,0.5440,0.0188,3.4284,0.0910,0.0365,25.3522,0.0271,1,0.0367,0.1090,0.0482,0.0575,26.8447,0.0000,26.8447,1.4946,0.0000,0.0000,791,16,1722,25.69,836.7
4062,344.1994,29.5590,0.0868,0.0171,3.6559,0.0757,0.0285,52.5004,0.0015,1,0.0356,0.0924,0.0447,0.0573,27.5618,0.0000,27.5618,1.4850,0.0000,0.0000,791,16,1722,25.97,836.7
4063,344.2558,56.3828,0.9820,0.0164,2.4071,0.0621,0.0242,6.4662,0.0021,1,0.0382,0.0860,0.0492,0.0573,26.9981,0.0000,26.9981,1.4773,0.0000,0.0000,791,16,1722,25.71,836.7
4064,344.3670,100.0000,2.8871,0.0152,3.1056,0.0674,0.0255,4.7327,0.0012,1,0.0384,0.0926,0.0448,0.0573,27.4994,0.0000,27.4994,1.6684,0.0000,0.0000,791,16,1722,25.36,836.7
4065,344.3778,10.8505,0.4659,0.0162,3.5919,0.0673,0.0277,33.2901,0.0014,1,0.0370,0.0922,0.0460,0.0585,29.3314,0.0000,29.3314,1.7929,0.0000,0.0000,791,16,1722,25.79,836.7
4066,344.4153,37.4767,1.0612,0.0160,2.9805,0.0570,0.0228,4.2213,0.0016,1,0.0364,0.0986,0.0450,0.0564,29.1494,0.0000,29.1494,1.4832,0.0000,0.0000,791,16,1722,25.63,836.7
4067,344.4237,8.3771,0.7535,0.0178,2.0618,0.0528,0.0216,26.2571,0.0014,1,0.0367,0.1020,0.0451,0.0574,28.4887,0.0000,28.4887,1.6565,0.0000,0.0000,791,16,1722,25.80,836.7
4068,344.4529,29.1817,0.4765,0.0168,2.7562,0.0518,0.0211,28.7168,0.0013,1,0.0395,0.1098,0.0490,0.0573,29.4226,0.0000,29.4226,1.4887,0.0000,0.0000,791,16,1722,26.18,836.7
4069,344.4849,32.0559,0.8134,0.0175,3.0740,0.0632,0.0254,57.3529,0.0018,1,0.0369,0.0983,0.0438,0.0567,30.4897,0.0000,30.4897,1.4907,0.0000,0.0000,791,16,1722,26.04,836.7
4070,344.5463,61.3643,0.2889,0.0158,3.5856,0.1109,0.0306,5.4044,0.0015,1,0.0368,0.0868,0.0450,0.0553,29.5708,0.0000,29.5708,1.4954,0.0000,0.0000,791,16,1722,25.94,836.7
4071,344.5558,9.4553,0.9853,0.0164,2.7155,0.0652,0.0247,25.2346,0.0014,1,0.0386,0.0990,0.0441,0.0572,30.5407,0.0000,30.5407,1.4986,0.0000,0.0000,791,16,1722,26.46,836.7
4072,344.5848,29.0589,0.6252,0.0438,3.1199,0.0679,0.0270,63.1789,0.0014,1,0.0365,0.1008,0.0435,0.0558,30.6387,0.0000,30.6387,1.5040,0.0000,0.0000,791,15,1682,26.34,836.7
4073,344.6519,67.0800,0.4861,0.0160,2.9488,0.0699,0.0265,9.4935,0.0013,1,0.0374,0.0860,0.0451,0.0572,30.4444,0.0000,30.4444,1.5023,0.0000,0.0000,791,15,1682,26.24,836.7
4074,344.6649,13.0571,0.4551,0.0496,3.4643,0.0639,0.0389,19.1244,0.0014,1,0.0371,0.1164,0.0448,0.0577,30.8786,0.0000,30.8786,1.6501,0.0000,0.0000,791,15,1682,26.74,836.7
4075,344.6882,23.2128,0.4801,0.0153,2.3247,0.0599,0.0217,64.0145,0.0018,1,0.0359,0.0888,0.0442,0.0557,30.6789,0.0000,30.6789,1.5026,0.0000,0.0000,791,15,1682,26.66,836.7
4076,344.7551,66.9386,0.4468,0.0132,2.1813,0.0570,0.0209,4.0412,0.0010,1,0.0371,0.0862,0.0450,0.0572,30.5937,0.0000,30.5937,1.4945,0.0000,0.0000,791,15,1682,26.54,836.7
4077,344.7619,6.7750,0.6334,0.0148,3.3689,0.0690,0.0261,26.2178,0.0012,1,0.0382,0.0883,0.0436,0.0606,30.8843,0.0000,30.8843,1.6736,0.0000,0.0000,791,15,1682,26.80,836.7
4078,344.7922,30.3444,0.3158,0.0135,1.7215,0.0458,0.0183,31.8500,0.0011,1,0.0358,0.0967,0.0447,0.0568,31.2662,0.0000,31.2662,1.4956,0.0000,0.0000,791,15,1682,26.91,836.7
4079,344.8262,33.9801,0.4813,0.0154,1.7381,0.0445,0.0295,31.0098,0.0011,1,0.0367,0.0892,0.0437,0.0573,31.6338,0.0000,31.6338,1.4915,0.0000,0.0000,791,15,1682,27.00,836.7
4080,344.8595,33.3332,0.4253,0.0143,1.6784,0.0541,0.0253,66.6772,0.0011,1,0.0357,0.0892,0.0440,0.0555,32.2533,0.0000,32.2533,1.6717,0.0000,0.0000,791,15,1682,27.10,836.7
4081,344.9284,68.8907,0.4646,0.0144,2.7206,0.0686,0.0247,4.9682,0.0012,1,0.0364,0.0881,0.0449,0.0565,32.4478,0.0000,32.4478,1.5006,0.0000,0.0000,791,15,1682,27.28,836.7
4082,344.9367,8.2777,0.4411,0.0155,2.4775,0.0562,0.0221,29.5731,0.0011,1,0.0375,0.0965,0.0448,0.0570,33.5721,0.0000,33.5721,1.5069,0.0000,0.0000,791,15,1682,27.27,836.7
4083,344.9693,32.6000,0.7793,0.0150,2.5267,0.0548,0.0221,31.6202,0.0011,1,0.0371,0.1073,0.0475,0.0572,31.9659,0.0000,31.9659,1.7034,0.0000,0.0000,791,15,1682,27.36,836.7
4084,345.0043,35.0324,1.0933,0.0163,1.5087,0.0411,0.0170,31.6175,0.0012,1,0.0401,0.1113,0.0438,0.0580,33.0454,0.0000,33.0454,1.5209,0.0000,0.0000,791,14,1554,27.45,836.7
4085,345.0386,34.3094,0.8092,0.0139,2.3644,0.0618,0.0274,68.5926,0.0011,1,0.0364,0.0628,0.0471,0.0554,33.0714,0.0000,33.0714,1.5199,0.0000,0.0000,791,9,970,27.55,836.7
4086,345.1105,71.8855,6.0401,0.0164,2.9547,0.0663,0.0245,5.5765,0.0012,1,0.0355,0.0618,0.0446,0.0573,33.7182,0.0000,33.7182,1.5138,0.0000,0.0000,791,8,842,27.72,836.7
4087,345.1252,14.6954,0.5511,0.0151,3.4825,0.0654,0.0284,24.9497,0.0018,1,0.0369,0.0543,0.0436,0.0572,34.7915,0.0000,34.7915,1.5303,0.0000,0.0000,791,8,842,27.68,836.7
4088,345.1543,29.1106,0.6612,0.0171,3.6116,0.0694,0.0264,33.4543,0.0016,1,0.0371,0.0602,0.0490,0.0573,34.9893,0.0000,34.9893,1.5378,0.0000,0.0000,791,9,922,27.79,836.7
4089,345.1922,37.8571,1.0408,0.0165,2.9199,0.0715,0.0262,30.4704,0.0015,1,0.0389,0.0587,0.0451,0.0572,35.1265,0.0000,35.1265,1.5294,0.0000,0.0000,791,9,922,27.86,836.7
4090,345.2267,34.5643,0.6049,0.0187,2.8387,0.0793,0.0239,34.2980,0.0013,1,0.0381,0.0734,0.0466,0.0585,34.7043,0.0000,34.7043,1.5230,0.0000,0.0000,791,9,922,27.99,836.7
4091,345.2646,37.8812,2.0887,0.0191,3.4216,0.0675,0.0255,33.6471,0.0012,1,0.0368,0.0660,0.0456,0.0576,35.7480,0.0000,35.7480,1.5271,0.0000,0.0000,791,9,922,28.06,836.7
4092,345.3039,39.2850,1.0197,0.0151,2.4176,0.0633,0.0259,70.5461,0.0014,1,0.0379,0.0758,0.0476,0.0573,35.8536,0.0000,35.8536,1.6997,0.0000,0.0000,791,9,922,28.14,836.7
4093,345.3780,74.1024,0.3443,0.0126,1.5218,0.0474,0.0173,3.5816,0.0011,1,0.0360,0.0550,0.0451,0.0563,35.1715,0.0000,35.1715,1.7274,0.0000,0.0000,791,8,842,28.01,836.7
4094,345.3836,5.5404,0.0539,0.0136,2.4819,0.0592,0.0235,36.0412,0.0011,1,0.0396,0.0661,0.0447,0.0594,36.2879,0.0000,36.2879,1.5899,0.0000,0.0000,791,8,842,28.31,836.7
4095,345.4222,38.6877,0.3611,0.0174,2.1614,0.0510,0.0205,34.7723,0.0012,1,0.0390,0.0876,0.0484,0.0558,36.3594,0.0000,36.3594,1.5797,0.0000,0.0000,791,8,842,28.73,836.7
4096,345.4597,37.3996,0.4235,0.0145,1.8927,0.0846,0.0220,34.3811,0.0014,1,0.0397,0.0794,0.0438,0.0578,34.9408,0.0000,34.9408,1.5793,0.0000,0.0000,791,8,842,28.53,836.7
4097,345.4965,36.8330,0.3409,0.0130,2.0652,0.0546,0.0209,36.4806,0.0010,1,0.0372,0.0644,0.0476,0.0573,34.6995,0.0000,34.6995,1.5761,0.0000,0.0000,791,9,970,28.63,836.7
4098,345.5355,38.9904,0.3572,0.0133,1.6955,0.0453,0.0183,35.0135,0.0013,1,0.0401,0.0956,0.0447,0.0577,35.4497,0.0000,35.4497,1.7340,0.0000,0.0000,791,14,1554,29.04,836.7
4099,345.5726,37.1583,0.3946,0.0138,1.7883,0.0548,0.0176,35.9273,0.0015,1,0.0374,0.0919,0.0446,0.0573,35.3685,0.0000,35.3685,1.7453,0.0000,0.0000,791,15,1682,28.83,836.7
4100,345.6108,38.2126,1.1622,0.0145,2.3530,0.0601,0.0224,37.1022,0.0010,1,0.0447,0.1208,0.0455,0.0573,35.7150,0.0000,35.7150,1.7485,0.0000,0.0000,791,15,1682,28.87,841.9
4101,345.6516,40.7306,0.4311,0.0149,3.6127,0.0609,0.0236,75.6115,0.0012,1,0.0371,0.0900,0.0451,0.0555,37.7834,0.0000,37.7834,1.5725,0.0000,0.0000,791,15,1682,28.88,841.9
4102,345.7314,79.7709,0.4077,0.0148,2.6728,0.0679,0.0282,5.4980,0.0014,1,0.0372,0.1089,0.0449,0.0573,38.3691,0.0000,38.3691,1.5669,0.0000,0.0000,791,15,1682,28.61,841.9
4103,345.7401,8.7057,0.5256,0.0140,2.5345,0.0770,0.0242,33.9197,0.0011,1,0.0374,0.1005,0.0451,0.0565,39.4779,0.0000,39.4779,1.5591,0.0000,0.0000,791,15,1682,29.06,841.9
4104,345.7772,37.1117,0.5651,0.0154,2.2540,0.0817,0.0282,83.3462,0.0010,1,0.0373,0.0984,0.0452,0.0586,40.8282,0.0000,40.8282,1.5477,0.0000,0.0000,791,15,1682,28.87,841.9
4105,345.8635,86.3056,0.3891,0.0140,2.0945,0.0534,0.0200,4.4954,0.0013,1,0.0379,0.1127,0.0452,0.0575,40.8346,0.0000,40.8346,1.5465,0.0000,0.0000,791,15,1682,28.50,841.9
4106,345.8705,7.0820,0.2046,0.0136,2.3068,0.0545,0.0214,36.6741,0.0009,1,0.0383,0.0936,0.0451,0.0573,40.3597,0.0000,40.3597,1.5506,0.0000,0.0000,791,15,1682,28.93,841.9
4107,345.9099,39.2925,0.3709,0.0144,1.9016,0.0520,0.0185,41.8317,0.0010,1,0.0379,0.1290,0.0440,0.0590,40.2380,0.0000,40.2380,1.5621,0.0000,0.0000,791,18,1922,28.72,841.9
4108,345.9540,44.2047,0.5967,0.0140,1.9357,0.0508,0.0193,37.8493,0.0011,1,0.0370,0.1160,0.0451,0.0573,40.6431,0.0000,40.6431,1.5764,0.0000,0.0000,791,18,1922,28.61,841.9
4109,345.9945,40.4802,1.7909,0.0147,2.0356,0.0510,0.0187,80.8096,0.0012,1,0.0373,0.1546,0.0449,0.0573,39.4361,0.0000,39.4361,1.7385,0.0000,0.0000,791,25,2762,28.57,841.9
4110,346.0793,84.7394,1.2239,0.0156,4.6769,0.1535,0.0235,5.8407,0.0010,1,0.0374,0.1589,0.0450,0.0594,39.4018,0.0000,39.4018,1.7404,0.0000,0.0000,791,27,2930,28.22,841.9
4111,346.0912,11.9488,0.7161,0.0135,3.0298,0.0596,0.0226,31.3807,0.0014,1,0.0386,0.1838,0.0451,0.0617,39.6028,0.0000,39.6028,1.7300,0.0000,0.0000,791,33,3642,28.35,841.9
4112,346.1265,35.2388,1.1961,0.0168,2.7363,0.0454,0.0237,78.1640,0.0013,1,0.0381,0.2241,0.0450,0.0598,37.8734,0.0000,37.8734,1.6111,0.0000,0.0000,791,40,4482,28.32,844.7
4113,346.2086,82.1979,0.4514,0.0149,2.2362,0.0455,0.0180,3.0028,0.0010,1,0.0363,0.2234,0.0451,0.0581,38.6821,0.0000,38.6821,1.6245,0.0000,0.0000,791,41,4562,27.99,844.7
4114,346.2144,5.7843,0.4408,0.0142,2.3239,0.0575,0.0219,36.9437,0.0018,1,0.0417,0.2806,0.0455,0.0601,37.5586,0.0000,37.5586,1.6158,0.0000,0.0000,791,46,5170,28.17,844.7
4115,346.2543,39.8208,0.5244,0.0158,2.4942,0.0536,0.0209,36.9779,0.0009,1,0.0382,0.3512,0.0454,0.0670,38.0402,0.0000,38.0402,1.7796,0.0000,0.0000,791,66,7248,28.32,844.7
4116,346.2944,40.1014,0.4231,0.0136,1.5032,0.0398,0.0164,37.9664,0.0011,1,0.0398,0.3215,0.0457,0.0710,38.5316,0.0000,38.5316,1.6181,0.0000,0.0000,791,69,7600,28.11,844.7
4117,346.3344,39.9764,0.3442,0.0134,2.4672,0.0597,0.0243,79.3143,0.0017,1,0.0391,0.3892,0.0450,0.0698,38.2516,0.0000,38.2516,1.7800,0.0000,0.0000,791,71,7856,28.03,844.7
4118,346.4166,82.2468,0.2601,0.0184,3.2809,0.0653,0.0257,6.0606,0.0014,1,0.0358,0.3713,0.0451,0.0717,37.5246,0.0000,37.5246,1.6188,0.0000,0.0000,791,78,8624,27.71,844.7
4119,346.4263,9.7273,0.4295,0.0157,2.7842,0.0722,0.0275,33.0221,0.0012,1,0.0391,0.4353,0.0451,0.0805,39.2380,0.0000,39.2380,1.6278,0.0000,0.0000,791,85,9520,27.84,844.7
4120,346.4627,36.3676,0.4721,0.0148,2.4717,0.0564,0.0230,79.6025,0.0047,1,0.0392,0.5551,0.0451,0.0840,37.7292,0.0000,37.7292,1.6328,0.0000,0.0000,791,115,13060,28.00,844.7
4121,346.5453,82.6668,0.7971,0.0132,1.3986,0.0402,0.0157,2.6492,0.0012,1,0.0378,0.5472,0.0451,0.0825,38.9798,0.0000,38.9798,1.6300,0.0000,0.0000,791,118,13444,27.56,844.7
4122,346.5503,4.9283,0.0524,0.0132,1.9167,0.0424,0.0172,39.6543,0.0016,1,0.0388,0.6280,0.0452,0.0881,38.2906,0.0000,38.2906,1.6253,0.0000,0.0000,791,120,13604,27.68,844.7
4123,346.5920,41.7125,0.4663,0.0185,2.9296,0.0579,0.0215,81.2167,0.0016,1,0.0385,0.6577,0.0455,0.0940,39.1052,0.0000,39.1052,1.6444,0.0000,0.0000,791,130,14852,27.80,844.7
4124,346.6767,84.7399,0.4969,0.0145,2.7698,0.0635,0.0259,4.4612,0.0011,1,0.0395,0.6080,0.0451,0.0933,37.8876,0.0000,37.8876,1.9674,0.0000,0.0000,791,130,14852,27.32,917.9
4125,346.6846,7.8478,0.4924,0.0147,2.8247,0.0882,0.0261,35.3959,0.0013,1,0.0379,0.6707,0.0436,0.0915,38.7411,0.0000,38.7411,1.6719,0.0000,0.0000,791,142,16292,27.44,917.9
4126,346.7234,38.8586,1.1637,0.0153,2.1244,0.0483,0.0198,84.2727,0.0026,1,0.0375,0.7230,0.0451,0.0932,40.3762,0.0000,40.3762,1.7298,0.0000,0.0000,791,149,17124,27.39,917.9
4127,346.8111,87.6673,0.4191,0.0212,2.2461,0.0472,0.0194,3.2285,0.0013,1,0.0384,0.6617,0.0451,0.0940,40.2224,0.0000,40.2224,1.7539,0.0000,0.0000,791,148,17028,27.05,917.9
4128,346.8171,5.9973,0.0614,0.0189,1.8809,0.0468,0.0187,44.4164,0.0012,1,0.0401,0.7946,0.0464,0.1104,41.3817,0.0000,41.3817,1.8107,0.0000,0.0000,791,151,17380,27.20,917.9
4129,346.8636,46.4540,0.5800,0.0166,2.1796,0.0522,0.0201,38.7875,0.0019,1,0.0385,0.7678,0.0453,0.0983,41.4489,0.0000,41.4489,1.8285,0.0000,0.0000,791,153,17636,27.08,917.9
4130,346.9052,41.6534,0.2566,0.0146,3.2903,0.0457,0.0183,42.4487,0.0013,1,0.0376,0.7049,0.0462,0.0966,43.0424,0.0000,43.0424,1.8191,0.0000,0.0000,791,153,17636,27.20,917.9
4131,346.9513,46.0893,1.6680,0.0130,2.2112,0.0630,0.0254,88.6293,0.0020,1,0.0375,0.6799,0.0452,0.0946,41.3868,0.0000,41.3868,1.9918,0.0000,0.0000,791,151,17380,26.97,917.9
4132,347.0439,92.6204,0.9115,0.0141,6.1275,0.0571,0.0215,5.0431,0.0019,1,0.0385,0.6779,0.0456,0.0963,41.5745,0.0000,41.5745,1.8466,0.0000,0.0000,791,149,17124,26.57,917.9
4133,347.0561,12.1846,0.0864,0.0145,3.7961,0.0645,0.0494,39.0568,0.0021,1,0.0385,0.7261,0.0449,0.0993,41.9332,0.0000,41.9332,1.8347,0.0000,0.0000,791,149,17124,26.70,917.9
4134,347.0992,43.0793,0.6734,0.0223,4.4293,0.0900,0.0350,101.3497,0.0013,1,0.0370,0.7100,0.0450,0.1108,52.2730,0.0000,52.2730,1.7922,0.0000,0.0000,791,149,17124,26.62,917.9
4135,347.2058,100.0000,0.4806,0.0176,4.2844,0.0824,0.0304,6.0099,0.0017,1,0.0400,0.6804,0.0467,0.0986,51.2510,0.0000,51.2510,1.7595,0.0000,0.0000,791,149,17124,26.22,963.3
4136,347.2167,10.9144,0.0690,0.0164,3.0692,0.0720,0.0275,45.1006,0.0014,1,0.0373,0.7601,0.0492,0.1133,51.7732,0.0000,51.7732,1.8803,0.0000,0.0000,791,149,17124,26.36,963.3
4137,347.2651,48.3636,0.0650,0.0153,2.5556,0.0601,0.0234,51.0134,0.0011,1,0.0385,0.6963,0.0456,0.0963,52.0468,0.0000,52.0468,1.6907,0.0000,0.0000,791,149,17124,26.25,963.3
4138,347.3188,53.7400,0.0546,0.0128,1.8081,0.0438,0.0169,54.2730,0.0010,1,0.0385,0.6752,0.0467,0.0989,51.5482,0.0000,51.5482,1.6609,0.0000,0.0000,791,149,17124,26.11,963.3
4139,347.3750,56.2172,0.0515,0.0124,2.3841,0.0533,0.0186,106.1547,0.0013,1,0.0385,0.6769,0.0458,0.0970,51.8185,0.0000,51.8185,1.7964,0.0000,0.0000,791,149,17124,26.15,963.3
4140,347.4837,100.0000,0.6695,0.0142,1.6138,0.0437,0.0171,2.9784,0.0010,1,0.0378,0.7466,0.0453,0.0963,50.8453,0.0000,50.8453,1.6160,0.0000,0.0000,791,149,17124,25.63,963.3
4141,347.4891,5.3450,0.0598,0.0134,3.3068,0.0612,0.0234,48.4086,0.0014,1,0.0372,0.7152,0.0466,0.0996,50.9245,0.0000,50.9245,1.5972,0.0000,0.0000,791,149,17124,25.76,963.3
4142,347.5410,51.8813,0.3747,0.0161,3.2404,0.0471,0.0172,53.3489,0.0012,1,0.0395,0.7466,0.0469,0.1065,52.1121,0.0000,52.1121,1.5965,0.0000,0.0000,791,149,17124,25.86,963.3
4143,347.5980,57.0517,0.5120,0.0128,1.4462,0.0422,0.0166,53.1792,0.0013,1,0.0365,0.6947,0.0451,0.1005,51.3476,0.0000,51.3476,1.7421,0.0000,0.0000,791,149,17124,25.58,963.3
4144,347.6532,55.2173,0.5584,0.0162,2.2767,0.0606,0.0236,50.8924,0.0014,1,0.0388,0.7243,0.0458,0.1012,51.9732,0.0000,51.9732,1.5691,0.0000,0.0000,791,149,17124,25.46,963.3
4145,347.7071,53.8363,0.5005,0.0139,2.7397,0.0610,0.0235,52.4049,0.0011,1,0.0386,0.7025,0.0456,0.0963,50.7186,0.0000,50.7186,1.5579,0.0000,0.0000,791,149,17124,25.37,963.3
4146,347.7628,55.7503,0.5466,0.0144,1.5756,0.0436,0.0171,51.1887,0.0010,1,0.0434,0.7242,0.0466,0.1053,51.8614,0.0000,51.8614,1.5445,0.0000,0.0000,791,149,17124,25.29,1041.3
4147,347.8162,53.3924,0.5042,0.0113,1.5198,0.0397,0.0154,52.1500,0.0012,1,0.0369,0.6739,0.0463,0.0976,50.9287,0.0000,50.9287,1.5250,0.0000,0.0000,791,149,17124,25.45,1041.3
4148,347.8705,54.2472,0.6161,0.0122,1.7589,0.0506,0.0211,51.4620,0.0011,1,0.0370,0.6803,0.0452,0.0948,50.7360,0.0000,50.7360,1.5187,0.0000,0.0000,791,149,17124,25.23,1041.3
4149,347.9244,53.9274,0.0535,0.0135,2.4449,0.0603,0.0464,53.2926,0.0011,1,0.0377,0.6547,0.0451,0.0980,51.2314,0.0000,51.2314,1.4995,0.0000,0.0000,791,149,17124,25.14,1041.3
4150,347.9803,55.9183,0.0572,0.0130,2.4314,0.0613,0.0225,52.3611,0.0011,1,0.0393,0.6994,0.0461,0.1113,52.0819,0.0000,52.0819,1.4974,0.0000,0.0000,791,149,17124,25.28,1041.3
4151,348.0352,54.9538,0.2057,0.0138,1.8066,0.0454,0.0180,53.0553,0.0043,1,0.0389,0.6781,0.0459,0.0953,50.8260,0.0000,50.8260,1.4890,0.0000,0.0000,791,149,17124,25.04,1041.3
4152,348.0904,55.1564,0.7359,0.0152,7.0691,0.0591,0.0225,102.2832,0.0016,1,0.0373,0.7148,0.0452,0.0966,51.9372,0.0000,51.9372,1.4902,0.0000,0.0000,791,149,17124,24.94,1041.3
4153,348.2006,100.0000,0.0764,0.0204,2.8965,0.0566,0.0250,3.9128,0.0018,1,0.0431,0.7120,0.0462,0.1021,51.7361,0.0000,51.7361,1.6233,0.0000,0.0000,791,149,17124,24.86,1041.3
4154,348.2076,6.9965,0.0725,0.0160,3.4068,0.1159,0.0295,47.1072,0.0013,1,0.0366,0.7522,0.0461,0.1014,51.1715,0.0000,51.1715,1.4692,0.0000,0.0000,791,149,17124,24.87,1041.3
4155,348.2584,50.7559,0.0662,0.0155,3.5933,0.0738,0.0266,105.2012,0.0014,1,0.0386,0.6908,0.0451,0.0980,51.3688,0.0000,51.3688,1.4617,0.0000,0.0000,791,149,17124,24.80,1041.3
4156,348.3673,100.0000,0.0813,0.0183,2.4471,0.0550,0.0220,4.6802,0.0018,1,0.0394,0.6942,0.0492,0.1167,51.5355,0.0000,51.5355,1.6194,0.0000,0.0000,791,149,17124,24.65,1069.2
4157,348.3746,7.3114,0.0519,0.0140,5.0819,0.0465,0.0175,44.3010,0.0011,1,0.0397,0.7739,0.0451,0.1034,50.4680,0.0000,50.4680,1.4518,0.0000,0.0000,791,149,17124,24.64,1069.2
4158,348.4242,49.5206,0.0584,0.0132,2.3639,0.0713,0.0251,107.4702,0.0017,1,0.0391,0.7318,0.0455,0.1085,50.9934,0.0000,50.9934,1.4508,0.0000,0.0000,791,149,17124,24.52,1069.2
4159,348.5342,100.0000,0.4732,0.0193,2.3159,0.0544,0.0208,3.9568,0.0016,1,0.0380,0.6646,0.0455,0.0952,51.9377,0.0000,51.9377,1.5987,0.0000,0.0000,791,149,17124,24.30,1069.2
4160,348.5410,6.8493,0.4961,0.0128,2.1895,0.0555,0.0204,46.8879,0.0011,1,0.0418,0.8946,0.0454,0.1070,50.9626,0.0000,50.9626,1.4411,0.0000,0.0000,791,149,17124,24.30,1069.2
4161,348.5907,49.6706,0.5316,0.0156,2.8375,0.0533,0.0214,56.4036,0.0012,1,0.0386,0.6812,0.0451,0.0946,51.5717,0.0000,51.5717,1.4386,0.0000,0.0000,791,149,17124,24.18,1069.2
4162,348.6506,59.8702,0.6582,0.0183,3.0021,0.0647,0.0247,48.9569,0.0015,1,0.0381,0.7168,0.0457,0.0964,52.9634,0.0000,52.9634,1.4416,0.0000,0.0000,791,149,17124,24.17,1069.2
4163,348.7033,52.7335,0.6529,0.0127,2.0417,0.0471,0.0190,49.7606,0.0016,1,0.0369,0.6781,0.0452,0.1006,50.4490,0.0000,50.4490,1.4321,0.0000,0.0000,791,149,17124,23.95,1069.2
4164,348.7559,52.5417,1.2676,0.0144,1.4454,0.0563,0.0231,51.4726,0.0011,1,0.0369,0.7226,0.0455,0.0985,51.3876,0.0000,51.3876,1.4271,0.0000,0.0000,791,149,17124,23.83,1069.2
4165,348.8102,54.2938,0.3903,0.0138,2.5508,0.0838,0.0208,96.4781,0.0011,1,0.0388,0.7198,0.0452,0.0951,52.5536,0.0000,52.5536,1.4144,0.0000,0.0000,791,149,17124,23.70,1069.2
4166,348.9097,99.5529,0.7652,0.0193,2.2929,0.0563,0.0214,4.6612,0.0013,1,0.0390,0.4275,0.0452,0.0654,41.5954,0.0000,41.5954,1.8850,0.0000,0.0000,791,64,7438,23.37,1146.0
4167,348.9175,7.8322,0.3850,0.0142,2.1229,0.0547,0.0228,39.0742,0.0014,1,0.0378,0.9923,0.0451,0.1324,42.8444,0.0000,42.8444,1.8027,0.0000,0.0000,791,194,22572,23.60,1146.0
4168,348.9592,41.6966,0.4205,0.0135,2.3328,0.0542,0.0209,93.8190,0.0022,1,0.0403,3.1029,0.0452,0.2437,41.9675,0.0000,41.9675,1.6508,0.0000,0.0000,791,651,77214,23.44,1146.0
4169,349.0559,96.6853,1.1054,0.0209,4.5842,0.0474,0.0195,6.8515,0.0012,1,0.0449,3.1943,0.0452,0.1910,41.8999,0.0000,41.8999,1.6339,0.0000,0.0000,791,687,81854,23.12,1146.0
4170,349.0686,12.6515,0.4121,0.0145,3.3831,0.0585,0.0213,34.7790,0.0018,1,0.0582,4.0127,0.0448,0.3994,40.5875,0.0000,40.5875,1.5778,0.0000,0.0000,791,718,91316,23.32,1146.0
4171,349.1072,38.6895,0.4607,0.0153,1.6366,0.0466,0.0185,80.5561,0.0015,1,0.0492,3.4521,0.0452,0.2356,35.4174,0.0000,35.4174,1.6114,0.0000,0.0000,791,657,84968,23.17,1146.0
4172,349.1900,82.7564,0.4786,0.0212,1.8255,0.0540,0.0211,3.2153,0.0013,1,0.0461,3.7195,0.0451,0.2621,34.3839,0.0000,34.3839,1.4499,0.0000,0.0000,791,640,78200,22.93,1146.0
4173,349.1956,5.6319,0.5450,0.0200,3.1792,0.0622,0.0221,35.8969,0.0016,1,0.0455,3.6684,0.0434,0.2086,33.1257,0.0000,33.1257,1.4392,0.0000,0.0000,791,765,90256,23.04,1146.0
4174,349.2354,39.7525,0.4180,0.0141,2.2026,0.0698,0.0221,31.2612,0.0016,1,0.0468,4.8069,0.0435,0.2136,27.1172,0.0000,27.1172,1.3702,0.0000,0.0000,791,741,88580,22.98,1146.0
4175,349.2694,34.0038,0.2309,0.0136,2.2750,0.0443,0.0185,31.1081,0.0009,1,0.0468,4.1819,0.0447,0.2165,27.0900,0.0000,27.0900,1.5273,0.0000,0.0000,791,739,86916,22.96,1146.0
4176,349.3031,33.7051,0.3717,0.0133,2.4515,0.0561,0.0208,30.5698,0.0014,1,0.0495,4.1559,0.0431,0.4431,26.6255,0.0000,26.6255,1.3583,0.0000,0.0000,791,732,86660,22.95,1146.0
4177,349.3366,33.4985,0.4235,0.0151,2.5083,0.0453,0.0172,29.6371,0.0015,1,0.0494,4.1349,0.0436,0.2369,27.4938,0.0000,27.4938,1.3631,0.0000,0.0000,791,728,86020,22.95,1146.0
4178,349.4543,100.0000,0.7522,0.0131,1.8589,0.0454,0.0174,4.3578,0.0019,1,0.0516,3.9122,0.0451,0.2190,28.8653,0.0000,28.8653,1.6483,0.0000,0.0000,791,726,85636,22.64,1187.6
4179,349.4614,7.0676,0.0701,0.0226,2.4678,0.0920,0.0327,34.9150,0.0021,1,0.0429,3.7200,0.0439,0.2251,29.3831,0.0000,29.3831,1.3598,0.0000,0.0000,791,726,85300,22.73,1187.6
4180,349.4990,37.6113,0.2692,0.0204,3.2715,0.0843,0.0252,4.0653,0.0014,1,0.0480,4.0878,0.0452,0.2640,27.4638,0.0000,27.4638,1.3507,0.0000,0.0000,791,727,85428,22.69,1187.6
4181,349.5067,7.7439,0.0563,0.0142,2.6410,0.0671,0.0312,28.7073,0.0027,1,0.0468,3.8984,0.0434,0.2777,27.8314,0.0000,27.8314,1.5042,0.0000,0.0000,791,727,85348,22.80,1187.6
4182,349.5382,31.5298,0.0794,0.0214,2.5561,0.0631,0.0233,36.0223,0.0011,1,0.0468,3.8287,0.0439,0.3555,32.1174,0.0000,32.1174,1.5175,0.0000,0.0000,791,727,85348,22.79,1187.6
4183,349.5770,38.7729,0.0596,0.0138,1.9664,0.0470,0.0312,37.6691,0.0014,1,0.0484,3.5540,0.0448,0.2825,32.8161,0.0000,32.8161,1.3451,0.0000,0.0000,791,727,85348,22.87,1187.6
4184,349.6168,39.7949,0.0564,0.0133,2.7447,0.1096,0.0230,36.7333,0.0012,1,0.0500,3.5568,0.0451,0.2734,33.0317,0.0000,33.0317,1.5037,0.0000,0.0000,791,727,85348,23.13,1187.6
4185,349.6565,39.6880,1.1925,0.0162,2.4482,0.0628,0.0284,33.9786,0.0012,1,0.0458,3.3545,0.0446,0.2109,33.5396,0.0000,33.5396,1.3337,0.0000,0.0000,791,727,85348,23.00,1187.6
4186,349.6942,37.7416,0.2061,0.0160,2.0711,0.0584,0.0194,38.5547,0.0018,1,0.0619,3.4247,0.0438,0.2087,32.2408,0.0000,32.2408,1.3265,0.0000,0.0000,791,727,85348,23.00,1187.6
4187,349.7352,40.9485,0.0589,0.0147,3.1296,0.0642,0.0262,29.9835,0.0011,1,0.0484,3.5179,0.0431,0.2751,27.3626,0.0000,27.3626,1.3542,0.0000,0.0000,791,729,85556,22.86,1187.6
4188,349.7685,33.2936,0.0567,0.0122,2.3989,0.0613,0.0229,29.9034,0.0012,1,0.0496,3.7998,0.0449,0.3292,27.1533,0.0000,27.1533,1.3611,0.0000,0.0000,791,731,85812,22.84,1187.6
4189,349.8010,32.4709,0.0551,0.0143,2.6513,0.0650,0.0240,31.9905,0.0016,1,0.0488,3.5036,0.0448,0.2418,27.0277,0.0000,27.0277,1.3534,0.0000,0.0000,791,731,85908,22.84,1187.6
4190,349.8358,34.8201,0.0638,0.0186,2.5283,0.0608,0.0248,29.7506,0.0014,1,0.0502,3.5597,0.0458,0.2489,27.0106,0.0000,27.0106,1.3490,0.0000,0.0000,791,732,86036,22.96,1187.6
4191,349.8682,32.4627,0.0741,0.0173,2.7628,0.0690,0.0268,31.0898,0.0015,1,0.0475,3.6460,0.0449,0.2416,27.6752,0.0000,27.6752,1.3553,0.0000,0.0000,791,728,85652,22.86,1187.6
4192,349.9023,34.0571,0.0624,0.0150,2.5496,0.0604,0.0221,31.7740,0.0015,1,0.0470,3.6324,0.0446,0.2465,27.7255,0.0000,27.7255,1.3585,0.0000,0.0000,791,722,84978,22.83,1187.6
4193,349.9368,34.5006,0.0810,0.0156,2.9638,0.0689,0.0251,31.0940,0.0017,1,0.0456,3.4514,0.0435,0.2253,27.3939,0.0000,27.3939,1.5254,0.0000,0.0000,791,717,84454,22.98,1187.6
4194,349.9711,34.2678,0.0801,0.0178,3.1608,0.0720,0.0269,61.3710,0.0016,1,0.0466,3.3122,0.0449,0.2295,27.6422,0.0000,27.6422,1.3612,0.0000,0.0000,791,710,83862,22.88,1188.9
4195,350.0358,64.7528,0.0764,0.0209,3.0164,0.1284,0.0278,5.5161,0.0014,1,0.0453,3.2927,0.0432,0.2187,28.0624,0.0000,28.0624,1.3595,0.0000,0.0000,791,708,83574,22.70,1188.9
4196,350.0446,8.8048,0.0695,0.0153,2.8625,0.0705,0.0270,32.6151,0.0013,1,0.0450,3.4780,0.0439,0.2386,27.7561,0.0000,27.7561,1.7341,0.0000,0.0000,791,703,82934,22.96,1188.9
4197,350.0803,35.6780,0.2573,0.0213,3.8677,0.0714,0.0294,82.6366,0.0020,1,0.0450,3.1740,0.0439,0.1843,27.9660,0.0000,27.9660,1.5213,0.0000,0.0000,791,689,81142,22.83,1188.9
4198,350.1672,86.9037,6.8719,0.0282,3.1182,0.0879,0.0306,8.3480,0.0022,1,0.0454,3.0241,0.0442,0.1884,27.9859,0.0000,27.9859,1.3682,0.0000,0.0000,791,687,80886,22.59,1188.9
4199,350.1857,18.5144,0.2414,0.0195,3.3449,0.0655,0.0236,35.8203,0.0016,1,0.0484,3.1960,0.0445,0.2151,28.1861,0.0000,28.1861,1.5304,0.0000,0.0000,791,672,79478,22.65,1188.9
4200,350.2253,39.5375,1.4879,0.0226,3.0922,0.0746,0.0278,8.3985,0.0016,1,0.0465,3.6088,0.0437,0.1946,27.9937,0.0000,27.9937,1.6632,0.0000,0.0000,791,667,78806,22.63,1188.9
4201,350.2384,13.1204,1.5148,0.0211,2.7659,0.0661,0.0256,23.0370,0.0013,1,0.0444,3.1977,0.0451,0.1728,28.4023,0.0000,28.4023,1.5437,0.0000,0.0000,791,660,77838,22.87,1188.9
4202,350.2658,27.4530,2.3095,0.0174,3.4270,0.0765,0.0267,62.1400,0.0058,1,0.0458,2.9062,0.0451,0.1700,28.3056,0.0000,28.3056,1.3781,0.0000,0.0000,791,639,75694,22.78,1188.9
4203,350.3339,68.0291,4.3195,0.0151,2.3444,0.0599,0.0233,4.6722,0.0014,1,0.0429,2.9692,0.0439,0.1706,29.1799,0.0000,29.1799,1.3747,0.0000,0.0000,791,631,74638,22.63,1188.9
4204,350.3453,11.4516,0.1897,0.0139,2.6649,0.0916,0.0325,25.3680,0.0013,1,0.0451,3.6606,0.0440,0.1671,28.8100,0.0000,28.8100,1.5690,0.0000,0.0000,791,619,73358,22.73,1188.9
4205,350.3737,28.3793,1.1182,0.0149,2.3942,0.1049,0.0430,66.2755,0.0021,1,0.0421,3.2106,0.0436,0.1438,30.1160,0.0000,30.1160,1.3945,0.0000,0.0000,791,600,70638,22.76,1188.9
4206,350.4437,69.9729,2.0236,0.0206,1.6102,0.0507,0.0198,3.7846,0.0014,1,0.0471,4.5145,0.0438,0.1582,29.0158,0.0000,29.0158,1.3838,0.0000,0.0000,791,595,69998,22.77,1188.9
4207,350.4512,7.5264,0.2259,0.0148,3.0053,0.0588,0.0225,26.2421,0.0014,1,0.0440,2.6804,0.0445,0.1660,28.9036,0.0000,28.9036,1.5563,0.0000,0.0000,791,579,68098,22.80,1188.9
4208,350.4808,29.5853,0.0600,0.0133,2.0349,0.0504,0.0190,33.8775,0.0013,1,0.0444,2.7288,0.0441,0.1556,30.4485,0.0000,30.4485,1.5592,0.0000,0.0000,791,532,64098,22.80,1188.9
4209,350.5196,38.8221,0.4417,0.0136,2.1350,0.0559,0.0215,30.4785,0.0017,1,0.0462,2.8249,0.0449,0.2153,30.7841,0.0000,30.7841,1.3932,0.0000,0.0000,791,533,62786,22.79,1188.9
4210,350.5528,33.1661,0.1939,0.0137,2.9719,0.0596,0.0238,34.8628,0.0014,1,0.0479,2.7195,0.0451,0.1233,30.4155,0.0000,30.4155,1.5583,0.0000,0.0000,791,521,62114,22.80,1188.9
4211,350.5909,38.1422,0.0565,0.0149,2.2671,0.1001,0.0516,31.4005,0.0019,1,0.0457,3.0111,0.0451,0.1851,29.4221,0.0000,29.4221,1.4172,0.0000,0.0000,791,523,61506,22.80,1188.9
4212,350.6248,33.9091,0.0649,0.0149,2.9941,0.0660,0.0263,63.8268,0.0017,1,0.0430,2.6861,0.0451,0.1370,27.8667,0.0000,27.8667,1.4231,0.0000,0.0000,791,507,59586,22.82,1188.9
4213,350.6918,67.0163,0.0751,0.0189,2.8481,0.0697,0.0237,4.3535,0.0010,1,0.0465,2.4521,0.0438,0.1745,27.6196,0.0000,27.6196,1.5664,0.0000,0.0000,791,476,57154,22.85,1188.9
4214,350.6992,7.4269,0.0742,0.0132,2.7167,0.0647,0.0233,26.9263,0.0011,1,0.0458,2.6629,0.0445,0.1477,28.0203,0.0000,28.0203,1.5835,0.0000,0.0000,791,431,55066,22.84,1188.9
4215,350.7291,29.8350,0.0617,0.0141,2.1639,0.0493,0.0196,62.7144,0.0020,1,0.0462,2.2264,0.0436,0.1236,28.2206,0.0000,28.2206,1.4319,0.0000,0.0000,791,365,48424,22.88,1188.9
4216,350.7941,65.0444,0.4832,0.0201,2.1718,0.0463,0.0187,3.3988,0.0014,1,0.0410,1.7382,0.0451,0.1251,28.1465,0.0000,28.1465,1.4244,0.0000,0.0000,791,364,42856,22.76,1188.9
4217,350.8003,6.1562,0.0619,0.0156,2.6971,0.0622,0.0230,27.5553,0.0010,1,0.0463,1.9983,0.0451,0.1394,28.7087,0.0000,28.7087,1.6078,0.0000,0.0000,791,367,43144,22.89,1188.9
4218,350.8307,30.4360,0.0838,0.0134,2.1596,0.0533,0.0210,63.6950,0.0016,1,0.0420,1.5916,0.0451,0.1189,29.2990,0.0000,29.2990,1.4229,0.0000,0.0000,791,334,40960,22.93,1188.9
4219,350.8968,66.0465,0.0644,0.0168,2.8211,0.0608,0.0251,4.1484,0.0011,1,0.0422,1.6478,0.0443,0.1288,29.7389,0.0000,29.7389,1.5887,0.0000,0.0000,791,330,39072,22.81,1188.9
4220,350.9039,7.1529,0.0756,0.0135,2.0334,0.0444,0.0175,28.6628,0.0011,1,0.0413,1.8078,0.0446,0.1145,29.5065,0.0000,29.5065,1.5865,0.0000,0.0000,791,385,44968,22.94,1188.9
4221,350.9348,30.8636,0.0563,0.0130,3.3171,0.0592,0.0233,63.4668,0.0015,1,0.0421,1.7629,0.0435,0.1052,29.6882,0.0000,29.6882,1.3776,0.0000,0.0000,791,353,41504,22.98,1188.9
4222,351.0017,66.9551,0.0800,0.0184,3.6198,0.0587,0.0219,5.0587,0.0013,1,0.0405,1.6353,0.0449,0.1074,30.4429,0.0000,30.4429,1.3823,0.0000,0.0000,791,347,40448,23.04,1188.9
4223,351.0106,8.8721,0.0539,0.0130,2.2186,0.0521,0.0193,28.4747,0.0019,1,0.0427,1.8086,0.0444,0.1199,30.1132,0.0000,30.1132,1.3463,0.0000,0.0000,791,337,39328,23.04,1188.9
4224,351.0415,30.8465,0.1843,0.0136,2.9512,0.0459,0.0181,65.6905,0.0019,1,0.0470,1.6531,0.0451,0.1774,30.9932,0.0000,30.9932,1.5048,0.0000,0.0000,791,321,37536,23.07,1188.9
4225,351.1104,68.9256,1.3292,0.0134,5.0082,0.0543,0.0212,4.9494,0.0011,1,0.0416,1.9948,0.0450,0.1533,30.9605,0.0000,30.9605,1.4556,0.0000,0.0000,791,320,37376,23.14,1188.9
4226,351.1218,11.3930,0.3851,0.0142,2.7692,0.0564,0.0209,26.2450,0.0012,1,0.0447,1.5928,0.0452,0.1884,30.3669,0.0000,30.3669,1.4485,0.0000,0.0000,791,314,36608,23.13,1188.9
4227,351.1513,29.5085,0.2673,0.0170,5.5151,0.0680,0.0276,26.2215,0.0013,1,0.0387,1.3952,0.0433,0.1595,29.1928,0.0000,29.1928,1.5886,0.0000,0.0000,791,298,35200,23.17,1188.9
4228,351.1834,32.1331,0.4386,0.0164,3.8512,0.0692,0.0293,27.6174,0.0013,1,0.0399,1.3509,0.0435,0.1538,29.9368,0.0000,29.9368,1.2608,0.0000,0.0000,791,305,35456,23.22,1188.9
4229,351.2155,32.0395,0.5251,0.0166,2.7715,0.0658,0.0268,61.8190,0.0019,1,0.0379,1.3399,0.0432,0.1556,28.8089,0.0000,28.8089,1.2486,0.0000,0.0000,791,308,35968,23.26,1188.9
4230,351.2807,65.2470,0.2457,0.0190,2.3642,0.0491,0.0199,4.1988,0.0014,1,0.0415,1.4268,0.0451,0.1768,29.7414,0.0000,29.7414,1.4249,0.0000,0.0000,791,318,37148,23.35,1188.9
4231,351.2876,6.9150,1.2276,0.0203,3.5973,0.0582,0.0192,25.6477,0.0015,1,0.0416,1.6706,0.0435,0.1972,29.7528,0.0000,29.7528,1.4403,0.0000,0.0000,791,341,39764,23.37,1188.9
4232,351.3182,30.5869,0.5132,0.0194,2.8264,0.0763,0.0248,72.2635,0.0016,1,0.0403,2.0189,0.0442,0.2335,32.5042,0.0000,32.5042,1.3431,0.0000,0.0000,791,452,53136,23.39,1188.9
4233,351.3940,75.7467,1.3244,0.0231,2.6904,0.0483,0.0194,3.3639,0.0013,1,0.0428,2.0786,0.0450,0.2916,33.5103,0.0000,33.5103,1.3591,0.0000,0.0000,791,469,55184,23.42,1188.9
4234,351.4014,7.4857,0.2174,0.0197,2.3414,0.0675,0.0250,35.8900,0.0014,1,0.0435,2.3964,0.0451,0.3196,33.8052,0.0000,33.8052,1.3755,0.0000,0.0000,791,495,58512,23.42,1188.9
4235,351.4400,38.5796,0.8007,0.0174,3.1889,0.0684,0.0213,77.2722,0.0018,1,0.0428,2.8318,0.0437,0.3297,36.4514,0.0000,36.4514,1.6410,0.0000,0.0000,791,632,74818,23.42,1188.9
4236,351.5214,81.3924,5.1277,0.0147,2.3641,0.0467,0.0174,4.4664,0.0013,1,0.0442,2.8064,0.0446,0.3763,37.6637,0.0000,37.6637,1.5027,0.0000,0.0000,791,632,74946,23.23,1188.9
4237,351.5335,12.0535,0.2112,0.0147,1.9178,0.0473,0.0186,36.6597,0.0014,1,0.0497,3.6007,0.0451,0.4868,39.9717,0.0000,39.9717,1.7159,0.0000,0.0000,791,685,81330,23.36,1188.9
4238,351.5724,38.8851,1.4044,0.0163,3.2838,0.0695,0.0296,51.2068,0.0012,1,0.0468,3.5534,0.0465,0.6332,45.8180,0.0000,45.8180,1.6710,0.0000,0.0000,791,745,88060,23.56,1188.9
4239,351.6284,56.0259,1.2020,0.0143,2.7348,0.0785,0.0291,47.6724,0.0012,1,0.0463,3.5151,0.0453,0.5325,45.1247,0.0000,45.1247,1.6734,0.0000,0.0000,791,745,88060,23.35,1188.9
4240,351.6801,51.7471,0.4845,0.0162,2.6274,0.0538,0.0191,48.4182,0.0013,1,0.0480,3.8943,0.0456,0.5919,47.4414,0.0000,47.4414,1.6584,0.0000,0.0000,791,745,88060,23.28,1188.9
4241,351.7318,51.6353,0.7543,0.0168,1.6953,0.0507,0.0180,52.0779,0.0014,1,0.0450,3.5821,0.0456,0.7129,49.3160,0.0000,49.3160,1.6286,0.0000,0.0000,791,744,88020,23.42,1188.9
4242,351.7864,54.6348,0.0694,0.0168,2.2771,0.0630,0.0206,117.1379,0.0014,1,0.0465,3.2615,0.0458,0.7110,50.6485,0.0000,50.6485,1.7680,0.0000,0.0000,791,744,88020,23.19,1188.9
4243,351.9060,100.0000,0.6944,0.0195,2.2888,0.0757,0.0292,4.0739,0.0012,1,0.0458,3.8273,0.0465,0.6856,55.2868,0.0000,55.2868,1.6007,0.0000,0.0000,791,744,88020,22.93,1188.9
4244,351.9132,7.1971,0.3213,0.0142,1.9067,0.0458,0.0158,58.3341,0.0018,1,0.0492,4.2637,0.0471,0.7875,57.0349,0.0000,57.0349,1.6047,0.0000,0.0000,791,740,87700,23.28,1188.9
4245,351.9738,60.6615,1.4697,0.0137,2.8732,0.0492,0.0183,127.3176,0.0019,1,0.0475,3.3812,0.0470,1.0052,58.9751,0.0000,58.9751,1.5970,0.0000,0.0000,791,728,86356,23.04,1188.9
4246,352.1056,100.0000,2.4303,0.0211,6.6621,0.0601,0.0225,4.5894,0.0015,1,0.0473,3.2383,0.0470,0.7805,59.4183,0.0000,59.4183,1.5957,0.0000,0.0000,791,726,86100,22.78,1188.9
4247,352.1194,13.8084,0.6501,0.0149,3.7972,0.0587,0.0233,54.3926,0.0013,1,0.0510,3.9626,0.0471,1.2560,58.7354,0.0000,58.7354,1.5797,0.0000,0.0000,791,734,87144,23.10,1188.9
4248,352.1784,58.9526,0.4205,0.0153,1.7512,0.0497,0.0183,122.3850,0.0015,1,0.0482,3.9239,0.0471,1.0032,57.1846,0.0000,57.1846,1.5832,0.0000,0.0000,791,739,87932,22.87,1188.9
4249,352.3030,100.0000,0.4540,0.0175,2.3024,0.0828,0.0312,5.8796,0.0011,1,0.0509,3.2237,0.0470,0.8368,56.9964,0.0000,56.9964,1.5832,0.0000,0.0000,791,739,87932,22.64,1188.9
4250,352.3118,8.7838,0.0579,0.0137,1.7962,0.0465,0.0173,59.0993,0.0017,1,0.0457,3.4807,0.0458,0.8211,58.8917,0.0000,58.8917,1.6133,0.0000,0.0000,791,739,87932,22.78,1188.9
4251,352.3729,61.0477,0.0501,0.0123,2.8540,0.0567,0.0213,126.4432,0.0016,1,0.0434,3.3196,0.0451,0.7440,58.7343,0.0000,58.7343,1.6115,0.0000,0.0000,791,739,87932,22.71,1188.9
4252,352.5023,100.0000,1.0597,0.0236,2.0920,0.0728,0.0254,4.7586,0.0013,1,0.0478,3.4260,0.0452,0.6452,58.5501,0.0000,58.5501,1.6089,0.0000,0.0000,791,739,87932,22.68,1188.9
4253,352.5104,8.0642,0.0561,0.0145,3.3485,0.0440,0.0175,57.4731,0.0019,1,0.0482,3.7601,0.0458,1.1116,58.7171,0.0000,58.7171,1.6108,0.0000,0.0000,791,742,88316,22.70,1188.9
4254,352.5714,60.9751,0.0729,0.0180,2.1217,0.0574,0.0207,128.6685,0.0026,1,0.0488,3.5167,0.0463,0.8857,58.0930,0.0000,58.0930,1.6084,0.0000,0.0000,791,742,88316,22.62,1188.9
4255,352.7024,100.0000,0.9549,0.0194,2.2445,0.0713,0.0248,4.5602,0.0012,1,0.0468,3.8094,0.0463,0.6472,58.0527,0.0000,58.0527,1.6096,0.0000,0.0000,791,742,88316,22.62,1188.9
4256,352.7103,7.8916,0.2124,0.0147,2.9029,0.0596,0.0208,56.6847,0.0014,1,0.0459,3.3875,0.0463,0.7713,56.8184,0.0000,56.8184,1.6087,0.0000,0.0000,791,742,88316,22.64,1188.9
4257,352.7702,59.9177,0.0743,0.0190,2.2558,0.0531,0.0188,122.7219,0.0013,1,0.0495,3.8521,0.0462,0.8616,54.9180,0.0000,54.9180,1.6197,0.0000,0.0000,791,744,88572,22.59,1188.9
4258,352.8954,100.0000,0.0876,0.0186,2.2317,0.0625,0.0202,3.7759,0.0015,1,0.0458,3.5330,0.0465,0.6839,56.0201,0.0000,56.0201,1.6066,0.0000,0.0000,791,744,88572,22.39,1188.9
4259,352.9016,6.2127,0.0595,0.0141,2.1787,0.0502,0.0245,59.4281,0.0012,1,0.0483,3.4355,0.0452,0.7371,55.2457,0.0000,55.2457,1.6015,0.0000,0.0000,791,746,88828,22.60,1188.9
4260,352.9633,61.7713,0.7359,0.0162,2.9382,0.0642,0.0245,59.4047,0.0012,1,0.0503,3.5178,0.0463,0.9183,55.8326,0.0000,55.8326,1.6077,0.0000,0.0000,791,750,89284,22.77,1188.9
4261,353.0265,63.1998,0.0809,0.0185,3.0758,0.0663,0.0238,57.2274,0.0024,1,0.0481,3.4533,0.0453,0.8773,55.8299,0.0000,55.8299,1.6058,0.0000,0.0000,791,750,89284,22.52,1188.9
4262,353.0870,60.5163,0.2618,0.0234,2.2754,0.0542,0.0194,63.2190,0.0014,1,0.0488,3.4709,0.0463,0.8780,55.5792,0.0000,55.5792,1.7654,0.0000,0.0000,791,750,89284,22.48,1188.9
4263,353.1529,65.8754,4.3776,0.0160,3.3655,0.0670,0.0233,54.0222,0.0015,1,0.0469,3.6294,0.0456,0.7413,56.6452,0.0000,56.6452,1.7747,0.0000,0.0000,791,749,89156,22.45,1188.9
4264,353.2148,61.8877,0.0602,0.0159,1.9719,0.0611,0.0241,58.8133,0.0021,1,0.0491,4.0049,0.0471,0.9305,55.1730,0.0000,55.1730,1.7772,0.0000,0.0000,791,747,88956,22.42,1188.9
4265,353.2758,60.9711,1.3141,0.0190,2.4442,0.0610,0.0271,58.8067,0.0017,1,0.0480,3.5382,0.0463,0.8794,55.6371,0.0000,55.6371,1.6066,0.0000,0.0000,791,749,89156,22.39,1188.9
4266,353.3385,62.6964,0.0702,0.0168,1.8544,0.0464,0.0170,125.1734,0.0019,1,0.0469,3.5228,0.0460,0.8696,57.9350,0.0000,57.9350,1.5987,0.0000,0.0000,791,749,89156,22.36,1188.9
4267,353.4657,100.0000,0.6144,0.0162,2.4173,0.0783,0.0260,3.6655,0.0012,1,0.0497,3.4282,0.0452,0.6558,54.7568,0.0000,54.7568,1.6057,0.0000,0.0000,791,749,89156,22.17,1188.9
4268,353.4725,6.8334,0.0529,0.0125,1.8868,0.0499,0.0181,59.0485,0.0015,1,0.0445,3.8298,0.0451,0.7108,56.7357,0.0000,56.7357,1.6257,0.0000,0.0000,791,747,88956,22.36,1188.9
4269,353.5336,61.0914,0.0729,0.0190,1.7912,0.0631,0.0211,124.1147,0.0023,1,0.0483,3.8507,0.0471,0.8909,57.3088,0.0000,57.3088,1.7840,0.0000,0.0000,791,749,89156,22.33,1188.9
4270,353.6597,100.0000,0.7474,0.0154,3.0755,0.0857,0.0297,4.6329,0.0014,1,0.0483,4.0069,0.0471,0.8274,55.5202,0.0000,55.5202,1.7700,0.0000,0.0000,791,749,89156,22.15,1188.9
4271,353.6683,8.6028,0.0583,0.0148,2.1721,0.0491,0.0178,56.1206,0.0015,1,0.0476,3.5033,0.0464,0.9670,56.5371,0.0000,56.5371,1.6117,0.0000,0.0000,791,751,89412,22.34,1188.9
4272,353.7268,58.4560,0.0746,0.0189,2.2963,0.0583,0.0211,123.1940,0.0014,1,0.0494,3.5373,0.0451,0.9130,55.8394,0.0000,55.8394,1.6089,0.0000,0.0000,791,749,89156,22.33,1188.9
4273,353.8524,100.0000,0.0688,0.0200,2.7591,0.0686,0.0256,3.6462,0.0010,1,0.0460,3.3103,0.0457,0.6918,55.3804,0.0000,55.3804,1.6195,0.0000,0.0000,791,749,89156,22.33,1188.9
4274,353.8590,6.6019,0.0511,0.0109,2.0747,0.0536,0.0187,59.7058,0.0012,1,0.0456,3.9059,0.0469,0.7038,57.0624,0.0000,57.0624,1.7627,0.0000,0.0000,791,748,89084,22.33,1188.9
4275,353.9210,61.9311,0.0583,0.0139,2.2411,0.0527,0.0193,61.3083,0.0011,1,0.0441,3.1361,0.0462,0.7434,56.5143,0.0000,56.5143,1.5978,0.0000,0.0000,791,743,88444,22.28,1188.9
4276,353.9847,63.7089,0.0550,0.0132,2.6863,0.0636,0.0232,57.2220,0.0012,1,0.0461,3.8547,0.0457,0.7741,55.2404,0.0000,55.2404,1.7574,0.0000,0.0000,791,743,88444,22.43,1188.9
4277,354.0448,60.0816,1.2083,0.0147,6.8440,0.0651,0.0224,119.6374,0.0016,1,0.0465,3.3603,0.0461,0.6963,56.1126,0.0000,56.1126,1.6119,0.0000,0.0000,791,742,88316,22.21,1188.9
4278,354.1726,100.0000,0.9741,0.0233,3.2397,0.0614,0.0227,4.6539,0.0012,1,0.0468,3.2834,0.0462,0.6164,56.4653,0.0000,56.4653,1.6091,0.0000,0.0000,791,739,87932,22.01,1188.9
4279,354.1816,8.9934,0.6109,0.0192,3.3983,0.0501,0.0184,54.5852,0.0014,1,0.0460,3.4989,0.0458,0.6554,56.9708,0.0000,56.9708,1.6238,0.0000,0.0000,791,753,89680,22.38,1188.9
4280,354.2403,58.6989,1.5942,0.0146,1.6690,0.0466,0.0191,128.8961,0.0018,1,0.0452,2.9337,0.0469,0.6856,61.0578,0.0000,61.0578,1.6709,0.0000,0.0000,791,658,78432,22.17,1188.9
4281,354.3725,100.0000,1.0158,0.0189,1.6731,0.0550,0.0206,2.7457,0.0012,1,0.0444,3.1615,0.0463,0.6512,58.4501,0.0000,58.4501,1.8124,0.0000,0.0000,791,644,76768,21.96,1188.9
4282,354.3781,5.5429,0.4820,0.0134,1.4446,0.0502,0.0180,58.2748,0.0020,1,0.0435,2.6054,0.0458,0.4725,55.5852,0.0000,55.5852,1.8124,0.0000,0.0000,791,578,68824,22.18,1188.9
4283,354.4384,60.3011,0.4166,0.0354,1.6034,0.0407,0.0162,63.6582,0.0014,1,0.0516,3.1109,0.0471,0.6943,59.3625,0.0000,59.3625,1.7396,0.0000,0.0000,791,597,71160,22.15,1188.9
4284,354.5042,65.7883,0.3347,0.0136,2.1972,0.0528,0.0182,64.9344,0.0013,1,0.0477,3.2973,0.0459,0.6653,60.6490,0.0000,60.6490,1.9156,0.0000,0.0000,791,607,72376,22.10,1188.9
4285,354.5717,67.5657,0.0579,0.0146,2.4413,0.0587,0.0214,140.8801,0.0019,1,0.0440,3.2439,0.0471,0.5757,63.0503,0.0000,63.0503,1.7239,0.0000,0.0000,791,642,76632,22.05,1188.9
4286,354.7152,100.0000,0.1723,0.0196,5.2394,0.0452,0.0169,3.2458,0.0011,1,0.0455,3.1302,0.0471,0.6554,68.0221,0.0000,68.0221,1.7266,0.0000,0.0000,791,680,81216,22.04,1188.9
4287,354.8301,100.0000,1.1077,0.0153,4.1966,0.0694,0.0263,4.7907,0.0015,1,0.0469,3.7683,0.0517,0.8107,76.8192,0.0000,76.8192,1.7375,0.0000,0.0000,791,705,84184,21.68,1188.9
4288,354.8404,10.2240,0.6051,0.0193,2.4364,0.0509,0.0191,123.3017,0.0013,1,0.0479,4.0560,0.0471,0.7662,76.7322,0.0000,76.7322,1.7571,0.0000,0.0000,791,722,86128,21.80,1188.9
4289,354.9668,100.0000,1.2502,0.0216,3.5350,0.0556,0.0201,3.7373,0.0016,1,0.0487,3.4245,0.0471,0.6656,71.8107,0.0000,71.8107,1.7411,0.0000,0.0000,791,717,85544,21.79,1188.9
4290,354.9754,8.6383,1.0926,0.0139,1.6414,0.0595,0.0161,69.6955,0.0013,1,0.0491,3.8259,0.0492,1.0705,71.3061,0.0000,71.3061,1.7406,0.0000,0.0000,791,716,85416,21.80,1188.9
4291,355.0480,72.5333,7.0643,0.0171,2.6725,0.0948,0.0310,68.4818,0.0012,1,0.0454,2.9982,0.0460,0.6780,68.2403,0.0000,68.2403,1.7320,0.0000,0.0000,791,693,82484,21.67,1188.9
4292,355.1264,78.3781,1.1809,0.0165,2.4993,0.0604,0.0228,68.5924,0.0013,1,0.0442,2.9809,0.0471,0.6909,68.1305,0.0000,68.1305,1.7124,0.0000,0.0000,791,688,81844,21.69,1188.9
4293,355.1988,72.4033,0.1948,0.0136,2.4479,0.0596,0.1341,68.0232,0.0013,1,0.0735,2.8645,0.0471,0.6612,63.7672,0.0000,63.7672,1.7113,0.0000,0.0000,791,658,78260,21.43,1188.9
4294,355.2697,70.8899,0.4285,0.0474,2.9151,0.0466,0.0169,69.2832,0.0021,1,0.0450,2.9943,0.0497,0.8958,66.5060,0.0000,66.5060,1.8723,0.0000,0.0000,791,664,79028,21.31,1188.9
4295,355.3424,72.7593,0.2740,0.0149,1.8859,0.0481,0.0173,72.0155,0.0011,1,0.0471,3.6172,0.0482,0.8586,67.3403,0.0000,67.3403,1.7060,0.0000,0.0000,791,683,81332,21.16,1188.9
4296,355.4167,74.2706,0.1689,0.0124,2.4941,0.0603,0.0205,72.5980,0.0013,1,0.0490,3.3930,0.0466,0.7549,68.0598,0.0000,68.0598,1.7225,0.0000,0.0000,791,701,83500,21.01,1188.9
4297,355.4921,75.3688,0.3425,0.0132,2.5054,0.0610,0.0240,74.5577,0.0017,1,0.0448,3.0392,0.0475,0.6697,71.9945,0.0000,71.9945,1.6967,0.0000,0.0000,791,713,85056,20.86,1188.9
4298,355.5696,77.5305,0.3435,0.0185,3.5937,0.0716,0.0256,75.7778,0.0013,1,0.0463,3.0499,0.0522,0.9196,72.1057,0.0000,72.1057,1.6992,0.0000,0.0000,791,711,84800,20.94,1188.9
4299,355.6494,79.8481,0.5497,0.0145,3.4346,0.0654,0.0238,140.1609,0.0016,1,0.0467,3.1601,0.0457,0.8622,68.3942,0.0000,68.3942,1.7047,0.0000,0.0000,791,683,81600,20.68,1188.9
4300,355.7937,100.0000,1.7894,0.0214,1.6112,0.0506,0.0186,3.1077,0.0013,1,0.0506,3.5591,0.0470,0.7380,63.0589,0.0000,63.0589,1.8484,0.0000,0.0000,791,628,74872,20.46,1188.9
4301,355.8003,6.6180,0.0645,0.0162,1.7499,0.0456,0.0173,59.3010,0.0013,1,0.0561,2.9542,0.0456,0.6431,56.9080,0.0000,56.9080,1.8645,0.0000,0.0000,791,557,66532,20.46,1188.9
4302,355.8615,61.2134,0.4226,0.0158,1.6746,0.0520,0.0172,114.4534,0.0022,1,0.0490,3.7299,0.0467,0.7359,52.3652,0.0000,52.3652,1.6601,0.0000,0.0000,791,625,74624,20.36,1188.9
4303,355.9782,100.0000,0.0783,0.0195,2.3079,0.0729,0.0237,4.0721,0.0016,1,0.0502,3.1153,0.0454,0.7166,52.5298,0.0000,52.5298,1.6502,0.0000,0.0000,791,627,74880,20.15,1188.9
4304,355.9848,6.5919,0.0551,0.0131,1.7748,0.0587,0.0255,55.4666,0.0012,1,0.0478,3.9559,0.0452,0.6895,51.4893,0.0000,51.4893,1.6283,0.0000,0.0000,791,690,82440,20.27,1188.9
4305,356.0422,57.4107,0.1850,0.0139,2.5431,0.0580,0.0211,103.7096,0.0020,1,0.0481,4.0747,0.0451,0.7784,46.9895,0.0000,46.9895,1.7286,0.0000,0.0000,791,745,88936,20.20,1188.9
4306,356.1487,100.0000,0.5123,0.0212,6.5829,0.0953,0.0334,5.0850,0.0011,1,0.0471,3.9739,0.0451,0.7567,45.4428,0.0000,45.4428,1.7533,0.0000,0.0000,791,746,88976,20.00,1188.9
4307,356.1611,12.3473,0.0699,0.0192,3.3218,0.0638,0.0238,43.3104,0.0011,1,0.0643,4.2628,0.0451,1.0307,45.5618,0.0000,45.5618,1.5766,0.0000,0.0000,791,748,89028,20.09,1188.9
4308,356.2079,46.8242,0.0602,0.0135,2.1025,0.0463,0.0170,92.7589,0.0019,1,0.0484,3.9425,0.0457,0.8786,42.0619,0.0000,42.0619,1.5562,0.0000,0.0000,791,754,89576,20.05,1188.9
4309,356.3029,95.0210,0.0756,0.0181,3.3398,0.0826,0.0314,4.8787,0.0022,1,0.0503,3.7465,0.0451,0.7735,41.6064,0.0000,41.6064,1.5451,0.0000,0.0000,791,757,89960,19.84,1188.9
4310,356.3114,8.4438,0.0504,0.0131,2.1518,0.0533,0.0191,41.1271,0.0015,1,0.0584,4.5601,0.0461,0.7610,40.5204,0.0000,40.5204,1.5274,0.0000,0.0000,791,759,89984,19.93,1188.9
4311,356.3548,43.4345,0.4692,0.0140,2.2516,0.0855,0.0325,41.7398,0.0019,1,0.0478,3.4999,0.0451,0.6144,38.9440,0.0000,38.9440,1.5259,0.0000,0.0000,791,762,90164,19.89,1188.9
4312,356.3994,44.6133,1.0874,0.0155,1.5469,0.0494,0.0170,44.0289,0.0011,1,0.0470,3.5950,0.0447,0.5403,38.5237,0.0000,38.5237,1.6748,0.0000,0.0000,791,763,90292,19.85,1188.9
4313,356.4462,46.7604,0.0509,0.0129,1.4791,0.0398,0.0147,44.5918,0.0011,1,0.0469,3.8814,0.0451,0.7151,38.4304,0.0000,38.4304,1.6848,0.0000,0.0000,791,769,90888,19.81,1188.9
4314,356.4924,46.2037,0.0496,0.0136,2.0426,0.0496,0.0193,41.0339,0.0011,1,0.0473,3.8005,0.0451,0.8358,38.8341,0.0000,38.8341,1.5050,0.0000,0.0000,791,769,90888,19.77,1188.9
4315,356.5356,43.2319,0.0651,0.0159,2.0810,0.0462,0.0171,88.2725,0.0017,1,0.0468,3.9237,0.0446,0.5100,38.4593,0.0000,38.4593,1.5025,0.0000,0.0000,791,777,91768,19.85,1188.9
4316,356.6262,90.5223,0.0667,0.0206,6.6849,0.0561,0.0584,5.4266,0.0013,1,0.0453,3.4726,0.0448,0.4867,37.4571,0.0000,37.4571,1.4986,0.0000,0.0000,791,777,91768,19.58,1188.9
4317,356.6385,12.3299,0.0589,0.0156,7.8098,0.0705,0.0218,30.7230,0.0013,1,0.0470,3.8862,0.0447,0.6610,37.1846,0.0000,37.1846,1.4908,0.0000,0.0000,791,773,91372,19.66,1188.9
4318,356.6772,38.7154,0.0671,0.0143,2.7147,0.0649,0.0241,39.1116,0.0015,1,0.0454,3.5822,0.0447,0.5952,38.6690,0.0000,38.6690,1.4887,0.0000,0.0000,791,769,90916,19.81,1188.9
4319,356.7192,42.0170,0.0737,0.0162,2.7208,0.0587,0.0220,41.0190,0.0012,1,0.0451,3.6618,0.0452,0.4916,37.0521,0.0000,37.0521,1.6407,0.0000,0.0000,791,770,90956,19.74,1188.9
4320,356.7632,43.9253,0.0574,0.0139,2.2431,0.0600,0.0205,40.3231,0.0021,1,0.0468,3.6454,0.0437,0.5571,37.4596,0.0000,37.4596,1.6405,0.0000,0.0000,791,770,90956,19.72,1188.9
4321,356.8059,42.7395,0.3587,0.0191,3.3271,0.0590,0.0197,39.9891,0.0017,1,0.0465,3.5544,0.0448,0.5962,37.7026,0.0000,37.7026,1.4700,0.0000,0.0000,791,769,90944,19.63,1188.9
4322,356.8497,43.7919,0.0623,0.0163,1.7692,0.0454,0.0173,83.3768,0.0020,1,0.0484,3.5349,0.0448,0.5632,36.0740,0.0000,36.0740,1.4550,0.0000,0.0000,791,768,90904,19.57,1188.9
4323,356.9350,85.3075,0.8745,0.0172,2.1305,0.0762,0.0238,5.1595,0.0012,1,0.0453,4.1516,0.0451,0.4915,35.7885,0.0000,35.7885,1.4462,0.0000,0.0000,791,762,90240,19.52,1188.9
4324,356.9433,8.2978,0.4097,0.0129,2.5581,0.0589,0.0209,34.5702,0.0024,1,0.0460,3.5631,0.0448,0.4352,36.1897,0.0000,36.1897,1.5824,0.0000,0.0000,791,759,89972,19.53,1188.9
4325,356.9809,37.6528,1.0672,0.0144,1.5004,0.0416,0.0168,39.7317,0.0018,1,0.0459,3.9201,0.0436,0.4415,35.1424,0.0000,35.1424,1.4276,0.0000,0.0000,791,760,89984,19.50,1188.9
4326,357.0233,42.3954,0.7212,0.0145,2.4636,0.0589,0.0212,41.6941,0.0011,1,0.0485,3.6787,0.0432,0.5798,36.7607,0.0000,36.7607,1.4493,0.0000,0.0000,791,761,90064,19.59,1188.9
4327,357.0683,44.9881,3.7740,0.0309,3.2240,0.0684,0.0233,38.0530,0.0011,1,0.0457,3.9635,0.0451,0.4274,36.5457,0.0000,36.5457,1.4773,0.0000,0.0000,791,772,91400,19.47,1188.9
4328,357.1135,45.1889,0.3032,0.0600,3.1164,0.0572,0.0208,38.5244,0.0012,1,0.0479,3.9475,0.0451,0.6144,37.1676,0.0000,37.1676,1.5027,0.0000,0.0000,791,780,91888,19.42,1188.9
4329,357.1556,42.0966,0.7668,0.0143,2.3807,0.0793,0.0236,79.6110,0.0016,1,0.0569,4.2009,0.0451,0.4669,35.3413,0.0000,35.3413,1.5442,0.0000,0.0000,791,782,91980,19.41,1188.9
4330,357.2385,82.8976,0.2612,0.0193,2.7012,0.0910,0.0343,5.6594,0.0011,1,0.0465,3.5565,0.0439,0.3588,34.9360,0.0000,34.9360,1.6821,0.0000,0.0000,791,783,91992,19.25,1188.9
4331,357.2473,8.7823,0.2387,0.0138,2.3716,0.0570,0.0252,34.5105,0.0023,1,0.0486,3.7844,0.0450,0.4949,35.4561,0.0000,35.4561,1.5142,0.0000,0.0000,791,774,91112,19.34,1188.9
4332,357.2845,37.2592,1.2577,0.0141,2.2698,0.0574,0.0168,37.5492,0.0017,1,0.0466,3.6692,0.0451,0.4402,34.4625,0.0000,34.4625,1.6508,0.0000,0.0000,791,775,91112,19.33,1188.9
4333,357.3257,41.1861,0.1847,0.0135,2.2926,0.0612,0.0228,38.7226,0.0016,1,0.0480,3.6231,0.0492,0.5284,35.2518,0.0000,35.2518,1.4803,0.0000,0.0000,791,775,91112,19.41,1188.9
4334,357.3670,41.3192,0.3037,0.0191,2.5875,0.0538,0.0194,78.1602,0.0017,1,0.0452,3.9166,0.0436,0.4506,33.3449,0.0000,33.3449,1.4711,0.0000,0.0000,791,773,90924,19.31,1188.9
4335,357.4482,81.1648,0.4757,0.0170,2.6268,0.0831,0.0228,3.1547,0.0010,1,0.0447,3.4246,0.0433,0.4021,33.4429,0.0000,33.4429,1.4832,0.0000,0.0000,791,763,89892,19.15,1188.9
4336,357.4546,6.3981,0.7361,0.0157,1.9640,0.0475,0.0166,32.9141,0.0021,1,0.0444,3.6849,0.0432,0.4630,33.2143,0.0000,33.2143,1.3151,0.0000,0.0000,791,757,89124,19.33,1188.9
4337,357.4903,35.7151,0.5129,0.0179,2.5177,0.0620,0.0215,78.0613,0.0019,1,0.0455,3.4091,0.0451,0.5628,34.6468,0.0000,34.6468,1.3016,0.0000,0.0000,791,749,88252,19.24,1188.9
4338,357.5715,81.2175,0.3775,0.0163,2.2873,0.0675,0.0219,4.9183,0.0013,1,0.0462,3.4049,0.0436,0.4387,33.8297,0.0000,33.8297,1.2957,0.0000,0.0000,791,749,88252,19.08,1188.9
4339,357.5793,7.7048,0.0546,0.0137,2.4891,0.0552,0.0207,35.9429,0.0009,1,0.0446,3.4993,0.0437,0.5159,35.0546,0.0000,35.0546,1.4753,0.0000,0.0000,791,751,88412,19.26,1188.9
4340,357.6178,38.5906,0.0521,0.0125,2.1295,0.0546,0.0189,82.8181,0.0024,1,0.0459,3.7337,0.0448,0.5708,35.9230,0.0000,35.9230,1.3513,0.0000,0.0000,791,756,89052,19.17,1188.9
4341,357.7030,85.1529,0.0741,0.0175,2.6617,0.0897,0.0286,6.0670,0.0012,1,0.0468,3.3157,0.0443,0.5386,36.2747,0.0000,36.2747,1.3612,0.0000,0.0000,791,756,89052,19.00,1188.9
4342,357.7119,8.9563,0.0546,0.0130,3.0633,0.0618,0.0229,34.2763,0.0022,1,0.0458,3.8645,0.0449,0.5550,35.8941,0.0000,35.8941,1.5269,0.0000,0.0000,791,757,89124,19.18,1188.9
4343,357.7495,37.5150,0.0816,0.0228,2.5125,0.0563,0.0202,39.1274,0.0012,1,0.0454,3.5449,0.0444,0.5894,35.3392,0.0000,35.3392,1.4098,0.0000,0.0000,791,757,89124,19.09,1188.9
4344,357.7913,41.8352,1.8560,0.0148,2.7347,0.0822,0.0225,38.3402,0.0010,1,0.0489,3.4533,0.0452,0.5345,35.5660,0.0000,35.5660,1.6953,0.0000,0.0000,791,757,89124,19.06,1188.9
4345,357.8344,43.0646,1.6370,0.0143,1.4394,0.0424,0.0154,38.5623,0.0024,1,0.0717,3.4483,0.0451,0.6744,36.2004,0.0000,36.2004,1.4247,0.0000,0.0000,791,757,89124,19.14,1188.9
4346,357.8761,41.7312,0.6399,0.0483,2.8518,0.0549,0.0207,39.6571,0.0015,1,0.0492,3.6093,0.0445,0.5925,36.3468,0.0000,36.3468,1.4595,0.0000,0.0000,791,757,89124,19.04,1188.9
4347,357.9194,43.2944,0.4401,0.0130,1.8254,0.0522,0.0194,44.7815,0.0013,1,0.0459,3.7992,0.0451,0.5531,37.8948,0.0000,37.8948,1.6802,0.0000,0.0000,791,757,89124,19.00,1188.9
4348,357.9665,47.1471,0.3860,0.0139,2.2049,0.0535,0.0193,39.5063,0.0015,1,0.0474,4.2441,0.0451,0.5891,38.1472,0.0000,38.1472,1.5521,0.0000,0.0000,791,757,89124,18.96,1188.9
4349,358.0087,42.2046,0.4160,0.0168,2.7308,0.0666,0.0221,88.1382,0.0017,1,0.0452,3.4308,0.0436,0.5716,38.5850,0.0000,38.5850,1.5638,0.0000,0.0000,791,757,89124,18.93,1188.9
4350,358.1002,91.4140,0.2385,0.0182,2.6388,0.0805,0.0282,4.9023,0.0016,1,0.0445,3.4496,0.0451,0.5489,38.3655,0.0000,38.3655,1.5705,0.0000,0.0000,791,757,89124,18.85,1188.9
4351,358.1081,7.9229,0.4573,0.0142,6.1645,0.1252,0.0411,38.4762,0.0014,1,0.0509,3.9180,0.0441,0.6017,40.0123,0.0000,40.0123,1.6082,0.0000,0.0000,791,756,89112,18.85,1188.9
4352,358.1534,45.2946,0.0549,0.0139,2.9567,0.0684,0.0252,46.9042,0.0014,1,0.0462,3.3040,0.0449,0.5603,44.1462,0.0000,44.1462,1.8995,0.0000,0.0000,791,748,88192,18.80,1188.9
4353,358.2034,50.0390,0.0591,0.0137,1.8983,0.0486,0.0190,47.9558,0.0019,1,0.0441,3.4042,0.0451,0.6410,42.2954,0.0000,42.2954,1.9235,0.0000,0.0000,791,748,88192,18.88,1188.9
4354,358.2534,50.0115,0.0676,0.0140,1.9903,0.0494,0.0193,96.8529,0.0020,1,0.0441,3.2875,0.0449,0.7455,42.6388,0.0000,42.6388,1.7762,0.0000,0.0000,791,747,88180,18.75,1188.9
4355,358.3524,99.0164,1.4722,0.0188,2.1698,0.0672,0.0234,3.5672,0.0012,1,0.0455,3.4898,0.0450,0.6083,43.3487,0.0000,43.3487,1.9408,0.0000,0.0000,791,745,88060,18.58,1188.9
4356,358.3598,7.3331,0.1597,0.0127,2.3861,0.0636,0.0196,45.5333,0.0015,1,0.0453,3.4429,0.0454,0.6286,45.9537,0.0000,45.9537,1.8299,0.0000,0.0000,791,745,88060,18.79,1188.9
4357,358.4080,48.1967,1.0577,0.0162,1.2126,0.0610,0.0162,112.8566,0.0021,1,0.0488,3.4212,0.0460,0.7312,50.6709,0.0000,50.6709,1.6890,0.0000,0.0000,791,744,88020,18.69,1188.9
4358,358.5232,100.0000,2.8436,0.0177,1.4568,0.0408,0.0163,4.5303,0.0011,1,0.0513,4.1638,0.0453,0.7014,51.2932,0.0000,51.2932,1.6977,0.0000,0.0000,791,744,88020,18.51,1188.9
4359,358.5321,8.9214,0.7648,0.0134,2.3860,0.0546,0.0194,52.9368,0.0022,1,0.0468,3.3324,0.0457,0.6883,54.1664,0.0000,54.1664,1.7135,0.0000,0.0000,791,744,88020,18.65,1188.9
4360,358.5883,56.1959,1.3827,0.0139,1.3992,0.0622,0.0205,133.4171,0.0017,1,0.0436,3.4661,0.0471,0.7661,62.2158,0.0000,62.2158,1.7021,0.0000,0.0000,791,741,87996,18.63,1188.9
4361,358.7246,100.0000,3.8655,0.0159,3.4741,0.0673,0.0302,4.6506,0.0017,1,0.0446,3.1360,0.0470,0.6922,61.1901,0.0000,61.1901,1.6973,0.0000,0.0000,791,741,87868,18.49,1188.9
4362,358.7368,12.1321,0.7815,0.0165,2.8833,0.0666,0.0251,61.7027,0.0012,1,0.0447,3.1860,0.0466,0.6165,64.6533,0.0000,64.6533,1.7017,0.0000,0.0000,791,733,86824,18.62,1188.9
4363,358.8023,65.4918,1.1907,0.0178,1.8302,0.0478,0.0184,67.9230,0.0015,1,0.0469,3.3010,0.0483,1.0035,66.0156,0.0000,66.0156,1.7222,0.0000,0.0000,791,737,87180,18.72,1188.9
4364,358.8733,71.0439,0.7541,0.0133,1.4857,0.0414,0.0162,68.2658,0.0022,1,0.0479,3.2130,0.0471,0.7455,66.0441,0.0000,66.0441,1.7192,0.0000,0.0000,791,737,87180,18.53,1188.9
4365,358.9439,70.5988,0.4457,0.0135,2.0981,0.0446,0.0173,74.8137,0.0012,1,0.0495,3.2666,0.0471,0.7270,66.8627,0.0000,66.8627,1.6961,0.0000,0.0000,791,744,87980,18.50,1188.9
4366,359.0214,77.4498,0.6857,0.0171,4.0708,0.0650,0.0203,62.0554,0.0014,1,0.0482,3.9424,0.0452,0.7078,62.0292,0.0000,62.0292,1.9178,0.0000,0.0000,791,732,86962,18.57,1188.9
4367,359.0883,66.9310,0.8870,0.0157,4.0842,0.0947,0.0333,128.5075,0.0015,1,0.0459,3.0300,0.0451,0.6398,60.0631,0.0000,60.0631,1.9646,0.0000,0.0000,791,695,82786,18.42,1188.9
4368,359.2219,100.0000,2.4508,0.0254,3.2309,0.0677,0.0222,4.2207,0.0014,1,0.0456,2.7836,0.0454,0.5045,56.8899,0.0000,56.8899,1.6481,0.0000,0.0000,791,607,72030,18.30,1188.9
4369,359.2320,10.0364,0.4110,0.0180,3.3958,0.0703,0.0272,55.1458,0.0013,1,0.0504,3.0494,0.0467,0.7881,57.3324,0.0000,57.3324,1.7873,0.0000,0.0000,791,607,72030,18.56,1188.9
4370,359.2910,59.0840,0.6524,0.0144,1.7671,0.0519,0.0214,61.5894,0.0013,1,0.0444,2.5799,0.0463,0.5796,57.9323,0.0000,57.9323,1.6338,0.0000,0.0000,791,607,72030,18.41,1188.9
4371,359.3552,64.1243,0.5532,0.0149,2.3290,0.0553,0.0180,58.5359,0.0016,1,0.0456,3.5210,0.0464,0.6434,56.6669,0.0000,56.6669,1.6413,0.0000,0.0000,791,607,72030,18.40,1188.9
4372,359.4167,61.5235,0.0631,0.0144,3.0901,0.0569,0.0173,59.2240,0.0011,1,0.0436,2.5186,0.0464,0.6362,56.4441,0.0000,56.4441,1.6394,0.0000,0.0000,791,607,72030,18.51,1190.2
4373,359.4792,62.4811,0.0587,0.0131,1.8845,0.0461,0.0187,61.2133,0.0011,1,0.0430,2.5907,0.0456,0.4910,57.6502,0.0000,57.6502,1.6370,0.0000,0.0000,791,607,72030,18.36,1190.2
4374,359.5424,63.2505,0.0573,0.0135,2.2723,0.0558,0.0210,61.1118,0.0011,1,0.0428,3.0770,0.0461,0.6979,56.9989,0.0000,56.9989,1.6655,0.0000,0.0000,791,607,72030,18.35,1190.2
4375,359.6060,63.5468,0.0566,0.0132,2.1039,0.0619,0.0200,65.0095,0.0013,1,0.0426,2.8329,0.0452,0.5465,58.6086,0.0000,58.6086,1.6379,0.0000,0.0000,791,607,72030,18.46,1190.2
4376,359.6733,67.2815,0.0850,0.0142,2.5840,0.0750,0.0284,59.8150,0.0012,1,0.0429,2.8225,0.0465,0.7720,57.8661,0.0000,57.8661,1.6346,0.0000,0.0000,791,607,72030,18.29,1190.2
4377,359.7359,62.6198,0.5089,0.0171,2.9523,0.0637,0.0232,57.5234,0.0015,1,0.0442,2.7345,0.0466,0.5773,56.7570,0.0000,56.7570,1.6397,0.0000,0.0000,791,607,72030,18.28,1190.2
4378,359.7970,61.0972,0.5948,0.0142,2.1281,0.0561,0.0211,60.4347,0.0015,1,0.0458,2.9053,0.0458,0.6083,57.0611,0.0000,57.0611,1.6469,0.0000,0.0000,791,607,72030,18.39,1190.2
4379,359.8603,63.2642,0.4957,0.0126,1.5864,0.0467,0.0185,60.9788,0.0012,1,0.0449,2.8960,0.0457,0.5705,57.2267,0.0000,57.2267,1.6641,0.0000,0.0000,791,607,72030,18.23,1190.2
4380,359.9234,63.1461,1.3808,0.0145,1.8399,0.0483,0.0197,171.7241,0.0016,1,0.0473,3.1162,0.0453,0.5567,58.1758,0.0000,58.1758,1.6320,0.0000,0.0000,791,607,72030,18.23,1190.2
4381,360.4301,100.0000,7.0126,0.0204,3.5864,0.0806,0.0290,10.7768,0.0022,1,0.0431,2.9988,0.0462,0.5132,59.5225,0.0000,59.5225,1.6392,0.0000,0.0000,791,607,72030,18.13,1190.2
4382,360.4516,21.5181,0.4982,0.0203,4.2037,0.0792,0.0360,70.9624,0.0019,1,0.0437,3.4244,0.0488,0.5756,69.9493,0.0000,69.9493,1.6160,0.0000,0.0000,791,607,72030,18.23,1190.2
4383,360.5274,75.8122,0.0334,0.0202,2.7441,0.0973,0.0293,4.1838,0.0015,1,0.0437,3.0223,0.0471,0.5638,66.0696,0.0000,66.0696,1.6170,0.0000,0.0000,791,607,72030,18.21,1190.2
4384,360.5345,7.1183,0.0278,0.0167,4.5269,0.0682,0.0259,69.8443,0.0015,1,0.0498,2.9328,0.0469,0.6571,67.5891,0.0000,67.5891,1.6105,0.0000,0.0000,791,607,72030,18.36,1190.2
4385,360.6090,74.5187,0.0904,0.0149,3.1565,0.0612,0.0204,66.8502,0.0011,1,0.0432,2.9158,0.0453,0.6614,67.4985,0.0000,67.4985,1.6093,0.0000,0.0000,791,607,72030,18.32,1190.2
4386,360.6792,70.2007,0.0234,0.0150,2.4488,0.0800,0.0212,68.5489,0.0011,1,0.0430,3.1799,0.0467,0.5368,66.3649,0.0000,66.3649,1.5997,0.0000,0.0000,791,607,72030,18.30,1190.2
4387,360.7504,71.1447,0.0810,0.0140,2.0843,0.0499,0.0194,76.0815,0.0014,1,0.0431,2.8324,0.0458,0.6166,67.0094,0.0000,67.0094,1.5884,0.0000,0.0000,791,607,72030,18.38,1190.2
4388,360.8287,78.3385,0.0303,0.0149,2.2027,0.0596,0.0224,64.8374,0.0013,1,0.0488,3.0092,0.0469,0.6758,65.6783,0.0000,65.6783,1.9175,0.0000,0.0000,791,607,72030,18.18,1190.2
4389,360.8959,67.1748,0.0340,0.0127,2.0352,0.0535,0.0201,70.4286,0.0012,1,0.0450,3.1239,0.0456,0.7045,66.4817,0.0000,66.4817,1.5833,0.0000,0.0000,791,607,72030,18.16,1190.2
4390,360.9685,72.5915,0.0286,0.0122,2.1619,0.0534,0.9780,74.0899,0.0012,1,0.0449,2.6403,0.0457,0.5491,66.0905,0.0000,66.0905,1.5754,0.0000,0.0000,791,607,72030,18.24,1190.2
4391,361.0458,77.3317,0.1163,0.0144,2.3623,0.0557,0.0208,67.2730,0.0013,1,0.0460,2.7003,0.0454,0.6319,67.3784,0.0000,67.3784,1.7200,0.0000,0.0000,791,607,72030,18.05,1190.2
4392,361.1157,69.8503,0.2391,0.0126,3.4583,0.0678,0.0249,111.7538,0.0014,1,0.0460,3.2184,0.0471,0.5897,67.6424,0.0000,67.6424,1.5675,0.0000,0.0000,791,607,72030,18.02,1190.2
4393,361.2312,100.0000,0.0194,0.0134,3.4108,0.0609,0.0234,49.9208,0.0013,1,0.0428,2.7340,0.0465,0.7293,69.0246,0.0000,69.0246,1.5820,0.0000,0.0000,791,607,72030,18.02,1190.2
4394,361.2847,53.4571,0.0238,0.0151,2.8372,0.0678,0.0241,63.9115,0.0012,1,0.0439,3.1859,0.0471,0.7504,65.7852,0.0000,65.7852,1.5652,0.0000,0.0000,791,607,72030,17.90,1190.2
4395,361.3516,66.8877,0.0457,0.0181,3.0297,0.0738,0.0284,100.0986,0.0015,1,0.0445,2.6103,0.0465,0.5193,66.5649,0.0000,66.5649,1.5579,0.0000,0.0000,791,607,72030,17.88,1190.2
4396,361.4549,100.0000,0.0344,0.0159,7.9039,0.0754,0.0291,56.8227,0.0015,1,0.0420,2.5576,0.0465,0.4929,67.3398,0.0000,67.3398,1.5738,0.0000,0.0000,791,607,72030,17.79,1190.2
4397,361.5198,64.8910,0.0287,0.0186,2.9985,0.0780,0.0295,279.0768,0.0017,1,0.0451,2.9382,0.0470,0.7563,67.0368,0.0000,67.0368,1.5563,0.0000,0.0000,791,607,72030,17.77,1190.2
4398,361.8020,100.0000,0.0885,0.0225,6.1328,0.0641,0.0245,5.8540,0.0014,1,0.0460,2.9319,0.0460,0.7545,66.2626,0.0000,66.2626,1.5487,0.0000,0.0000,791,607,72030,17.77,1190.2
4399,361.8142,12.1964,0.0231,0.0155,3.6400,0.0715,0.0314,92.9588,0.0016,1,0.0459,2.8489,0.0463,0.5735,64.2134,0.0000,64.2134,1.5418,0.0000,0.0000,791,607,72030,17.76,1190.2
4400,361.9110,96.7486,0.0247,0.0155,3.1660,0.0859,0.0462,33.4354,0.0014,1,0.0459,3.3700,0.0464,0.7887,63.2473,0.0000,63.2473,1.5471,0.0000,0.0000,791,607,72030,17.67,1190.2
4401,361.9478,36.7817,0.0224,0.0142,3.0132,0.0667,0.0254,95.5858,0.0018,1,0.0422,2.6520,0.0453,0.5610,64.2918,0.0000,64.2918,1.5392,0.0000,0.0000,791,607,72030,17.83,1190.2
4402,362.0465,98.7361,0.0248,0.0154,3.2882,0.0622,0.0237,119.3096,0.0017,1,0.0442,2.8739,0.0467,0.6378,64.2931,0.0000,64.2931,1.5542,0.0000,0.0000,791,607,72030,17.59,1190.2
4403,362.1692,100.0000,0.2342,0.0188,3.3150,0.0811,0.0273,101.4842,0.0014,1,0.0461,2.8068,0.0532,1.5429,75.5445,0.0000,75.5445,1.7051,0.0000,0.0000,791,607,72030,17.49,1190.2
4404,362.2744,100.0000,0.0324,0.0210,4.6977,0.1263,0.0291,6.1059,0.0015,1,0.0456,2.7666,0.0471,1.0002,63.3856,0.0000,63.3856,1.5330,0.0000,0.0000,791,607,72030,17.40,1190.2
4405,362.2854,11.0222,0.0267,0.0166,3.3185,0.0718,0.0262,366.5593,0.0014,1,0.0448,2.7688,0.0471,0.5919,62.1806,0.0000,62.1806,1.5347,0.0000,0.0000,791,607,72030,17.54,1190.2
4406,362.6554,100.0000,0.1249,0.0144,2.6972,0.0631,0.0241,195.0187,0.0020,1,0.0410,2.6813,0.0461,0.4895,66.4625,0.0000,66.4625,1.8263,0.0000,0.0000,791,607,72030,17.54,1190.2
4407,362.8534,100.0000,0.2402,0.0181,3.3832,0.0705,0.0271,13.6910,0.0022,1,0.0434,3.2911,0.0475,0.7373,65.4973,0.0000,65.4973,1.5276,0.0000,0.0000,791,607,72030,17.54,1190.2
4408,362.8708,17.4406,0.2367,0.0164,5.5893,0.0611,0.0235,113.2291,0.0020,1,0.0435,2.7050,0.0471,0.6393,65.4486,0.0000,65.4486,1.5316,0.0000,0.0000,791,607,72030,17.52,1190.2
4409,362.9900,100.0000,0.0250,0.0163,3.0971,0.0756,0.0288,108.0829,0.0015,1,0.0435,2.5952,0.0459,0.5832,67.0900,0.0000,67.0900,1.5268,0.0000,0.0000,791,607,72030,17.52,1190.2
4410,363.1013,100.0000,0.1847,0.0215,3.6171,0.0858,0.0316,83.1115,0.0020,1,0.0424,2.7198,0.0462,0.9339,66.1048,0.0000,66.1048,1.8823,0.0000,0.0000,791,607,72030,17.29,1190.2
4411,363.1884,87.0957,0.4841,0.0191,11.7740,0.1125,0.0315,7.8739,0.0015,1,0.0435,2.5753,0.0471,0.4979,65.1551,0.0000,65.1551,1.5248,0.0000,0.0000,791,607,72030,17.26,1190.2
4412,363.2087,20.3050,0.4472,0.0183,10.8550,0.0723,0.0269,97.4037,0.0016,1,0.0580,2.6351,0.0462,0.9235,64.7482,0.0000,64.7482,1.5268,0.0000,0.0000,791,607,72030,17.40,1190.2
4413,363.3176,100.0000,0.1165,0.0184,4.9738,0.0824,0.0312,70.0181,0.0019,1,0.0447,2.6076,0.0456,0.5534,67.2072,0.0000,67.2072,1.5338,0.0000,0.0000,791,607,72030,17.33,1190.2
4414,363.3928,75.2512,0.0313,0.0183,8.7325,0.5919,0.0352,9.5654,0.0017,1,0.0408,2.6996,0.0453,0.7029,66.8460,0.0000,66.8460,1.9721,0.0000,0.0000,791,607,72030,17.32,1190.2
4415,363.4118,18.9894,0.0253,0.0164,82.3591,0.0805,0.0308,16.2683,0.0015,1,0.0435,2.6437,0.0470,0.4915,66.5585,0.0000,66.5585,1.5188,0.0000,0.0000,791,607,72030,17.46,1190.2
4416,363.5106,98.7900,0.0271,0.0183,6.7420,0.0906,0.0293,140.2172,0.0224,1,0.0442,2.6044,0.0471,0.4874,65.4596,0.0000,65.4596,1.5122,0.0000,0.0000,791,607,72030,17.40,1190.2
4417,363.6578,100.0000,0.3744,0.2593,3.3120,0.1132,0.0466,80.3758,0.0017,1,0.0423,2.6426,0.0466,0.5325,65.7098,0.0000,65.7098,1.8720,0.0000,0.0000,791,607,72030,17.33,1190.2
4418,363.7423,84.4916,0.0316,0.0194,2.8264,0.0830,0.0321,9.7609,0.0014,1,0.0455,2.6520,0.0469,0.6432,67.0999,0.0000,67.0999,1.5059,0.0000,0.0000,791,607,72030,17.32,1190.2
4419,363.7551,12.7609,0.0209,0.0138,2.6734,0.0980,0.0251,66.9275,0.0018,1,0.0445,2.8980,0.0471,0.7083,65.1580,0.0000,65.1580,1.5140,0.0000,0.0000,791,607,72030,17.49,1190.2
4420,363.8248,69.7697,0.0294,0.0182,2.8028,0.0730,0.0260,63.1635,0.0016,1,0.0443,2.8082,0.0463,0.6316,65.0360,0.0000,65.0360,1.6483,0.0000,0.0000,791,607,72030,17.56,1190.2
4421,363.8910,66.1223,0.0264,0.0901,3.4207,0.0665,0.0238,76.8978,0.0015,1,0.0419,3.1404,0.0470,0.5059,65.9477,0.0000,65.9477,1.5093,0.0000,0.0000,791,607,72030,17.41,1190.2
4422,363.9715,80.5347,0.0259,0.0479,3.4231,0.0767,0.0271,65.4328,0.0014,1,0.0411,2.5928,0.0465,0.5349,66.5827,0.0000,66.5827,1.5013,0.0000,0.0000,791,607,72030,17.36,1190.2
4423,364.0405,69.0418,0.4984,0.0160,3.7229,0.0794,0.0291,63.6202,0.0015,1,0.0430,2.6134,0.0468,0.4888,65.4900,0.0000,65.4900,1.4980,0.0000,0.0000,791,607,72030,17.44,1190.2
4424,364.1085,67.9762,0.2225,0.0160,17.0430,0.0680,0.0249,73.0527,0.0014,1,0.0441,2.8150,0.0471,0.6390,65.9224,0.0000,65.9224,1.6984,0.0000,0.0000,791,607,72030,17.29,1190.2
4425,364.1989,90.4351,0.0267,0.0135,8.4953,0.0631,0.0252,41.6612,0.0022,1,0.0427,2.9076,0.0468,0.6758,69.0053,0.0000,69.0053,1.4950,0.0000,0.0000,791,607,72030,17.20,1190.2
4426,364.2492,50.2948,0.0317,0.0178,6.0037,0.0448,0.0174,69.3777,0.0011,1,0.0419,2.6424,0.0453,0.6019,65.8727,0.0000,65.8727,1.4930,0.0000,0.0000,791,607,72030,17.33,1190.2
4427,364.3247,75.5003,0.0195,0.0116,1.5951,0.0418,0.0163,66.3771,0.0020,1,0.0441,3.4821,0.0460,0.5834,65.9036,0.0000,65.9036,1.4949,0.0000,0.0000,791,607,72030,17.17,1190.2
4428,364.3928,68.0706,0.0283,0.0152,2.2156,0.0532,0.0191,143.7476,0.0017,1,0.0456,2.6953,0.0458,0.5796,65.9116,0.0000,65.9116,1.4957,0.0000,0.0000,791,607,72030,17.12,1190.2
4429,364.5389,100.0000,0.0271,0.0183,2.3750,0.0806,0.0288,4.0015,0.0011,1,0.0445,2.7004,0.0464,0.6077,66.3646,0.0000,66.3646,1.4964,0.0000,0.0000,791,607,72030,17.11,1190.2
4430,364.5454,6.5391,0.0401,0.0130,1.9344,0.0535,0.0202,66.1224,0.0012,1,0.0430,3.0844,0.0465,0.6787,65.3453,0.0000,65.3453,1.4932,0.0000,0.0000,791,607,72030,17.11,1190.2
4431,364.6136,68.1905,0.0203,0.0125,1.9875,0.0591,0.0214,143.6736,0.0014,1,0.0793,2.8902,0.0459,0.6324,67.6322,0.0000,67.6322,1.4907,0.0000,0.0000,791,607,72030,17.05,1190.2
4432,364.7594,100.0000,0.0323,0.0191,3.7500,0.0675,0.0250,14.0343,0.0011,1,0.0425,2.6647,0.0467,0.5571,67.9252,0.0000,67.9252,1.9219,0.0000,0.0000,791,607,72030,16.92,1190.2
4433,364.7773,17.9368,0.0231,0.0153,6.6108,0.0719,0.0275,150.1802,0.0019,1,0.0436,2.7334,0.0469,0.5322,68.3360,0.0000,68.3360,1.4865,0.0000,0.0000,791,607,72030,16.99,1190.2
4434,364.9343,100.0000,0.0342,0.0187,7.8612,0.0705,0.0269,5.9987,0.0016,1,0.0423,2.6052,0.0454,0.5462,66.9358,0.0000,66.9358,1.6437,0.0000,0.0000,791,607,72030,16.86,1190.2
4435,364.9483,14.0198,0.0261,0.0160,2.9755,0.0793,0.0274,125.2693,0.0017,1,0.0431,2.8315,0.0465,0.6001,63.8196,0.0000,63.8196,1.4870,0.0000,0.0000,791,607,72030,16.93,1190.2
4436,365.0767,100.0000,0.2091,0.0407,2.6305,0.0763,0.0255,4.4366,0.0013,1,0.0440,2.7123,0.0452,0.6891,64.1779,0.0000,64.1779,1.6879,0.0000,0.0000,791,607,72030,16.91,1190.2
4437,365.0841,7.4277,0.1222,0.0142,3.1209,0.0597,0.0229,64.2655,0.0013,1,0.0473,3.0681,0.0468,0.6330,63.2933,0.0000,63.2933,1.4869,0.0000,0.0000,791,607,72030,16.92,1190.2
4438,365.1518,67.6134,0.0268,0.0138,5.3741,0.0645,0.0243,132.1879,0.0020,1,0.0413,2.9436,0.0463,0.6267,65.5691,0.0000,65.5691,1.4743,0.0000,0.0000,791,607,72030,16.85,1190.2
4439,365.2895,100.0000,0.0278,0.0169,1.8467,0.0492,0.0208,2.8618,0.0011,1,0.0425,2.7711,0.0478,0.5441,63.0130,0.0000,63.0130,1.4813,0.0000,0.0000,791,607,72030,16.71,1190.2
4440,365.2943,4.8301,0.0214,0.0121,2.1432,0.0515,0.0188,64.0499,0.0018,1,0.0408,2.7038,0.0451,0.5244,62.8015,0.0000,62.8015,1.4802,0.0000,0.0000,791,607,72030,16.80,1190.2
4441,365.3606,66.3071,0.0302,0.0155,1.8099,0.0451,0.0172,67.2728,0.0011,1,0.0459,2.8856,0.0466,0.7044,63.6701,0.0000,63.6701,1.4741,0.0000,0.0000,791,607,72030,16.75,1190.2
4442,365.4298,69.1985,0.0267,0.0109,1.7816,0.0453,0.0167,68.4684,0.0012,1,0.0459,2.8351,0.0465,0.7708,63.6088,0.0000,63.6088,1.4764,0.0000,0.0000,791,607,72030,16.69,1190.2
4443,365.5002,70.3640,0.0201,0.0129,2.6429,0.0551,0.0202,66.4692,0.0010,1,0.0422,2.7732,0.0465,0.5890,63.0859,0.0000,63.0859,1.4782,0.0000,0.0000,791,607,72030,16.73,1190.2
4444,365.5694,69.2276,0.0289,0.0123,3.6884,0.0856,0.0259,310.5771,0.0021,1,0.0417,2.5852,0.0454,0.4955,65.0940,0.0000,65.0940,1.4723,0.0000,0.0000,791,607,72030,16.58,1190.2
4445,365.8838,100.0000,0.2638,0.0184,3.0298,0.0624,0.0218,104.7649,0.0019,1,0.0417,2.6096,0.0492,0.5150,68.6179,0.0000,68.6179,1.4802,0.0000,0.0000,791,607,72030,16.44,1190.2
4446,365.9920,100.0000,0.2177,0.0182,5.7941,0.0879,0.0242,11.1708,0.0015,1,0.0431,2.7917,0.0471,0.5757,70.5429,0.0000,70.5429,1.6859,0.0000,0.0000,791,607,72030,16.31,1190.2
4447,366.0095,17.5406,0.5755,0.0192,2.8122,0.0861,0.0267,53.8757,0.0017,1,0.0424,3.2251,0.1851,0.6489,65.7954,0.0000,65.7954,1.6297,0.0000,0.0000,791,607,72030,16.37,1190.2
4448,366.0669,57.4041,0.2108,0.0152,3.1844,0.0858,0.0279,76.4521,0.0023,1,0.0424,2.6326,0.0470,0.4997,65.2122,0.0000,65.2122,1.4706,0.0000,0.0000,791,607,72030,16.35,1190.2
4449,366.1469,79.9873,0.2537,0.0164,19.2455,0.4235,0.0408,55.8321,0.0018,1,0.0427,2.7240,0.0464,0.5607,73.0777,0.0000,73.0777,2.0741,0.0000,0.0000,791,607,72030,16.26,1190.2
4450,366.2227,75.8366,0.0199,0.0142,12.0041,0.0653,0.0268,53.6951,0.0012,1,0.0424,2.6194,0.0460,0.5181,66.5245,0.0000,66.5245,1.4711,0.0000,0.0000,791,607,72030,16.28,1190.2
4451,366.2886,65.8333,0.0229,0.0144,6.3380,0.0846,0.0278,104.0419,0.0012,1,0.0408,2.6298,0.0464,0.4939,66.1496,0.0000,66.1496,1.4626,0.0000,0.0000,791,607,72030,16.15,1190.2
4452,366.3991,100.0000,0.0333,0.0145,3.6974,0.0613,0.0244,32.2106,0.0011,1,0.0435,2.9373,0.0455,0.6340,67.6575,0.0000,67.6575,2.1782,0.0000,0.0000,791,607,72030,16.02,1190.2
4453,366.4352,36.0492,0.0188,0.0129,2.3630,0.0662,0.0248,66.7739,0.0012,1,0.0451,2.6526,0.0471,0.6711,65.2598,0.0000,65.2598,1.4643,0.0000,0.0000,791,607,72030,16.03,1190.2
4454,366.5045,69.2672,0.0237,0.0149,6.7073,0.0658,0.0245,70.1834,0.0012,1,0.0414,2.6076,0.0471,0.5697,66.3545,0.0000,66.3545,1.4669,0.0000,0.0000,791,607,72030,15.97,1190.2
4455,367.3266,100.0000,0.1364,0.0138,22.8388,0.0640,0.0242,42.2979,0.0021,1,0.0433,2.8236,0.0468,0.6162,74.9412,0.0000,74.9412,1.4618,0.0000,0.0000,791,607,72030,15.93,1190.2
4456,367.3920,65.3866,0.0292,0.0190,6.3286,0.0660,0.0244,71.1784,0.0023,1,0.0424,3.0708,0.0470,0.6164,73.5968,0.0000,73.5968,1.4704,0.0000,0.0000,791,607,72030,15.81,1190.2
4457,367.4696,77.6576,0.0313,0.0197,3.0261,0.0752,0.0287,3.4696,0.0013,1,0.0457,2.7550,0.0471,0.6083,66.8621,0.0000,66.8621,1.4591,0.0000,0.0000,791,607,72030,15.72,1190.2
4458,367.4763,6.6587,0.0217,0.0141,5.8893,0.3789,0.0275,65.0738,0.0014,1,0.0412,2.7924,0.0456,0.4912,65.7847,0.0000,65.7847,1.4638,0.0000,0.0000,791,607,72030,15.87,1190.2
4459,367.5477,71.4140,0.0212,0.0146,2.9354,0.0609,0.0289,73.6350,0.0015,1,0.0406,2.6105,0.0467,0.5710,66.5810,0.0000,66.5810,1.4702,0.0000,0.0000,791,607,72030,15.74,1190.2
4460,367.6244,76.7044,0.0330,0.0160,10.6821,0.0711,0.0262,56.4926,0.0014,1,0.0425,3.1519,0.0471,0.6814,68.4943,0.0000,68.4943,1.4578,0.0000,0.0000,791,607,72030,15.66,1190.2
4461,367.6917,67.3298,0.0258,0.0158,2.3123,0.0544,0.0220,143.5329,0.0017,1,0.0414,2.7263,0.0470,0.4982,66.5351,0.0000,66.5351,1.4558,0.0000,0.0000,791,607,72030,15.70,1190.2
4462,367.8377,100.0000,0.0316,0.0219,4.8714,0.0635,0.0248,7.6459,0.0020,1,0.0427,2.7354,0.0476,0.5591,66.3678,0.0000,66.3678,1.4681,0.0000,0.0000,791,607,72030,15.52,1190.2
4463,367.8504,12.6714,0.0219,0.0178,2.9124,0.0644,0.0264,65.1927,0.0010,1,0.0429,3.1724,0.0459,0.5179,67.6560,0.0000,67.6560,1.4540,0.0000,0.0000,791,607,72030,15.57,1190.2
4464,367.9186,68.2434,0.0205,0.0151,2.8447,0.0618,0.0221,137.8661,0.0019,1,0.0446,2.7263,0.0457,0.6425,66.5032,0.0000,66.5032,1.9072,0.0000,0.0000,791,607,72030,15.51,1190.2
4465,368.0594,100.0000,0.2200,0.0182,2.5400,0.0595,0.0233,7.1673,0.0012,1,0.0428,2.8604,0.0457,0.5924,67.1805,0.0000,67.1805,1.4520,0.0000,0.0000,791,607,72030,15.40,1190.2
4466,368.0695,10.0364,0.1213,0.0148,3.2987,0.0478,0.0190,83.4335,0.0015,1,0.0428,2.6337,0.0471,0.5079,66.3429,0.0000,66.3429,1.6050,0.0000,0.0000,791,607,72030,15.46,1190.2
4467,368.1564,86.9435,0.0223,0.0141,4.2659,0.0674,0.0260,124.4181,0.0013,1,0.0419,3.3454,0.0469,0.8249,67.5911,0.0000,67.5911,1.4611,0.0000,0.0000,791,607,72030,15.38,1190.2
4468,368.2852,100.0000,0.0348,0.0195,2.6506,0.0879,0.0295,5.0612,0.0014,1,0.0428,2.5479,0.0452,0.5482,66.6017,0.0000,66.6017,1.4561,0.0000,0.0000,791,607,72030,15.27,1190.2
4469,368.2932,7.8914,0.0240,0.0135,2.8180,0.0619,0.0224,65.7195,0.0017,1,0.0440,3.0746,0.0461,0.5739,65.8935,0.0000,65.8935,1.4486,0.0000,0.0000,791,607,72030,15.34,1190.2
4470,368.3618,68.6672,6.0316,0.0192,3.4339,0.0619,0.0249,65.1947,0.0015,1,0.0410,2.5817,0.0456,0.5535,67.7639,0.0000,67.7639,1.4587,0.0000,0.0000,791,607,72030,15.38,1190.2
4471,368.4366,74.7747,0.5823,0.0137,2.9722,0.0673,0.0232,72.0650,0.0015,1,0.0426,3.1004,0.0469,0.6902,70.1880,0.0000,70.1880,1.4551,0.0000,0.0000,791,607,72030,15.25,1190.2
4472,368.5123,75.7315,0.1336,0.0155,3.8024,0.0699,0.0263,70.7801,0.0021,1,0.0405,2.7825,0.0470,0.5011,67.4334,0.0000,67.4334,1.4613,0.0000,0.0000,791,607,72030,15.19,1190.2
4473,368.5872,74.8373,2.3253,0.0176,2.9701,0.0709,0.0257,61.6723,0.0016,1,0.0434,2.7345,0.0470,0.5202,62.4991,0.0000,62.4991,1.4518,0.0000,0.0000,791,607,72030,15.15,1190.2
4474,368.6543,67.0913,1.1878,0.0192,3.3067,0.0735,0.0331,64.5464,0.0018,1,0.0424,2.5994,0.0466,0.5076,63.9329,0.0000,63.9329,1.4743,0.0000,0.0000,791,607,72030,15.11,1190.2
4475,368.7234,69.1775,0.6292,0.0161,2.5298,0.0715,0.0244,63.4826,0.0011,1,0.0428,2.9737,0.0459,0.4948,63.4121,0.0000,63.4121,1.4509,0.0000,0.0000,791,607,72030,15.17,1190.2
4476,368.7902,66.7620,0.6538,0.0135,2.3027,0.0634,0.0233,133.7968,0.0021,1,0.0427,2.5524,0.0462,0.5809,63.6103,0.0000,63.6103,1.4487,0.0000,0.0000,791,607,72030,15.06,1190.2
4477,368.9271,100.0000,0.7011,0.0177,2.2114,0.0744,0.0273,4.3019,0.0010,1,0.0437,2.5497,0.0456,0.5610,62.9338,0.0000,62.9338,1.4480,0.0000,0.0000,791,607,72030,14.96,1190.2
4478,368.9344,7.3414,0.6362,0.0140,1.6744,0.0553,0.0204,64.3149,0.0014,1,0.0433,2.8108,0.0466,0.5751,64.0894,0.0000,64.0894,1.4495,0.0000,0.0000,791,607,72030,15.14,1190.2
4479,369.0011,66.7230,0.4226,0.0149,2.9612,0.0872,0.0206,130.9269,0.0016,1,0.0430,2.5685,0.0461,0.5140,62.6968,0.0000,62.6968,1.4527,0.0000,0.0000,791,607,72030,15.03,1190.2
4480,369.1356,100.0000,2.2924,0.0197,5.0729,0.0623,0.0218,4.5152,0.0012,1,0.0435,2.6378,0.0451,0.5919,62.2838,0.0000,62.2838,1.4500,0.0000,0.0000,791,607,72030,14.94,1190.2
4481,369.1476,11.9921,0.1475,0.0153,3.4786,0.0580,0.0226,57.8734,0.0014,1,0.0457,2.6414,0.0471,0.5990,63.3591,0.0000,63.3591,1.4509,0.0000,0.0000,791,607,72030,15.11,1190.2
4482,369.2092,61.6037,1.4961,0.0171,2.7420,0.0707,0.0263,132.7075,0.0022,1,0.0456,2.5785,0.0458,0.4998,64.4595,0.0000,64.4595,1.4416,0.0000,0.0000,791,607,72030,15.02,1190.2
4483,369.3462,100.0000,0.8308,0.0210,2.7863,0.0648,0.0223,4.3406,0.0012,1,0.0426,2.5807,0.0452,0.5064,62.7744,0.0000,62.7744,1.4506,0.0000,0.0000,791,607,72030,14.95,1190.2
4484,369.3543,8.0733,0.6608,0.0140,2.8109,0.0606,0.0258,62.8855,0.0013,1,0.0440,3.0719,0.0464,0.5693,63.8729,0.0000,63.8729,1.4460,0.0000,0.0000,791,607,72030,15.07,1190.2
4485,369.4208,66.4653,0.0699,0.0184,2.6761,0.0575,0.0223,137.6341,0.0018,1,0.0453,2.8045,0.0462,0.5738,64.7255,0.0000,64.7255,1.4601,0.0000,0.0000,791,607,72030,15.08,1190.2
4486,369.5612,100.0000,1.7770,0.0189,2.3108,0.0641,0.0240,5.4028,0.0014,1,0.0455,3.0085,0.0457,0.5091,64.5298,0.0000,64.5298,1.6050,0.0000,0.0000,791,607,72030,15.04,1190.2
